log,method,M,N,L,T,problem_id,gold,n_leaves,new_tokens,acc,pass_any,mixed,distinct_answers,truncated_frac,n_forks,mean_fork_rel_pos
smoke_b0,b0,4,2,1,2,test/precalculus/807.json,"\left( 3, \frac{\pi}{2} \right)",4,1437,1.0,1.0,0.0,1,0.0,0,
smoke_b0,b0,4,2,1,2,test/intermediate_algebra/1994.json,p - q,4,2439,1.0,1.0,0.0,1,0.0,0,
smoke_b0,b0,4,2,1,2,test/algebra/2584.json,\frac{14}{3},4,1909,1.0,1.0,0.0,1,0.0,0,
smoke_b0,b0,4,2,1,2,test/number_theory/572.json,9,4,1717,1.0,1.0,0.0,1,0.0,0,
smoke_b0,b0,4,2,1,2,test/algebra/1349.json,\text{Evelyn},4,2056,0.25,1.0,1.0,4,0.0,0,
smoke_b0,b0,4,2,1,2,test/prealgebra/1622.json,42,4,1148,1.0,1.0,0.0,1,0.0,0,
smoke_b0,b0,4,2,1,2,test/number_theory/515.json,27,4,1550,1.0,1.0,0.0,1,0.0,0,
smoke_b0,b0,4,2,1,2,test/precalculus/927.json,90^\circ,4,2958,1.0,1.0,0.0,1,0.0,0,
smoke_b0,b0,4,2,1,2,test/algebra/2036.json,3\sqrt{13},4,1644,1.0,1.0,0.0,1,0.0,0,
smoke_b0,b0,4,2,1,2,test/prealgebra/1139.json,4,4,3399,0.0,0.0,0.0,2,0.0,0,
smoke_b0,b0,4,2,1,2,test/number_theory/1032.json,2220,4,1488,1.0,1.0,0.0,1,0.0,0,
smoke_b0,b0,4,2,1,2,test/intermediate_algebra/1197.json,\frac{3}{56},4,3557,0.0,0.0,0.0,4,0.0,0,
smoke_b0,b0,4,2,1,2,test/number_theory/737.json,284,4,2339,1.0,1.0,0.0,1,0.0,0,
smoke_b0,b0,4,2,1,2,test/geometry/248.json,5,4,1019,1.0,1.0,0.0,1,0.0,0,
smoke_b0,b0,4,2,1,2,test/precalculus/1303.json,\sqrt{51},4,1293,0.0,0.0,0.0,2,0.0,0,
smoke_b0,b0,4,2,1,2,test/precalculus/990.json,6 - 5i,4,3035,0.75,1.0,1.0,2,0.0,0,
smoke_b0,b0,4,2,1,2,test/intermediate_algebra/134.json,-50,4,1026,1.0,1.0,0.0,1,0.0,0,
smoke_b0,b0,4,2,1,2,test/precalculus/1199.json,\pi,4,2326,0.25,1.0,1.0,4,0.0,0,
smoke_b0,b0,4,2,1,2,test/geometry/434.json,28,4,1905,0.0,0.0,0.0,2,0.0,0,
smoke_b0,b0,4,2,1,2,test/intermediate_algebra/1000.json,3,4,2558,1.0,1.0,0.0,1,0.0,0,
smoke_b2,b2,2,1,1,1,test/precalculus/807.json,"\left( 3, \frac{\pi}{2} \right)",4,1070,1.0,1.0,0.0,1,0.0,2,0.5353535353535354
smoke_b2,b2,2,1,1,1,test/intermediate_algebra/1994.json,p - q,4,2243,1.0,1.0,0.0,1,0.0,2,0.16347248576850096
smoke_b2,b2,2,1,1,1,test/algebra/2584.json,\frac{14}{3},4,1247,1.0,1.0,0.0,1,0.0,2,0.6279826887086712
smoke_b2,b2,2,1,1,1,test/number_theory/572.json,9,4,1228,1.0,1.0,0.0,1,0.0,2,0.7420725687418747
smoke_b2,b2,2,1,1,1,test/algebra/1349.json,\text{Evelyn},4,4386,0.25,1.0,1.0,3,0.25,2,0.5945393144985813
smoke_b2,b2,2,1,1,1,test/prealgebra/1622.json,42,4,980,1.0,1.0,0.0,1,0.0,2,0.09068859011627907
smoke_b2,b2,2,1,1,1,test/number_theory/515.json,27,4,917,1.0,1.0,0.0,1,0.0,2,0.6566380261144911
smoke_b2,b2,2,1,1,1,test/precalculus/927.json,90^\circ,4,1837,1.0,1.0,0.0,1,0.0,2,0.3321169448514958
smoke_b2,b2,2,1,1,1,test/algebra/2036.json,3\sqrt{13},4,1098,1.0,1.0,0.0,1,0.0,2,0.6016513991268876
smoke_b2,b2,2,1,1,1,test/prealgebra/1139.json,4,4,2767,0.0,0.0,0.0,3,0.0,2,0.09078070876632027
smoke_b2,b2,2,1,1,1,test/number_theory/1032.json,2220,4,1043,1.0,1.0,0.0,1,0.0,2,0.4762487512487512
smoke_b2,b2,2,1,1,1,test/intermediate_algebra/1197.json,\frac{3}{56},4,2432,0.0,0.0,0.0,3,0.0,2,0.6178023267181543
smoke_b2,b2,2,1,1,1,test/number_theory/737.json,284,4,1935,1.0,1.0,0.0,1,0.0,2,0.28052615407767845
smoke_b2,b2,2,1,1,1,test/geometry/248.json,5,4,681,1.0,1.0,0.0,1,0.0,2,0.6695369847543761
smoke_b2,b2,2,1,1,1,test/precalculus/1303.json,\sqrt{51},4,754,0.0,0.0,0.0,1,0.0,2,0.5526115023474178
smoke_b2,b2,2,1,1,1,test/precalculus/990.json,6 - 5i,4,2942,0.25,1.0,1.0,2,0.0,2,0.22797480899973974
smoke_b2,b2,2,1,1,1,test/intermediate_algebra/134.json,-50,4,825,1.0,1.0,0.0,1,0.0,2,0.6468596946125036
smoke_b2,b2,2,1,1,1,test/precalculus/1199.json,\pi,4,1910,0.0,0.0,0.0,4,0.0,2,0.49643686655405406
smoke_b2,b2,2,1,1,1,test/geometry/434.json,28,4,1921,0.5,1.0,1.0,3,0.0,2,0.22826476536699009
smoke_b2,b2,2,1,1,1,test/intermediate_algebra/1000.json,3,4,1773,1.0,1.0,0.0,1,0.0,2,0.5452177982648604
task2/b0_64,b0,64,2,1,2,omni-3155,n=2^k-1 \text{ for some integer } k\geq 1,64,57344,0.0,0.0,0.0,8,0.015625,0,
task2/b0_64,b0,64,2,1,2,omni-3904,"f(x) = C, \quad f(x) = \pm x + C, \quad \text{or} \quad f(x) = \pm x^3 + C",64,70062,0.0,0.0,0.0,13,0.0,0,
task2/b0_64,b0,64,2,1,2,omni-2052,-\frac{1}{2},64,35886,0.96875,1.0,1.0,3,0.0,0,
task2/b0_64,b0,64,2,1,2,omni-824,2005^{1002} / 2004!,64,53135,0.15625,1.0,1.0,16,0.0,0,
task2/b0_64,b0,64,2,1,2,omni-2133,2017,64,29121,0.875,1.0,1.0,6,0.0,0,
task2/b0_64,b0,64,2,1,2,omni-1998,\frac{5}{12},64,53961,0.0,0.0,0.0,16,0.015625,0,
task2/b0_64,b0,64,2,1,2,omni-747,477,64,29251,0.0,0.0,0.0,12,0.0,0,
task2/b0_64,b0,64,2,1,2,omni-1022,1/2,64,71272,0.046875,1.0,1.0,22,0.015625,0,
task2/b0_64,b0,64,2,1,2,omni-2597,13,64,82478,0.03125,1.0,1.0,17,0.0,0,
task2/b0_64,b0,64,2,1,2,omni-3903,"2, 128, 2000",64,69813,0.0,0.0,0.0,9,0.0,0,
task2/b0_64,b0,64,2,1,2,omni-4297,\text{Yes},64,47775,0.28125,1.0,1.0,3,0.0,0,
task2/b0_64,b0,64,2,1,2,omni-4035,\text{Further combinatorial analysis required},64,50021,0.0,0.0,0.0,36,0.015625,0,
task2/b0_64,b0,64,2,1,2,omni-1990,1481480,64,81466,0.0,0.0,0.0,36,0.0,0,
task2/b0_64,b0,64,2,1,2,omni-3490,8n,64,21085,1.0,1.0,0.0,1,0.0,0,
task2/b0_64,b0,64,2,1,2,omni-1019,\frac{11}{4},64,81532,0.0,0.0,0.0,26,0.0,0,
task2/b0_64,b0,64,2,1,2,omni-177,"\[ n = 2^{a+1} + 2^b, \quad a, b \ge 0 \]

Alternatively, this condition can be expressed as either \( n = 2^k, \, k \ge 2 \) or \( n \) is the sum of two distinct powers of 2.",64,43704,0.0,0.0,0.0,19,0.0,0,
task2/b0_64,b0,64,2,1,2,omni-3486,131,64,34768,0.984375,1.0,1.0,2,0.0,0,
task2/b0_64,b0,64,2,1,2,omni-3572,"(0, 0, 0)",64,54995,0.890625,1.0,1.0,8,0.0,0,
task2/b0_64,b0,64,2,1,2,omni-2937,15,64,28033,0.90625,1.0,1.0,4,0.0,0,
task2/b0_64,b0,64,2,1,2,omni-4337,1,64,48955,1.0,1.0,0.0,1,0.0,0,
task2/b0_64,b0,64,2,1,2,omni-4166,\text{yes},64,39656,0.8125,1.0,1.0,3,0.0,0,
task2/b0_64,b0,64,2,1,2,omni-647,4,64,41813,0.90625,1.0,1.0,5,0.0,0,
task2/b0_64,b0,64,2,1,2,omni-2358,10,64,72215,0.0,0.0,0.0,19,0.0,0,
task2/b0_64,b0,64,2,1,2,omni-1575,516,64,30427,0.0,0.0,0.0,18,0.0,0,
task2/b0_64,b0,64,2,1,2,omni-3295,\[ k \neq 1 \],64,43431,0.0625,1.0,1.0,25,0.015625,0,
task2/b0_64,b0,64,2,1,2,omni-3656,"(a, b, p, n) = (2^k, 2^k, 2, 2013k + 1)",64,50034,0.125,1.0,1.0,38,0.0,0,
task2/b0_64,b0,64,2,1,2,omni-3824,(-1)^n 2^{n-1} d^n (2a + nd),64,52847,0.0,0.0,0.0,35,0.0,0,
task2/b0_64,b0,64,2,1,2,omni-3420,Tuesday,64,25523,0.734375,1.0,1.0,7,0.0,0,
task2/b0_64,b0,64,2,1,2,omni-974,1-\ln (e-1),64,45728,0.0,0.0,0.0,9,0.0,0,
task2/b0_64,b0,64,2,1,2,omni-666,\pi / 2,64,49169,0.90625,1.0,1.0,4,0.0,0,
task2/b0_64,b0,64,2,1,2,omni-2843,24,64,83691,0.0,0.0,0.0,21,0.0,0,
task2/b0_64,b0,64,2,1,2,omni-2127,\frac{8}{17},64,50670,0.0,0.0,0.0,17,0.0,0,
task2/b0_64,b0,64,2,1,2,omni-4406,"{x=m\pi-\frac{\pi}{4}\ ,\ m\in Z}",64,70601,0.0,0.0,0.0,29,0.0,0,
task2/b0_64,b0,64,2,1,2,omni-2731,15,64,39185,0.296875,1.0,1.0,5,0.0,0,
task2/b0_64,b0,64,2,1,2,omni-1342,2013^{4025},64,44344,0.0,0.0,0.0,17,0.0,0,
task2/b0_64,b0,64,2,1,2,omni-3916,\lceil \log_a d \rceil,64,46777,0.0,0.0,0.0,6,0.0,0,
task2/b0_64,b0,64,2,1,2,omni-3302,The game is winnable if and only if \( n > k \ge 2 \).,64,33418,0.0,0.0,0.0,22,0.0,0,
task2/b0_64,b0,64,2,1,2,omni-2761,15,64,32539,0.390625,1.0,1.0,19,0.0,0,
task2/b0_64,b0,64,2,1,2,omni-2744,24,64,61647,0.0,0.0,0.0,7,0.0,0,
task2/b0_64,b0,64,2,1,2,omni-3152,24,64,15287,1.0,1.0,0.0,1,0.0,0,
task2/b0_64,b0,64,2,1,2,omni-1779,5994,64,74779,0.0,0.0,0.0,58,0.0,0,
task2/b0_64,b0,64,2,1,2,omni-2936,2.2,64,28692,0.0,0.0,0.0,10,0.0,0,
task2/b0_64,b0,64,2,1,2,omni-1768,6,64,25919,0.0,0.0,0.0,3,0.0,0,
task2/b0_64,b0,64,2,1,2,omni-3996,121,64,53130,0.0,0.0,0.0,28,0.0,0,
task2/b0_64,b0,64,2,1,2,omni-4084,2^{n+1} - 2,64,42470,0.0,0.0,0.0,23,0.0,0,
task2/b0_64,b0,64,2,1,2,omni-2104,974,64,48054,0.03125,1.0,1.0,50,0.0,0,
task2/b0_64,b0,64,2,1,2,omni-332,Cathy can win if and only if \( n \leq 2^{k-1} \).,64,33207,0.0,0.0,0.0,12,0.0,0,
task2/b0_64,b0,64,2,1,2,omni-4136,"(x,y) = (11,1), (49,1), (7t^2,7t), t \text{ is an interge}",64,86856,0.0,0.0,0.0,19,0.0,0,
task2/b0_64,b0,64,2,1,2,omni-3492,60 \mathrm{~g},64,15822,0.953125,1.0,1.0,2,0.0,0,
task2/b0_64,b0,64,2,1,2,omni-1,1,64,33370,0.640625,1.0,1.0,2,0.015625,0,
task2/b0_64,b0,64,2,1,2,omni-3342,39601,64,69028,0.0,0.0,0.0,22,0.0,0,
task2/b0_64,b0,64,2,1,2,omni-454,132,64,23236,0.96875,1.0,1.0,3,0.0,0,
task2/b0_64,b0,64,2,1,2,omni-2889,26,64,28787,0.953125,1.0,1.0,3,0.0,0,
task2/b0_64,b0,64,2,1,2,omni-165,\[ 1 \],64,53141,0.515625,1.0,1.0,6,0.0,0,
task2/b0_64,b0,64,2,1,2,omni-4016,"110,143,242,341,440,164,263,362,461,560,198,297,396,495,594,693,792,891,990",64,119580,0.0,0.0,0.0,45,0.0,0,
task2/b0_64,b0,64,2,1,2,omni-2406,60,64,50777,0.03125,1.0,1.0,8,0.0,0,
task2/b0_64,b0,64,2,1,2,omni-2920,64,64,18431,0.890625,1.0,1.0,4,0.0,0,
task2/b0_64,b0,64,2,1,2,omni-1881,1516,64,73963,0.0,0.0,0.0,37,0.0,0,
task2/b0_64,b0,64,2,1,2,omni-3489,113,64,37865,0.0,0.0,0.0,10,0.0,0,
task2/b0_64,b0,64,2,1,2,omni-3659,501,64,34514,0.0625,1.0,1.0,3,0.0,0,
task2/b0_64,b0,64,2,1,2,omni-2887,32,64,25729,0.96875,1.0,1.0,2,0.0,0,
task2/b0_64,b0,64,2,1,2,omni-81,\frac{97 \sqrt{2} + 40 \sqrt{3}}{15},64,55673,0.0,0.0,0.0,29,0.0,0,
task2/b0_64,b0,64,2,1,2,omni-1009,4,64,24242,0.0,0.0,0.0,11,0.0,0,
task2/b0_64,b0,64,2,1,2,omni-3445,2004,64,40359,0.515625,1.0,1.0,8,0.0,0,
task2/b0_64,b0,64,2,1,2,omni-2933,42,64,28052,1.0,1.0,0.0,1,0.0,0,
task2/b0_64,b0,64,2,1,2,omni-4362,\text{No},64,50385,0.921875,1.0,1.0,2,0.0,0,
task2/b0_64,b0,64,2,1,2,omni-2898,16,64,16661,1.0,1.0,0.0,2,0.0,0,
task2/b0_64,b0,64,2,1,2,omni-510,\frac{13}{30},64,42805,0.0,0.0,0.0,16,0.0,0,
task2/b0_64,b0,64,2,1,2,omni-2664,4180,64,31898,0.953125,1.0,1.0,3,0.0,0,
task2/b0_64,b0,64,2,1,2,omni-659,6,64,50212,0.46875,1.0,1.0,7,0.0,0,
task2/b0_64,b0,64,2,1,2,omni-2725,15,64,25539,1.0,1.0,0.0,1,0.0,0,
task2/b0_64,b0,64,2,1,2,omni-1983,\frac{4}{\sqrt{5}} \text{ OR } \frac{4 \sqrt{5}}{5},64,58679,0.0,0.0,0.0,4,0.0,0,
task2/b0_64,b0,64,2,1,2,omni-565,52,64,40863,0.015625,1.0,1.0,10,0.03125,0,
task2/b0_64,b0,64,2,1,2,omni-2257,\frac{\sqrt{6}}{2},64,68047,0.0,0.0,0.0,6,0.0,0,
task2/b0_64,b0,64,2,1,2,omni-2927,4.309,64,18621,1.0,1.0,0.0,1,0.0,0,
task2/b0_64,b0,64,2,1,2,omni-132,\text{There are infinitely many positive integers } n \text{ such that } d(n!) - 1 \text{ is a composite number.},64,50494,0.734375,1.0,1.0,8,0.0,0,
task2/b0_64,b0,64,2,1,2,omni-509,96,64,28954,0.0,0.0,0.0,7,0.0,0,
task2/b0_64,b0,64,2,1,2,omni-1544,\frac{1}{2},64,61372,0.71875,1.0,1.0,14,0.0,0,
task2/b0_64,b0,64,2,1,2,omni-1594,"n=6, 66, 946",64,72942,0.0,0.0,0.0,16,0.015625,0,
task2/b0_64,b0,64,2,1,2,omni-831,\frac{41}{512},64,60962,0.0,0.0,0.0,13,0.0,0,
task2/b0_64,b0,64,2,1,2,omni-1477,4018,64,59174,0.109375,1.0,1.0,41,0.03125,0,
task2/b0_64,b0,64,2,1,2,omni-3852,{\frac{n(n+1)(2n+1)}{6}},64,35037,0.0,0.0,0.0,10,0.0,0,
task2/b0_64,b0,64,2,1,2,omni-2053,71.8,64,32280,0.0,0.0,0.0,16,0.0,0,
task2/b0_64,b0,64,2,1,2,omni-2551,72^{\circ},64,19139,0.890625,1.0,1.0,3,0.0,0,
task2/b0_64,b0,64,2,1,2,omni-2751,8,64,41965,0.90625,1.0,1.0,3,0.0,0,
task2/b0_64,b0,64,2,1,2,omni-2942,113,64,25441,0.0,0.0,0.0,7,0.0,0,
task2/b0_64,b0,64,2,1,2,omni-2739,8,64,22246,1.0,1.0,0.0,1,0.0,0,
task2/b0_64,b0,64,2,1,2,omni-3426,a^{2}<a<rac{1}{a},64,27585,0.0,0.0,0.0,25,0.0,0,
task2/b0_64,b0,64,2,1,2,omni-4321,\text{Yes},64,21135,0.0,0.0,0.0,1,0.0,0,
task2/b0_64,b0,64,2,1,2,omni-408,15,64,42837,0.0,0.0,0.0,10,0.0,0,
task2/b0_64,b0,64,2,1,2,omni-27,"(2, 6), (2^k - 1, 2), (1, n) \text{ for any } n \ge 1",64,43943,0.28125,1.0,1.0,32,0.0,0,
task2/b0_64,b0,64,2,1,2,omni-1626,21,64,81105,0.1875,1.0,1.0,19,0.0,0,
task2/b0_64,b0,64,2,1,2,omni-178,"\[
\boxed{\frac{\pi}{4}}
\]",64,42027,0.0,0.0,0.0,4,0.0,0,
task2/b0_64,b0,64,2,1,2,omni-942,673,64,54340,0.109375,1.0,1.0,22,0.0,0,
task2/b0_64,b0,64,2,1,2,omni-2578,33725,64,48637,0.0,0.0,0.0,22,0.0,0,
task2/b0_64,b0,64,2,1,2,omni-1460,\frac{25}{49},64,57593,0.0,0.0,0.0,9,0.0,0,
task2/b0_64,b0,64,2,1,2,omni-2764,\frac{89}{243},64,49741,0.0,0.0,0.0,24,0.015625,0,
task2/b0_64,b0,64,2,1,2,omni-1224,61,64,52178,0.015625,1.0,1.0,32,0.0,0,
task2/b0_64,b0,64,2,1,2,omni-1963,\frac{1}{1006},64,53419,0.578125,1.0,1.0,6,0.015625,0,
task2/b0_64,b0,64,2,1,2,omni-2691,232,64,20300,1.0,1.0,0.0,1,0.0,0,
task2/b0_64,b0,64,2,1,2,omni-2815,-36,64,50228,0.96875,1.0,1.0,3,0.0,0,
task2/b0_64,b0,64,2,1,2,omni-1275,\frac{1}{1-x},64,34414,0.890625,1.0,1.0,4,0.0,0,
task2/b0_64,b0,64,2,1,2,omni-64,\text{No such } n \text{ exists},64,54215,0.0,0.0,0.0,27,0.0,0,
task2/b0_64,b0,64,2,1,2,omni-3465,39\%,64,55461,0.0,0.0,0.0,12,0.046875,0,
task2/b0_64,b0,64,2,1,2,omni-226,\frac{1}{x^2},64,64014,0.625,1.0,1.0,13,0.0,0,
task2/b0_64,b0,64,2,1,2,omni-857,80,64,56226,0.0,0.0,0.0,12,0.0,0,
task2/b0_64,b0,64,2,1,2,omni-1215,120,64,25141,0.984375,1.0,1.0,2,0.0,0,
task2/b0_64,b0,64,2,1,2,omni-1654,10201,64,40933,0.328125,1.0,1.0,13,0.03125,0,
task2/b0_64,b0,64,2,1,2,omni-1277,43,64,41850,0.0,0.0,0.0,12,0.0,0,
task2/b0_64,b0,64,2,1,2,omni-2461,51,64,49005,0.046875,1.0,1.0,10,0.0,0,
task2/b0_64,b0,64,2,1,2,omni-3131,18\%,64,28150,1.0,1.0,0.0,2,0.0,0,
task2/b0_64,b0,64,2,1,2,omni-1688,2^{2009},64,36276,0.71875,1.0,1.0,6,0.0,0,
task2/b0_64,b0,64,2,1,2,omni-1490,139,64,96812,0.015625,1.0,1.0,20,0.046875,0,
task2/b0_64,b0,64,2,1,2,omni-3147,\frac{19}{35},64,35924,0.0,0.0,0.0,12,0.0,0,
task2/b0_64,b0,64,2,1,2,omni-294,"The real roots of the equation \(x^4-(2\cdot10^{10}+1)x^2-x+10^{20}+10^{10}-1=0\) correct to four decimal places are approximately:
\[ x_1 \approx 10^5 - \frac{1 - \sqrt{1 + 4(10^5 + 1)}}{2 \cdot 2 \cdot 10^5} \]
\[ x_2 \approx 10^5 + \frac{1 + \sqrt{1 + 4(10^5 + 1)}}{2 \cdot 2 \cdot 10^5} \]

Given the approximations:
\[ x_1 \approx 99999.5000 \]
\[ x_2 \approx 100000.5000 \]",64,62543,0.0,0.0,0.0,32,0.0,0,
task2/b0_64,b0,64,2,1,2,omni-3368,60,64,47857,0.0,0.0,0.0,15,0.0,0,
task2/b0_64,b0,64,2,1,2,omni-265,"\[
|S| \ge 8
\]",64,52685,0.0,0.0,0.0,11,0.0,0,
task2/b0_64,b0,64,2,1,2,omni-909,56,64,30181,0.578125,1.0,1.0,9,0.0,0,
task2/b0_64,b0,64,2,1,2,omni-995,p=2 \text{ and } p \equiv 3(\bmod 4),64,63254,0.0,0.0,0.0,12,0.0,0,
task2/b0_64,b0,64,2,1,2,omni-617,\frac{\ln 7}{4},64,96365,0.0625,1.0,1.0,40,0.0,0,
task2/b0_64,b0,64,2,1,2,omni-765,1024,64,23201,0.0,0.0,0.0,5,0.015625,0,
task2/b0_64,b0,64,2,1,2,omni-3457,7x+4,64,37487,0.0,0.0,0.0,4,0.0,0,
task2/b0_64,b0,64,2,1,2,omni-3531,"\frac{5}{2}, 3, \sqrt{10}",64,21232,0.984375,1.0,1.0,2,0.0,0,
task2/b0_64,b0,64,2,1,2,omni-576,e^{e}-1,64,51346,0.0,0.0,0.0,10,0.0,0,
task2/b0_64,b0,64,2,1,2,omni-1888,\frac{2}{9},64,42180,0.0,0.0,0.0,5,0.015625,0,
task2/b0_64,b0,64,2,1,2,omni-58,\text{Every sufficiently large number appears in the sequence},64,44756,0.0,0.0,0.0,11,0.0,0,
task2/b0_64,b0,64,2,1,2,omni-331,There are no polynomials of degree 1 with rational coefficients that satisfy the given conditions.,64,30572,0.0,0.0,0.0,18,0.0,0,
task2/b0_64,b0,64,2,1,2,omni-1789,76,64,56908,0.859375,1.0,1.0,4,0.0,0,
task2/b0_64,b0,64,2,1,2,omni-1203,30212,64,26810,0.0,0.0,0.0,18,0.0,0,
task2/b0_64,b0,64,2,1,2,omni-3556,946,64,67059,0.0,0.0,0.0,25,0.0625,0,
task2/b0_64,b0,64,2,1,2,omni-115,45^\circ,64,60197,0.828125,1.0,1.0,2,0.0,0,
task2/b0_64,b0,64,2,1,2,omni-515,\frac{11}{65},64,75202,0.0,0.0,0.0,11,0.0,0,
task2/b0_64,b0,64,2,1,2,omni-2621,540,64,46643,0.390625,1.0,1.0,16,0.015625,0,
task2/b0_64,b0,64,2,1,2,omni-4426,"\text{Kolya wins if Dima starts, and Dima wins if Kolya starts.}",64,39795,0.0,0.0,0.0,10,0.0,0,
task2/b0_64,b0,64,2,1,2,omni-2378,\frac{80\sqrt{3}}{9},64,26184,0.875,1.0,1.0,8,0.0,0,
task2/b0_64,b0,64,2,1,2,omni-735,4 \cdot 3^{2011},64,43810,0.171875,1.0,1.0,23,0.0,0,
task2/b0_64,b0,64,2,1,2,omni-4274,\text{Alice},64,40997,0.5625,1.0,1.0,2,0.015625,0,
task2/b0_64,b0,64,2,1,2,omni-674,50,64,27818,0.0,0.0,0.0,6,0.0,0,
task2/b0_64,b0,64,2,1,2,omni-2220,65,64,41354,0.0,0.0,0.0,23,0.0,0,
task2/b0_64,b0,64,2,1,2,omni-1198,93,64,45982,0.0,0.0,0.0,15,0.0,0,
task2/b0_64,b0,64,2,1,2,omni-980,17,64,32952,0.015625,1.0,1.0,15,0.0,0,
task2/b0_64,b0,64,2,1,2,omni-1515,34,64,67529,0.0,0.0,0.0,10,0.0,0,
task2/b0_64,b0,64,2,1,2,omni-2129,252,64,57377,0.015625,1.0,1.0,18,0.0,0,
task2/b0_64,b0,64,2,1,2,omni-4125,(n-2)2^n + 1,64,43773,0.0,0.0,0.0,11,0.0,0,
task2/b0_64,b0,64,2,1,2,omni-1387,-9+3\sqrt{13},64,59903,0.0,0.0,0.0,8,0.0,0,
task2/b0_64,b0,64,2,1,2,omni-960,90,64,42181,0.03125,1.0,1.0,13,0.0,0,
task2/b0_64,b0,64,2,1,2,omni-2925,600,64,31900,0.0,0.0,0.0,5,0.0,0,
task2/b0_64,b0,64,2,1,2,omni-374,\[ MA \cdot NA + MB \cdot NB + MC \cdot NC \geq MD \cdot ND \],64,72518,0.421875,1.0,1.0,29,0.03125,0,
task2/b0_64,b0,64,2,1,2,omni-1084,2 \sqrt[4]{6},64,46344,0.0,0.0,0.0,10,0.0,0,
task2/b0_64,b0,64,2,1,2,omni-1311,45,64,48044,0.0,0.0,0.0,5,0.0,0,
task2/b0_64,b0,64,2,1,2,omni-383,6,64,15728,0.0,0.0,0.0,1,0.0,0,
task2/b0_64,b0,64,2,1,2,omni-3991,$\frac{13}{4}$,64,48211,0.0,0.0,0.0,2,0.0,0,
task2/b0_64,b0,64,2,1,2,omni-3400,160,64,24748,0.984375,1.0,1.0,2,0.0,0,
task2/b0_64,b0,64,2,1,2,omni-1749,47,64,81444,0.03125,1.0,1.0,22,0.0,0,
task2/b0_64,b0,64,2,1,2,omni-2477,\binom{34}{9},64,36308,0.125,1.0,1.0,20,0.0,0,
task2/b0_64,b0,64,2,1,2,omni-2250,\frac{3}{10},64,39098,0.0,0.0,0.0,28,0.0,0,
task2/b0_64,b0,64,2,1,2,omni-1265,\frac{\binom{4030}{2016}}{2^{4030}},64,51789,0.203125,1.0,1.0,25,0.0,0,
task2/b0_64,b0,64,2,1,2,omni-3005,19,64,37338,0.984375,1.0,1.0,2,0.0,0,
task2/b0_64,b0,64,2,1,2,omni-1702,n=3,64,48014,0.828125,1.0,1.0,8,0.0,0,
task2/b0_64,b0,64,2,1,2,omni-3008,7,64,18765,0.0,0.0,0.0,10,0.0,0,
task2/b0_64,b0,64,2,1,2,omni-2371,18.5285921,64,24426,0.0,0.0,0.0,20,0.0,0,
task2/b0_64,b0,64,2,1,2,omni-395,"6,-\frac{10}{3}",64,69939,0.53125,1.0,1.0,6,0.0,0,
task2/b0_64,b0,64,2,1,2,omni-2451,109368,64,38196,0.0,0.0,0.0,62,0.0,0,
task2/b0_64,b0,64,2,1,2,omni-1018,"1, 2, 3, 4",64,58494,0.125,1.0,1.0,11,0.0,0,
task2/b0_64,b0,64,2,1,2,omni-1364,\frac{7}{2},64,40293,0.390625,1.0,1.0,5,0.0,0,
task2/b0_64,b0,64,2,1,2,omni-803,1,64,24672,0.984375,1.0,1.0,2,0.0,0,
task2/b0_64,b0,64,2,1,2,omni-685,\begin{tabular}{ll} 00000000 & 00110101 \ 11001010 & 10011110 \ 11100001 & 01101011 \ 11010100 & 01100110 \ 10111001 & 10010011 \ 01111100 & 11001101 \ 00111010 & 10101100 \ 01010111 & 11110010 \ 00001111 & 01011001 \ 10100111 & 11111111 \ \end{tabular},64,39095,0.0,0.0,0.0,6,0.0,0,
task2/b0_64,b0,64,2,1,2,omni-4307,"(m, n) = (36, 6)",64,69238,0.015625,1.0,1.0,19,0.03125,0,
task2/b0_64,b0,64,2,1,2,omni-1621,89,64,54132,0.0,0.0,0.0,27,0.0,0,
task2/b0_64,b0,64,2,1,2,omni-3325,2015.318180 \ldots,64,61634,0.0,0.0,0.0,21,0.0,0,
task2/b0_64,b0,64,2,1,2,omni-79,18,64,44572,0.0,0.0,0.0,8,0.0,0,
task2/b0_64,b0,64,2,1,2,omni-3104,120,64,21139,1.0,1.0,0.0,1,0.0,0,
task2/b0_64,b0,64,2,1,2,omni-125,"\left( \frac{1}{n+1}, \frac{1}{n+1}, \ldots, \frac{1}{n+1} \right)",64,52314,0.03125,1.0,1.0,12,0.0,0,
task2/b0_64,b0,64,2,1,2,omni-4340,\text{No},64,31467,0.015625,1.0,1.0,2,0.0,0,
task2/b0_64,b0,64,2,1,2,omni-2372,\frac{45}{14},64,59387,0.0,0.0,0.0,35,0.0,0,
task2/b0_64,b0,64,2,1,2,omni-4152,1,64,40984,0.0,0.0,0.0,7,0.0,0,
task2/b0_64,b0,64,2,1,2,omni-3143,"f(x) = cx^d, c,d > 0, c=1 \text{ if } d=1",64,62192,0.0,0.0,0.0,26,0.0,0,
task2/b0_64,b0,64,2,1,2,omni-3943,3^{100},64,30920,0.0625,1.0,1.0,7,0.015625,0,
task2/b0_64,b0,64,2,1,2,omni-288,The area of triangle $OO_1O_2$ is minimized if $CX \perp AB$.,64,37381,0.0,0.0,0.0,14,0.0,0,
task2/b0_64,b0,64,2,1,2,omni-1087,1+\sqrt{2}+\sqrt{6},64,45828,0.0,0.0,0.0,12,0.0,0,
task2/b0_64,b0,64,2,1,2,omni-492,3,64,44897,0.015625,1.0,1.0,17,0.0,0,
task2/b0_64,b0,64,2,1,2,omni-1549,318,64,64933,0.015625,1.0,1.0,40,0.0,0,
task2/b0_64,b0,64,2,1,2,omni-365,11,64,32087,0.0,0.0,0.0,4,0.0,0,
task2/b0_64,b0,64,2,1,2,omni-4290,"(a, b, c) = (10, 10, 1), (10, 1, 10), (1, 10, 10)",64,108664,0.125,1.0,1.0,18,0.0,0,
task2/b0_64,b0,64,2,1,2,omni-688,"(1,1), (3,3)",64,50939,1.0,1.0,0.0,2,0.0,0,
task2/b0_64,b0,64,2,1,2,omni-3416,40 \text{ minutes},64,36234,0.0,0.0,0.0,16,0.0,0,
task2/b0_64,b0,64,2,1,2,omni-994,\frac{1999008}{1999012},64,37255,0.0,0.0,0.0,34,0.0,0,
task2/b0_64,b0,64,2,1,2,omni-2996,rac{3}{8},64,22804,0.0,0.0,0.0,2,0.0,0,
task2/b0_64,b0,64,2,1,2,omni-2402,6,64,39276,0.0,0.0,0.0,22,0.0,0,
task2/b0_64,b0,64,2,1,2,omni-2121,13,64,69054,0.875,1.0,1.0,6,0.0,0,
task2/b0_64,b0,64,2,1,2,omni-4134,k = \left\lfloor \sqrt{n - 1}\right\rfloor,64,43276,0.0,0.0,0.0,11,0.0,0,
task2/b0_64,b0,64,2,1,2,omni-2540,3633,64,38299,0.0,0.0,0.0,15,0.0,0,
task2/b0_64,b0,64,2,1,2,omni-2590,5,64,46510,0.0,0.0,0.0,5,0.0,0,
task2/b0_64,b0,64,2,1,2,omni-764,60^{\circ},64,18174,0.0,0.0,0.0,3,0.0,0,
task2/b0_64,b0,64,2,1,2,omni-1565,"(2,2),(3,3),(1,2),(2,3),(2,1),(3,2)",64,65297,0.0,0.0,0.0,23,0.0,0,
task2/b0_64,b0,64,2,1,2,omni-4161,\text{All odd integers } n \geq 3.,64,48929,0.234375,1.0,1.0,23,0.0,0,
task2/b0_64,b0,64,2,1,2,omni-1664,n^{2}+c^{2}-nc-c,64,52577,0.0,0.0,0.0,23,0.0625,0,
task2/b0_64,b0,64,2,1,2,omni-1506,14034,64,42447,0.0,0.0,0.0,47,0.0,0,
task2/b0_64,b0,64,2,1,2,omni-1066,2^{32},64,55904,0.03125,1.0,1.0,25,0.0,0,
task2/b0_64,b0,64,2,1,2,omni-1929,28,64,67007,0.140625,1.0,1.0,25,0.0,0,
task2/b0_64,b0,64,2,1,2,omni-2656,109,64,56463,0.0,0.0,0.0,21,0.0,0,
task2/b0_64,b0,64,2,1,2,omni-959,\frac{1}{8},64,34961,0.609375,1.0,1.0,11,0.0,0,
task2/b0_64,b0,64,2,1,2,omni-1792,7521,64,46704,0.0,0.0,0.0,41,0.0,0,
task2/b0_64,b0,64,2,1,2,omni-3204,\frac{480}{49},64,60579,0.0,0.0,0.0,16,0.0,0,
task2/b0_64,b0,64,2,1,2,omni-1014,31486,64,77155,0.0,0.0,0.0,61,0.0,0,
task2/b0_64,b0,64,2,1,2,omni-573,\frac{5}{6},64,46780,0.0625,1.0,1.0,7,0.015625,0,
task2/b0_64,b0,64,2,1,2,omni-3826,120^\circ,64,48582,0.015625,1.0,1.0,6,0.0,0,
task2/b0_64,b0,64,2,1,2,omni-1666,8,64,29451,0.0625,1.0,1.0,6,0.0,0,
task2/b0_64,b0,64,2,1,2,omni-3623,150,64,58222,0.59375,1.0,1.0,7,0.0,0,
task2/b0_64,b0,64,2,1,2,omni-3183,No,64,52184,0.578125,1.0,1.0,2,0.0,0,
task2/b0_64,b0,64,2,1,2,omni-2300,"(p, q, r)=\left(\frac{2}{5}, \frac{3}{10}, \frac{3}{10}\right)",64,56481,0.0,0.0,0.0,4,0.015625,0,
task2/b0_64,b0,64,2,1,2,omni-2541,6,64,46427,0.21875,1.0,1.0,8,0.0,0,
task2/b0_64,b0,64,2,1,2,omni-1961,2 \sqrt{30},64,46449,0.0,0.0,0.0,9,0.0,0,
task2/b0_64,b0,64,2,1,2,omni-1357,209,64,41766,0.03125,1.0,1.0,28,0.0,0,
task2/b0_64,b0,64,2,1,2,omni-0,1 + \left\lceil \frac{n}{2} \right\rceil,64,49496,0.0,0.0,0.0,10,0.0,0,
task2/b0_64,b0,64,2,1,2,omni-1540,1/2,64,62799,0.65625,1.0,1.0,3,0.0,0,
task2/b0_64,b0,64,2,1,2,omni-117,n \text{ must be odd},64,39406,0.125,1.0,1.0,23,0.0,0,
task2/b0_64,b0,64,2,1,2,omni-2293,168089,64,67328,0.0,0.0,0.0,36,0.015625,0,
task2/b0_64,b0,64,2,1,2,omni-3710,\text{No},64,54610,0.953125,1.0,1.0,2,0.0,0,
task2/b0_64,b0,64,2,1,2,omni-2280,9,64,49603,0.890625,1.0,1.0,6,0.0,0,
task2/b0_64,b0,64,2,1,2,omni-344,"\[
\frac{63}{64}
\]",64,33946,0.0,0.0,0.0,5,0.0,0,
task2/b0_64,b0,64,2,1,2,omni-3076,44,64,25086,0.984375,1.0,1.0,1,0.0,0,
task2/b0_64,b0,64,2,1,2,omni-767,\binom{109}{10},64,52854,0.0,0.0,0.0,40,0.0,0,
task2/b0_64,b0,64,2,1,2,omni-2956,2,64,21136,0.03125,1.0,1.0,14,0.0,0,
task2/b0_64,b0,64,2,1,2,omni-2522,1205,64,40736,0.0,0.0,0.0,54,0.0,0,
task2/b0_64,b0,64,2,1,2,omni-3397,y=-x+4,64,42257,0.0,0.0,0.0,20,0.0,0,
task2/b0_64,b0,64,2,1,2,omni-3924,C \ge 2 \ln 2,64,50163,0.0,0.0,0.0,13,0.0,0,
task2/b0_64,b0,64,2,1,2,omni-712,123+6\sqrt{119},64,63743,0.0,0.0,0.0,12,0.015625,0,
task2/b0_64,b0,64,2,1,2,omni-3226,27,64,26452,1.0,1.0,0.0,1,0.0,0,
task2/b0_64,b0,64,2,1,2,omni-3017,1,64,18717,1.0,1.0,0.0,1,0.0,0,
task2/b0_64,b0,64,2,1,2,omni-3699,100902018,64,64529,0.0,0.0,0.0,28,0.0,0,
task2/b0_64,b0,64,2,1,2,omni-3755,"{6,7,7.5,8,8.5,9,10}",64,59096,0.0,0.0,0.0,25,0.0,0,
task2/b0_64,b0,64,2,1,2,omni-3467,3,64,35617,0.109375,1.0,1.0,9,0.0,0,
task2/b0_64,b0,64,2,1,2,omni-2787,6,64,22610,1.0,1.0,0.0,1,0.0,0,
task2/b0_64,b0,64,2,1,2,omni-2411,\frac{20}{3},64,45833,0.0,0.0,0.0,8,0.0,0,
task2/b0_64,b0,64,2,1,2,omni-2708,7,64,21350,1.0,1.0,0.0,1,0.0,0,
task2/b0_64,b0,64,2,1,2,omni-4115,"$f(x)= 0,f(x)= 2-x, f(x)=-x$",64,64353,0.03125,1.0,1.0,12,0.0,0,
task2/b0_64,b0,64,2,1,2,omni-4386,\text{yes},64,38604,0.328125,1.0,1.0,2,0.0,0,
task2/b0_64,b0,64,2,1,2,omni-2084,12,64,71118,0.046875,1.0,1.0,20,0.015625,0,
task2/b0_64,b0,64,2,1,2,omni-1341,581,64,90447,0.0,0.0,0.0,33,0.015625,0,
task2/b0_64,b0,64,2,1,2,omni-3423,37.5\%,64,28805,0.1875,1.0,1.0,2,0.0,0,
task2/b0_64,b0,64,2,1,2,omni-3819,"f(x) = \begin{cases}
\frac{2}{2 - x}, & 0 \leq x < 2, \\
0, & x \geq 2.
\end{cases}",64,60402,0.765625,1.0,1.0,28,0.0,0,
task2/b0_64,b0,64,2,1,2,omni-2653,932,64,69069,0.0,0.0,0.0,20,0.0,0,
task2/b0_64,b0,64,2,1,2,omni-3827,f(x) = 0 \text{ and } f(x) = x - 1.,64,54832,0.0,0.0,0.0,5,0.0,0,
task2/b0_64,b0,64,2,1,2,omni-312,"The largest integer \( n \) such that there exist monic quadratic polynomials \( p_{1}(x), p_{2}(x), p_{3}(x) \) with integer coefficients so that for all integers \( i \in[1, n] \) there exists some \( j \in[1,3] \) and \( m \in \mathbb{Z} \) such that \( p_{j}(m)=i \) is \( \boxed{9} \).",64,60846,0.4375,1.0,1.0,8,0.0,0,
task2/b0_64,b0,64,2,1,2,omni-327,\[ 1979 \],64,39212,0.046875,1.0,1.0,13,0.015625,0,
task2/b0_64,b0,64,2,1,2,omni-3441,10^{3} \text{ and } 10^{4},64,17758,0.84375,1.0,1.0,2,0.0,0,
task2/b0_64,b0,64,2,1,2,omni-3404,\frac{5}{12},64,27492,0.46875,1.0,1.0,9,0.0,0,
task2/b0_64,b0,64,2,1,2,omni-246,\[\frac{(m+n)!}{(m-n)!} = \prod_{i=1}^{n}\left(m^{2}+m-i^{2}+i\right)\],64,61025,1.0,1.0,0.0,2,0.0,0,
task2/b0_64,b0,64,2,1,2,omni-2943,3,64,28399,1.0,1.0,0.0,1,0.0,0,
task2/b0_64,b0,64,2,1,2,omni-577,"(16,4,1),(1,16,4)",64,88783,0.0,0.0,0.0,36,0.046875,0,
task2/b0_64,b0,64,2,1,2,omni-3023,9,64,36296,1.0,1.0,0.0,1,0.0,0,
task2/b0_64,b0,64,2,1,2,omni-4188,$\text { We conclude that } I\star (M\star O) = (O\star I)\star M \text { if } \triangle IMO \text{ is positively oriented and is isosceles with } OI = OM \text { and } \angle IOM=\frac{2\pi}{3}.$,64,51624,0.0,0.0,0.0,16,0.015625,0,
task2/b0_64,b0,64,2,1,2,omni-1140,20,64,29786,0.375,1.0,1.0,14,0.0,0,
task2/b0_64,b0,64,2,1,2,omni-809,96,64,62610,0.265625,1.0,1.0,35,0.0,0,
task2/b0_64,b0,64,2,1,2,omni-1675,21,64,69671,0.1875,1.0,1.0,19,0.0,0,
task2/b0_64,b0,64,2,1,2,omni-3267,"(j,k) = (2019, 1010)",64,40709,0.0,0.0,0.0,17,0.0,0,
task2/b0_64,b0,64,2,1,2,omni-1816,35,64,31699,0.0,0.0,0.0,18,0.0,0,
task2/b0_64,b0,64,2,1,2,omni-4008,-\frac{1}{8},64,52135,0.796875,1.0,1.0,6,0.0,0,
task2/b0_64,b0,64,2,1,2,omni-2356,1006,64,40916,0.40625,1.0,1.0,6,0.0,0,
task2/b0_64,b0,64,2,1,2,omni-1551,-18910,64,47406,0.0,0.0,0.0,23,0.0,0,
task2/b0_64,b0,64,2,1,2,omni-1225,"r = 4, s = 5",64,52269,0.796875,1.0,1.0,10,0.0,0,
task2/b0_64,b0,64,2,1,2,omni-1762,\log _{2} 2015-1,64,47291,0.765625,1.0,1.0,16,0.0,0,
task2/b0_64,b0,64,2,1,2,omni-944,5,64,45151,0.0,0.0,0.0,4,0.0,0,
task2/b0_64,b0,64,2,1,2,omni-1806,1,64,23763,0.640625,1.0,1.0,6,0.0,0,
task2/b0_64,b0,64,2,1,2,omni-370,14,64,29328,0.9375,1.0,1.0,3,0.0,0,
task2/b0_64,b0,64,2,1,2,omni-749,\frac{2}{3},64,35425,0.0,0.0,0.0,13,0.0,0,
task2/b0_64,b0,64,2,1,2,omni-3925,"$(p,n)=(p,p),(2,4)$",64,57033,0.0,0.0,0.0,22,0.0,0,
task2/b0_64,b0,64,2,1,2,omni-1809,\frac{1+\sqrt{5}}{2},64,35402,0.90625,1.0,1.0,4,0.0,0,
task2/b0_64,b0,64,2,1,2,omni-322,The only possible value for the center is \( 18 \).,64,61600,0.015625,1.0,1.0,15,0.015625,0,
task2/b0_64,b0,64,2,1,2,omni-475,144,64,35276,0.0,0.0,0.0,7,0.0,0,
task2/b0_64,b0,64,2,1,2,omni-1432,\frac{1005}{1006},64,68886,0.03125,1.0,1.0,8,0.0,0,
task2/b0_64,b0,64,2,1,2,omni-2055,27,64,35592,0.015625,1.0,1.0,8,0.0,0,
task2/b0_64,b0,64,2,1,2,omni-1104,283,64,83316,0.0,0.0,0.0,9,0.0,0,
task2/b0_64,b0,64,2,1,2,omni-3178,"The coordinates of $R(x,y)$ are $(x+n,y)$.",64,51766,0.03125,1.0,1.0,9,0.0,0,
task2/b0_64,b0,64,2,1,2,omni-1827,"Two continuous arcs from the circle with diameter 4,4",64,31801,0.0,0.0,0.0,14,0.0,0,
task2/b0_64,b0,64,2,1,2,omni-3648,f(x) = \frac{1}{x},64,60629,0.265625,1.0,1.0,8,0.0,0,
task2/b0_64,b0,64,2,1,2,omni-318,\[ 36 \],64,44857,0.0,0.0,0.0,8,0.015625,0,
task2/b0_64,b0,64,2,1,2,omni-683,\frac{216 \pi^{3}-2187 \sqrt{3}}{8 \pi^{2}},64,53636,0.0,0.0,0.0,24,0.0,0,
task2/b0_64,b0,64,2,1,2,omni-19,69,64,47118,0.0,0.0,0.0,4,0.0,0,
task2/b0_64,b0,64,2,1,2,omni-1492,"(0,0) \text{ and } (1,1)",64,52616,0.765625,1.0,1.0,9,0.0,0,
task2/b0_64,b0,64,2,1,2,omni-948,\frac{224}{243},64,39590,0.0,0.0,0.0,46,0.015625,0,
task2/b0_64,b0,64,2,1,2,omni-152,A positive integral solution exists.,64,48621,0.0,0.0,0.0,3,0.0,0,
task2/b0_64,b0,64,2,1,2,omni-4050,f(x) = c \log(x) \text{ or } f(x) = cx^k.,64,52382,0.0,0.0,0.0,43,0.0,0,
task2/b0_64,b0,64,2,1,2,omni-72,\lceil \frac{n}{t} \rceil,64,33482,0.421875,1.0,1.0,6,0.0,0,
task2/b0_64,b0,64,2,1,2,omni-2770,80,64,30388,0.203125,1.0,1.0,6,0.0,0,
task2/b0_64,b0,64,2,1,2,omni-3234,\frac{1}{3},64,69869,0.21875,1.0,1.0,8,0.0,0,
task2/b0_64,b0,64,2,1,2,omni-1471,30,64,20657,1.0,1.0,0.0,1,0.0,0,
task2/b0_64,b0,64,2,1,2,omni-890,240,64,60502,0.25,1.0,1.0,21,0.0,0,
task2/b0_64,b0,64,2,1,2,omni-4077,$\boxed{2^{19} \cdot 3^{10} \cdot 5^{4} \cdot 3^{3} \cdot 11\cdot 13\cdot 17\cdot 19}$,64,60272,0.0,0.0,0.0,36,0.0,0,
task2/b0_64,b0,64,2,1,2,omni-539,12,64,39400,0.046875,1.0,1.0,13,0.0,0,
task2/b0_64,b0,64,2,1,2,omni-4251,"{x \in \mathbb{Z} \cup \bigcup_{n = 1} ^{\infty} (n, \sqrt{(n-1)^2 + 1} + 1)}",64,73198,0.078125,1.0,1.0,36,0.0,0,
task2/b0_64,b0,64,2,1,2,omni-1803,f(x) = \lfloor x \rfloor,64,65585,0.015625,1.0,1.0,12,0.0,0,
task2/b0_64,b0,64,2,1,2,omni-1652,\frac{19}{18},64,47243,0.125,1.0,1.0,22,0.0,0,
task2/b0_64,b0,64,2,1,2,omni-3096,236,64,30435,0.984375,1.0,1.0,2,0.0,0,
task2/b0_64,b0,64,2,1,2,omni-4269,"\tan(\sin x) > \sin(\tan x) \text{ for } x \in \left(0, \frac{\pi}{2}\right)",64,49132,0.0,0.0,0.0,7,0.0,0,
task2/b0_64,b0,64,2,1,2,omni-2607,7174,64,53934,0.0,0.0,0.0,48,0.0,0,
task2/b0_64,b0,64,2,1,2,omni-3853,3,64,44839,0.125,1.0,1.0,7,0.0,0,
task2/b0_64,b0,64,2,1,2,omni-1316,2003,64,36784,1.0,1.0,0.0,1,0.0,0,
task2/b0_64,b0,64,2,1,2,omni-275,The function \( f(x) = kx \) for any real value of \( k \).,64,51253,0.0,0.0,0.0,6,0.0,0,
task2/b0_64,b0,64,2,1,2,omni-3422,4^{7},64,27398,1.0,1.0,0.0,1,0.0,0,
task2/b0_64,b0,64,2,1,2,omni-537,33^{\circ},64,37464,0.0,0.0,0.0,8,0.0,0,
task2/b0_64,b0,64,2,1,2,omni-1043,20,64,98946,0.015625,1.0,1.0,18,0.0,0,
task2/b0_64,b0,64,2,1,2,omni-1154,\frac{4}{9},64,51926,0.0,0.0,0.0,3,0.0,0,
task2/b0_64,b0,64,2,1,2,omni-3167,2\sqrt{2} - 1,64,57087,0.078125,1.0,1.0,14,0.0,0,
task2/b0_64,b0,64,2,1,2,omni-862,403,64,38599,0.03125,1.0,1.0,21,0.0,0,
task2/b0_64,b0,64,2,1,2,omni-2767,44,64,38888,0.0,0.0,0.0,22,0.0,0,
task2/b0_64,b0,64,2,1,2,omni-3211,\frac{\pi \log(2)}{8},64,63113,0.0,0.0,0.0,10,0.0,0,
task2/b0_64,b0,64,2,1,2,omni-3982,4,64,63969,0.75,1.0,1.0,7,0.015625,0,
task2/b0_64,b0,64,2,1,2,omni-4154,"(p, x, y) \in \{(3, 2, 5), (3, 5, 2)\} \cup \{(2, n, 2^k - n) \mid 0 < n < 2^k\}",64,63102,0.03125,1.0,1.0,31,0.0,0,
task2/b0_64,b0,64,2,1,2,omni-812,433755,64,29388,0.0,0.0,0.0,8,0.0,0,
task2/b0_64,b0,64,2,1,2,omni-4068,\lambda \ge \frac{1}{n-1},64,38534,0.0,0.0,0.0,8,0.0,0,
task2/b0_64,b0,64,2,1,2,omni-240,The composite positive integers \( n \) for which it is possible to arrange all divisors of \( n \) that are greater than 1 in a circle so that no two adjacent divisors are relatively prime are those \( n \) that are not of the form \( pq \) where \( p \) and \( q \) are distinct primes.,64,48964,0.0,0.0,0.0,34,0.0,0,
task2/b0_64,b0,64,2,1,2,omni-1173,Yes,64,59681,0.015625,1.0,1.0,2,0.0,0,
task2/b0_64,b0,64,2,1,2,omni-3980,m \text{ is a prime number},64,58864,0.03125,1.0,1.0,20,0.0,0,
task2/b0_64,b0,64,2,1,2,omni-2308,210,64,41762,0.0,0.0,0.0,24,0.0,0,
task2/b0_64,b0,64,2,1,2,omni-604,\frac{16}{3},64,63117,0.015625,1.0,1.0,22,0.0,0,
task2/b0_64,b0,64,2,1,2,omni-3907,\frac{1}{4},64,61651,0.0625,1.0,1.0,7,0.0,0,
task2/b0_64,b0,64,2,1,2,omni-9,561,64,24976,0.0,0.0,0.0,12,0.0,0,
task2/b0_64,b0,64,2,1,2,omni-1954,32,64,44942,0.046875,1.0,1.0,10,0.0,0,
task2/b0_64,b0,64,2,1,2,omni-893,1024,64,23948,1.0,1.0,0.0,1,0.0,0,
task2/b0_64,b0,64,2,1,2,omni-3645,19,64,55882,0.875,1.0,1.0,4,0.0,0,
task2/b0_64,b0,64,2,1,2,omni-1529,\frac{79}{20},64,35376,0.0,0.0,0.0,11,0.0,0,
task2/b0_64,b0,64,2,1,2,omni-316,\[ f(x) = x + 1 \],64,62352,0.40625,1.0,1.0,13,0.015625,0,
task2/b0_64,b0,64,2,1,2,omni-3435,7,64,31817,0.921875,1.0,1.0,3,0.0,0,
task2/b0_64,b0,64,2,1,2,omni-3984,3 \text{ and } 4,64,69454,0.15625,1.0,1.0,11,0.0,0,
task2/b0_64,b0,64,2,1,2,omni-3047,28,64,38025,0.640625,1.0,1.0,8,0.03125,0,
task2/b0_64,b0,64,2,1,2,omni-4376,\text{Yes},64,62848,0.421875,1.0,1.0,4,0.0,0,
task2/b0_64,b0,64,2,1,2,omni-3032,3,64,21911,1.0,1.0,0.0,1,0.0,0,
task2/b0_64,b0,64,2,1,2,omni-1725,16,64,42520,0.0,0.0,0.0,42,0.0,0,
task2/b0_64,b0,64,2,1,2,omni-589,There is no such function \( f: S \rightarrow S \).,64,50397,0.0,0.0,0.0,3,0.0,0,
task2/b0_64,b0,64,2,1,2,omni-826,\frac{\sqrt{30}}{2},64,46096,0.015625,1.0,1.0,17,0.0,0,
task2/b0_64,b0,64,2,1,2,omni-1296,2002,64,46381,0.6875,1.0,1.0,15,0.0,0,
task2/b0_64,b0,64,2,1,2,omni-108,41,64,76265,0.015625,1.0,1.0,10,0.0,0,
task2/b0_64,b0,64,2,1,2,omni-1256,41,64,51950,0.453125,1.0,1.0,13,0.0,0,
task2/b0_64,b0,64,2,1,2,omni-1967,6,64,30987,0.0,0.0,0.0,3,0.0,0,
task2/b0_64,b0,64,2,1,2,omni-3394,4,64,16070,1.0,1.0,0.0,1,0.0,0,
task2/b0_64,b0,64,2,1,2,omni-3671,\frac{1}{2^{1007}},64,42843,0.140625,1.0,1.0,11,0.0,0,
task2/b0_64,b0,64,2,1,2,omni-523,(2i-1)/4,64,42815,0.0,0.0,0.0,12,0.0,0,
task2/b0_64,b0,64,2,1,2,omni-4051,f(x) = 2x \text{ and } f(x) = 0,64,67722,0.3125,1.0,1.0,11,0.0,0,
task2/b0_64,b0,64,2,1,2,omni-1069,2048,64,22114,0.0,0.0,0.0,3,0.0,0,
task2/b0_64,b0,64,2,1,2,omni-4328,"f(x) = \begin{cases}
-(1-x)^c + 1 &\text{ if $x < 1$} \\
1 &\text{ if $x = 1$} \\
k(x-1)^c + 1 &\text{ if $x > 1$}
\end{cases}, \text{ for some real constants }c \geq 0, k > 0",64,63441,0.3125,1.0,1.0,59,0.0,0,
task2/b0_64,b0,64,2,1,2,omni-820,54^{\circ},64,33385,0.34375,1.0,1.0,5,0.0,0,
task2/b0_64,b0,64,2,1,2,omni-2101,1019088,64,31456,0.0,0.0,0.0,22,0.0,0,
task2/b0_64,b0,64,2,1,2,omni-346,\[ A = -7 \],64,70875,0.015625,1.0,1.0,30,0.0,0,
task2/b0_64,b0,64,2,1,2,omni-3757,\frac{2}{5} \cdot 9^n - \frac{2}{5} \cdot (-1)^n,64,24335,0.0,0.0,0.0,7,0.0,0,
task2/b0_64,b0,64,2,1,2,omni-1134,23/144,64,44201,0.0,0.0,0.0,35,0.0,0,
task2/b0_64,b0,64,2,1,2,omni-292,"There does not exist a strictly increasing eight-term arithmetic progression \(a_{1}, \ldots, a_{8}\) of odd positive integers such that \(r(a_{1}), \ldots, r(a_{8})\) is an arithmetic progression in that order.",64,52893,0.0,0.0,0.0,2,0.0,0,
task2/b0_64,b0,64,2,1,2,omni-1062,45,64,78976,0.03125,1.0,1.0,35,0.0,0,
task2/b0_64,b0,64,2,1,2,omni-4284,\text{Yes},64,44527,0.640625,1.0,1.0,2,0.0,0,
task2/b0_64,b0,64,2,1,2,omni-814,1,64,44362,0.9375,1.0,1.0,5,0.0,0,
task2/b0_64,b0,64,2,1,2,omni-3494,15,64,37435,0.34375,1.0,1.0,6,0.03125,0,
task2/b0_64,b0,64,2,1,2,omni-693,29,64,56932,0.0,0.0,0.0,17,0.0,0,
task2/b0_64,b0,64,2,1,2,omni-2374,2^{2013}-6036,64,62463,0.703125,1.0,1.0,15,0.0,0,
task2/b0_64,b0,64,2,1,2,omni-2137,12345,64,54754,0.0,0.0,0.0,49,0.0,0,
task2/b0_64,b0,64,2,1,2,omni-4072,$\text{第二个玩家有获胜策略，当且仅当} \displaystyle n \leq \varphi k \text{和}  \displaystyle k \leq \varphi n \text{而且}  \displaystyle \varphi=\frac{\sqrt{5}+1}{2}$,64,33612,0.0,0.0,0.0,17,0.0,0,
task2/b0_64,b0,64,2,1,2,omni-2962,8 \text{ p.m. on Saturday},64,14297,0.96875,1.0,1.0,3,0.0,0,
task2/b0_64,b0,64,2,1,2,omni-4058,\text{No},64,60411,0.8125,1.0,1.0,2,0.0,0,
task2/b0_64,b0,64,2,1,2,omni-2636,2530,64,22902,0.0,0.0,0.0,3,0.0,0,
task2/b0_64,b0,64,2,1,2,omni-543,48,64,29915,0.09375,1.0,1.0,13,0.0,0,
task2/b0_64,b0,64,2,1,2,omni-1219,\frac{19}{28},64,44400,0.0,0.0,0.0,37,0.0,0,
task2/b0_64,b0,64,2,1,2,omni-742,2402,64,62601,0.765625,1.0,1.0,8,0.046875,0,
task2/b0_64,b0,64,2,1,2,omni-3950,2^n - 1,64,38122,0.015625,1.0,1.0,8,0.0,0,
task2/b0_64,b0,64,2,1,2,omni-4042,f(x) = c \text{ for any } c > 0.,64,64031,0.03125,1.0,1.0,48,0.0,0,
task2/b0_64,b0,64,2,1,2,omni-1957,60\left(1-\left(\frac{1}{10}\right)^{\frac{1}{9}}\right),64,58494,0.0,0.0,0.0,10,0.0,0,
task2/b0_64,b0,64,2,1,2,omni-4029,"\text{For } n = 3, \text{ it is not possible. For } n = 2, \text{ it is possible.}",64,38593,0.0,0.0,0.0,9,0.0,0,
task2/b0_64,b0,64,2,1,2,omni-3759,2,64,47319,0.8125,1.0,1.0,5,0.0,0,
task2/b0_64,b0,64,2,1,2,omni-2839,9,64,59696,0.0,0.0,0.0,7,0.0,0,
task2/b0_64,b0,64,2,1,2,omni-2427,199 \pi,64,19964,1.0,1.0,0.0,1,0.0,0,
task2/b0_64,b0,64,2,1,2,omni-3641,f(n) = 1 \text{ for all } n \in \mathbb{N} \text{ or } f(n) = n^2 \text{ for all } n \in \mathbb{N}.,64,52878,0.0625,1.0,1.0,15,0.0,0,
task2/b0_64,b0,64,2,1,2,omni-2092,\frac{189}{2},64,39342,0.0,0.0,0.0,8,0.0,0,
task2/b0_64,b0,64,2,1,2,omni-2501,20,64,77620,0.203125,1.0,1.0,23,0.046875,0,
task2/b0_64,b0,64,2,1,2,omni-3401,62\%,64,10156,1.0,1.0,0.0,1,0.0,0,
task2/b0_64,b0,64,2,1,2,omni-2658,648,64,56566,0.0,0.0,0.0,40,0.03125,0,
task2/b0_64,b0,64,2,1,2,omni-2829,8,64,12270,0.984375,1.0,1.0,2,0.0,0,
task2/b0_64,b0,64,2,1,2,omni-1703,105,64,34414,1.0,1.0,0.0,1,0.0,0,
task2/b0_64,b0,64,2,1,2,omni-3317,23097,64,59077,0.0,0.0,0.0,27,0.0,0,
task2/b0_64,b0,64,2,1,2,omni-1144,1/5,64,70423,0.140625,1.0,1.0,34,0.0,0,
task2/b0_64,b0,64,2,1,2,omni-2704,9 \mathrm{~km} / \mathrm{h},64,34487,1.0,1.0,0.0,1,0.0,0,
task2/b0_64,b0,64,2,1,2,omni-3626,2k - 1,64,29848,0.0,0.0,0.0,12,0.0,0,
task2/b0_64,b0,64,2,1,2,omni-4043,"(a, a+1)",64,72530,0.0,0.0,0.0,31,0.0,0,
task2/b0_64,b0,64,2,1,2,omni-1167,\frac{A B^{2}}{A C^{2}},64,35686,0.15625,1.0,1.0,23,0.015625,0,
task2/b0_64,b0,64,2,1,2,omni-2469,\sqrt[4]{2},64,25948,1.0,1.0,0.0,2,0.0,0,
task2/b0_64,b0,64,2,1,2,omni-750,89,64,37030,1.0,1.0,0.0,1,0.0,0,
task2/b0_64,b0,64,2,1,2,omni-270,"The minimal total penalty a player can amass is:
\[ \min(BW, 2WR, 3RB) \]

The number of optimal strategies is:
- If \( BW \neq 2WR \neq 3RB \), there is \( 1 \) optimal strategy.
- If \( BW = 2WR < 3RB \), there are \( W+1 \) strategies.
- If \( 2WR = 3RB < BW \), there are \( R+1 \) strategies.
- If \( 3RB = BW < 2WR \), there are \( B+1 \) strategies.
- If \( BW = 2WR = 3RB \), there are \( R+B+W \) strategies.",64,42357,0.015625,1.0,1.0,48,0.015625,0,
task2/b0_64,b0,64,2,1,2,omni-657,1545,64,60822,0.0,0.0,0.0,42,0.0,0,
task2/b0_64,b0,64,2,1,2,omni-2254,"(30,92) \text{ OR } (92,30)",64,77102,0.0,0.0,0.0,29,0.046875,0,
task2/b0_64,b0,64,2,1,2,omni-2746,1: 2,64,29562,1.0,1.0,0.0,1,0.0,0,
task2/b0_64,b0,64,2,1,2,omni-1396,f(n)=\left\{\begin{array}{cl} 0 & \text { if } n \text { is even } \\ \frac{1}{2 n} & \text { if } n \text { is odd } \end{array}\right.,64,56026,0.0,0.0,0.0,6,0.0,0,
task2/b0_64,b0,64,2,1,2,omni-606,1+\sqrt{\frac{7}{15}},64,57008,0.0,0.0,0.0,12,0.0,0,
task2/b0_64,b0,64,2,1,2,omni-950,\binom{100}{50} 2^{98},64,32616,0.0,0.0,0.0,30,0.015625,0,
task2/b0_64,b0,64,2,1,2,omni-500,28,64,41729,0.0,0.0,0.0,13,0.03125,0,
task2/b0_64,b0,64,2,1,2,omni-2466,3680,64,52141,0.875,1.0,1.0,8,0.0,0,
task2/b0_64,b0,64,2,1,2,omni-1633,323,64,26400,0.0,0.0,0.0,14,0.0,0,
task2/b0_64,b0,64,2,1,2,omni-1326,714,64,32791,0.0,0.0,0.0,4,0.0,0,
task2/b0_64,b0,64,2,1,2,omni-3863,59,64,34945,0.0,0.0,0.0,13,0.0,0,
task2/b0_64,b0,64,2,1,2,omni-101,7,64,21784,0.0,0.0,0.0,1,0.0,0,
task2/b0_64,b0,64,2,1,2,omni-3947,(2n-1)!!,64,33489,0.0,0.0,0.0,9,0.0,0,
task2/b0_64,b0,64,2,1,2,omni-661,3 \sqrt{3} / 2,64,28661,0.0,0.0,0.0,9,0.0,0,
task2/b0_64,b0,64,2,1,2,omni-3101,33,64,37849,0.25,1.0,1.0,14,0.0,0,
task2/b0_64,b0,64,2,1,2,omni-2123,\frac{21}{2},64,62165,0.15625,1.0,1.0,14,0.0,0,
task2/b0_64,b0,64,2,1,2,omni-2670,19,64,16353,1.0,1.0,0.0,1,0.0,0,
task2/b0_64,b0,64,2,1,2,omni-120,199,64,101142,0.0,0.0,0.0,9,0.0,0,
task2/b0_64,b0,64,2,1,2,omni-801,\frac{116}{35},64,43821,0.0,0.0,0.0,16,0.0,0,
task2/b0_64,b0,64,2,1,2,omni-3896,"2, 3, 4, 6, 8, 12, 24",64,56097,0.0,0.0,0.0,20,0.0,0,
task2/b0_64,b0,64,2,1,2,omni-1092,192,64,39396,0.0,0.0,0.0,9,0.0,0,
task2/b0_64,b0,64,2,1,2,omni-333,77,64,81532,0.015625,1.0,1.0,42,0.046875,0,
task2/b0_64,b0,64,2,1,2,omni-3567,y = -\frac{1}{4},64,59897,0.0,0.0,0.0,21,0.0,0,
task2/b0_64,b0,64,2,1,2,omni-1237,20,64,48543,0.984375,1.0,1.0,2,0.0,0,
task2/b0_64,b0,64,2,1,2,omni-337,\[ x = 4 \],64,48806,0.96875,1.0,1.0,3,0.0,0,
task2/b0_64,b0,64,2,1,2,omni-2403,\frac{5}{7},64,39056,0.0,0.0,0.0,11,0.0,0,
task2/b0_64,b0,64,2,1,2,omni-580,7,64,67883,0.40625,1.0,1.0,10,0.0,0,
task2/b0_64,b0,64,2,1,2,omni-3941,"(2,2)(3,3)(1,2)(2,1)(2,3)(3,2)",64,66870,0.0,0.0,0.0,25,0.0,0,
task2/b0_64,b0,64,2,1,2,omni-309,"The simple modules of \( A \) are the 1-dimensional modules \( S_i \) for \( 1 \leq i \leq n \), where \( E_{ii} \) acts by 1 and \( E_{ij}, E_{jj} \) act by 0 for \( j \neq i \).",64,48863,0.0,0.0,0.0,35,0.015625,0,
task2/b0_64,b0,64,2,1,2,omni-1622,Even,64,62195,0.296875,1.0,1.0,4,0.0,0,
task2/b0_64,b0,64,2,1,2,omni-3674,"(2, 3) \text{ and } (6, 15)",64,61748,0.0,0.0,0.0,28,0.0,0,
task2/b0_64,b0,64,2,1,2,omni-3532,The sum diverges.,64,60495,0.0,0.0,0.0,4,0.0,0,
task2/b0_64,b0,64,2,1,2,omni-3260,160,64,15950,1.0,1.0,0.0,1,0.0,0,
task2/b0_64,b0,64,2,1,2,omni-1239,-6,64,55913,0.703125,1.0,1.0,13,0.015625,0,
task2/b0_64,b0,64,2,1,2,omni-2641,7,64,34671,0.984375,1.0,1.0,2,0.0,0,
task2/b0_64,b0,64,2,1,2,omni-290,\[ 4 \cdot 2007 - 3 = 8025 \],64,35104,0.0,0.0,0.0,18,0.015625,0,
task2/b0_64,b0,64,2,1,2,omni-4231,$1\text{ for } n=1\text{ and } n^4-n^3\text{ for }n \ge 2$,64,35436,0.0,0.0,0.0,13,0.015625,0,
task2/b0_64,b0,64,2,1,2,omni-3774,75^\circ,64,35221,0.0,0.0,0.0,4,0.0,0,
task2/b0_64,b0,64,2,1,2,omni-4243,"\[
\text{For all } n \geq 2.
\]",64,36834,0.046875,1.0,1.0,13,0.0,0,
task2/b0_64,b0,64,2,1,2,omni-1913,\frac{1}{2},64,33410,0.078125,1.0,1.0,7,0.0,0,
task2/b0_64,b0,64,2,1,2,omni-2146,\frac{15 \sqrt{37}-75}{4},64,49783,0.0,0.0,0.0,24,0.0,0,
task2/b0_64,b0,64,2,1,2,omni-2351,\frac{13}{3},64,56023,0.0,0.0,0.0,16,0.0,0,
task2/b0_64,b0,64,2,1,2,omni-668,41,64,47559,0.0,0.0,0.0,9,0.0,0,
task2/b0_64,b0,64,2,1,2,omni-385,1,64,68769,0.8125,1.0,1.0,2,0.0,0,
task2/b0_64,b0,64,2,1,2,omni-1597,"(995,1),(176,10),(80,21)",64,60513,0.0,0.0,0.0,27,0.015625,0,
task2/b0_64,b0,64,2,1,2,omni-1041,\binom{43}{21}-1,64,43225,0.0,0.0,0.0,29,0.0,0,
task2/b0_64,b0,64,2,1,2,omni-3043,5,64,20229,0.96875,1.0,1.0,3,0.0,0,
task2/b0_64,b0,64,2,1,2,omni-4260,"$\boxed{(1,2,1,0), (2,0,2,0), (2,1,2,0,0), (x-3,2,1,0,0,\ldots, 0,1,0,0,0)} \text{ for any } x \ge 6$",64,63391,0.0,0.0,0.0,52,0.0,0,
task2/b0_64,b0,64,2,1,2,omni-929,1149852,64,50645,0.015625,1.0,1.0,35,0.0,0,
task2/b0_64,b0,64,2,1,2,omni-1279,"\[
\sup \{V \mid V \text{ is good} \} = \frac{1}{4}
\]",64,38596,0.0,0.0,0.0,5,0.0,0,
task2/b0_64,b0,64,2,1,2,omni-2069,1026,64,74028,0.0,0.0,0.0,23,0.0,0,
task2/b0_64,b0,64,2,1,2,omni-2849,-y,64,12635,1.0,1.0,0.0,1,0.0,0,
task2/b0_64,b0,64,2,1,2,omni-26,n - 1,64,50863,0.0,0.0,0.0,3,0.0,0,
task2/b0_64,b0,64,2,1,2,omni-2484,25,64,57780,0.03125,1.0,1.0,23,0.0,0,
task2/b0_64,b0,64,2,1,2,omni-776,178,64,56366,0.296875,1.0,1.0,18,0.0,0,
task2/b0_64,b0,64,2,1,2,omni-3867,f(x) = -1 \text{ and } f(x) = x - 1.,64,68291,0.015625,1.0,1.0,25,0.0,0,
task2/b0_64,b0,64,2,1,2,omni-4270,"\[
a_{u+vn} = 
\begin{cases} 
0, & u+v \le n, \\ 
1, & u+v \ge n+1 
\end{cases} 
\quad \text{for all } 1 \le u \le n \text{ and } 0 \le v \le n.
\]
\[
\text{The terms can be arranged into blocks of length } n \text{ as}
\]
\[
\underbrace{(0 \cdots 0)}_{n} \underbrace{(0 \cdots 0 \ 1)}_{n-1} \underbrace{(0 \cdots 0 \ 1 \ 1)}_{n-2} \cdots \underbrace{(0 \cdots 0 \ 1 \cdots 1)}_{n-v} \underbrace{(0 \ 1 \cdots 1)}_{v} \cdots \underbrace{(0 \ 1 \cdots 1)}_{n-1} \underbrace{(1 \cdots 1)}_{n}.
\]",64,56646,0.359375,1.0,1.0,43,0.0,0,
task2/b0_64,b0,64,2,1,2,omni-2729,2,64,18688,1.0,1.0,0.0,1,0.0,0,
task2/b0_64,b0,64,2,1,2,omni-3669,12,64,58379,0.015625,1.0,1.0,8,0.0,0,
task2/b0_64,b0,64,2,1,2,omni-2384,257,64,36071,0.0,0.0,0.0,11,0.0,0,
task2/b0_64,b0,64,2,1,2,omni-3153,18,64,43316,0.015625,1.0,1.0,23,0.0,0,
task2/b0_64,b0,64,2,1,2,omni-2130,64912347,64,39851,0.0,0.0,0.0,49,0.0,0,
task2/b0_64,b0,64,2,1,2,omni-3205,8,64,16077,0.0,0.0,0.0,5,0.0,0,
task2/b0_64,b0,64,2,1,2,omni-3691,P(x) = x + 1,64,50391,0.125,1.0,1.0,30,0.0,0,
task2/b0_64,b0,64,2,1,2,omni-1559,"-6,0,2,8",64,71355,0.0,0.0,0.0,17,0.0,0,
task2/b0_64,b0,64,2,1,2,omni-2724,181,64,65338,0.015625,1.0,1.0,44,0.03125,0,
task2/b0_64,b0,64,2,1,2,omni-218,"\[
\boxed{\left(\frac{c^2+c-1}{c^2}, \frac{c}{c-1}, c\right)}
\]",64,70403,0.0,0.0,0.0,10,0.0,0,
task2/b0_64,b0,64,2,1,2,omni-298,"The pairs of positive integers \((x, y)\) that satisfy the equation \(x^y = y^{x - y}\) are:

\[
(x, y) = (9, 3) \quad \text{and} \quad (x, y) = (8, 2)
\]",64,59729,0.0,0.0,0.0,20,0.0,0,
task2/b0_64,b0,64,2,1,2,omni-186,\text{There exist infinitely many such sets } A \text{ and } B.,64,64517,0.125,1.0,1.0,22,0.0,0,
task2/b0_64,b0,64,2,1,2,omni-2869,12,64,25075,1.0,1.0,0.0,1,0.0,0,
task2/b0_64,b0,64,2,1,2,omni-2131,-\frac{2016}{2017},64,40849,0.15625,1.0,1.0,20,0.0,0,
task2/b0_64,b0,64,2,1,2,omni-2804,20,64,53566,0.125,1.0,1.0,13,0.0,0,
task2/b0_64,b0,64,2,1,2,omni-3357,\log _{2008} 2009,64,48436,0.8125,1.0,1.0,4,0.0,0,
task2/b0_64,b0,64,2,1,2,omni-3751,\frac{1}{99},64,55051,0.0,0.0,0.0,11,0.0,0,
task2/b0_64,b0,64,2,1,2,omni-2885,11,64,65640,0.046875,1.0,1.0,20,0.0,0,
task2/b0_64,b0,64,2,1,2,omni-12,n \neq 5,64,42314,0.0,0.0,0.0,13,0.0,0,
task2/b0_64,b0,64,2,1,2,omni-258,\[ N = 2k^3 + 3k^2 + 3k \],64,58797,0.0,0.0,0.0,44,0.0,0,
task2/b0_64,b0,64,2,1,2,omni-1291,\frac{7}{33},64,33515,0.25,1.0,1.0,24,0.0,0,
task2/b0_64,b0,64,2,1,2,omni-2556,\frac{91 \sqrt{3}}{4},64,73018,0.0,0.0,0.0,17,0.0,0,
task2/b0_64,b0,64,2,1,2,omni-3291,The length of the altitude of the tetrahedron from vertex \(A\) can be constructed as \(\sqrt{|A_BY'|^2 - |X'Y'|^2}\).,64,37726,0.0,0.0,0.0,25,0.0,0,
task2/b0_64,b0,64,2,1,2,omni-1560,4,64,59218,0.21875,1.0,1.0,3,0.0,0,
task2/b0_64,b0,64,2,1,2,omni-3249,"$(a,b,c) = (9,8,7)$",64,37633,0.0,0.0,0.0,9,0.0,0,
task2/b0_64,b0,64,2,1,2,omni-4266,\text{Yes},64,31981,0.890625,1.0,1.0,3,0.0,0,
task2/b0_64,b0,64,2,1,2,omni-1685,\frac{2009}{2},64,38378,0.953125,1.0,1.0,4,0.0,0,
task2/b0_64,b0,64,2,1,2,omni-3051,17,64,24128,1.0,1.0,0.0,1,0.0,0,
task2/b0_64,b0,64,2,1,2,omni-2223,\frac{2013}{2014},64,20676,0.0,0.0,0.0,4,0.0,0,
task2/b0_64,b0,64,2,1,2,omni-2208,\frac{39}{67},64,41914,0.0,0.0,0.0,2,0.0,0,
task2/b0_64,b0,64,2,1,2,omni-941,144,64,49031,0.09375,1.0,1.0,18,0.0,0,
task2/b0_64,b0,64,2,1,2,omni-2479,36 \cdot 2^{2009}+36,64,55257,0.0,0.0,0.0,33,0.0,0,
task2/b0_64,b0,64,2,1,2,omni-3883,f(x) = 1 \text{ for all } x \in \mathbb{Q}_{>0}.,64,52821,0.34375,1.0,1.0,8,0.0,0,
task2/b0_64,b0,64,2,1,2,omni-2473,49,64,53627,0.125,1.0,1.0,5,0.015625,0,
task2/b0_64,b0,64,2,1,2,omni-1810,"(3,3),(-4,-4),\left(\frac{1+3 \sqrt{5}}{2}, \frac{1-3 \sqrt{5}}{2}\right),\left(\frac{1-3 \sqrt{5}}{2}, \frac{1+3 \sqrt{5}}{2}\right)",64,68736,0.859375,1.0,1.0,10,0.0,0,
task2/b0_64,b0,64,2,1,2,omni-4002,\text{No},64,28739,0.015625,1.0,1.0,2,0.0,0,
task2/b0_64,b0,64,2,1,2,omni-1572,8+5 \sqrt{3},64,82339,0.0,0.0,0.0,9,0.0,0,
task2/b0_64,b0,64,2,1,2,omni-1697,65536,64,15454,1.0,1.0,0.0,1,0.0,0,
task2/b0_64,b0,64,2,1,2,omni-858,945,64,33489,1.0,1.0,0.0,1,0.0,0,
task2/b0_64,b0,64,2,1,2,omni-4083,{\frac{2\left(\sin\frac{\pi}{3\cdot 2^{99}}\right)\left(1-\cos\frac{\pi}{2^{98}}\right)}{\sin \frac{\pi}{2^{99}}}},64,43814,0.0,0.0,0.0,8,0.0,0,
task2/b0_64,b0,64,2,1,2,omni-4301,1023,64,42416,0.0,0.0,0.0,11,0.015625,0,
task2/b0_64,b0,64,2,1,2,omni-1843,2^{2000},64,49845,0.015625,1.0,1.0,42,0.0,0,
task2/b0_64,b0,64,2,1,2,omni-3041,5,64,84176,0.71875,1.0,1.0,4,0.03125,0,
task2/b0_64,b0,64,2,1,2,omni-625,-26,64,70926,0.0,0.0,0.0,25,0.0,0,
task2/b0_64,b0,64,2,1,2,omni-167,The assertion is false; \( n = 25 \) is a counter-example.,64,40739,0.0,0.0,0.0,13,0.0,0,
task2/b0_64,b0,64,2,1,2,omni-2480,924,64,53030,0.0,0.0,0.0,20,0.0,0,
task2/b0_64,b0,64,2,1,2,omni-2736,20,64,13860,1.0,1.0,0.0,1,0.0,0,
task2/b0_64,b0,64,2,1,2,omni-1240,899,64,52969,0.78125,1.0,1.0,13,0.0,0,
task2/b0_64,b0,64,2,1,2,omni-3857,"{P(0) \in (-\infty,0)\cup \{1\} }",64,47533,0.0,0.0,0.0,2,0.0,0,
task2/b0_64,b0,64,2,1,2,omni-3140,777.5,64,74662,0.0,0.0,0.0,28,0.0,0,
task2/b0_64,b0,64,2,1,2,omni-3175,12,64,33203,0.015625,1.0,1.0,20,0.015625,0,
task2/b0_64,b0,64,2,1,2,omni-3731,\frac{y \pm \sqrt{y^2 - 4}}{2} \text{ where } y \text{ is an integer with } |y| \geq 2,64,54786,0.046875,1.0,1.0,14,0.0,0,
task2/b0_64,b0,64,2,1,2,omni-1769,26,64,82553,0.015625,1.0,1.0,30,0.015625,0,
task2/b0_64,b0,64,2,1,2,omni-1193,7/15,64,85331,0.015625,1.0,1.0,49,0.0,0,
task2/b0_64,b0,64,2,1,2,omni-251,\text{No solutions},64,80736,0.078125,1.0,1.0,21,0.015625,0,
task2/b0_64,b0,64,2,1,2,omni-643,\frac{9}{10},64,66546,0.203125,1.0,1.0,27,0.015625,0,
task2/b0_64,b0,64,2,1,2,omni-1457,"There are two families of answers: (a) $a_{n}=c(n+2) n!$ for all $n \geq 1$ and $a_{0}=c+1$ for some integer $c \geq 2014$, and (b) $a_{n}=c(n+2) n!$ for all $n \geq 1$ and $a_{0}=c-1$ for some integer $c \geq 2016$.",64,71971,0.046875,1.0,1.0,40,0.0,0,
task2/b0_64,b0,64,2,1,2,omni-1677,\frac{55}{81},64,72649,0.046875,1.0,1.0,48,0.0,0,
task2/b1_4-1-1-1,b1,4,1,1,1,omni-3155,n=2^k-1 \text{ for some integer } k\geq 1,8,5429,0.0,0.0,0.0,3,0.0,4,0.47527688073392926
task2/b1_4-1-1-1,b1,4,1,1,1,omni-3904,"f(x) = C, \quad f(x) = \pm x + C, \quad \text{or} \quad f(x) = \pm x^3 + C",8,5835,0.0,0.0,0.0,2,0.0,4,0.49556596851913554
task2/b1_4-1-1-1,b1,4,1,1,1,omni-2052,-\frac{1}{2},8,3803,0.875,1.0,1.0,2,0.0,4,0.39872178236183015
task2/b1_4-1-1-1,b1,4,1,1,1,omni-824,2005^{1002} / 2004!,8,5053,0.0,0.0,0.0,3,0.0,4,0.3465718545394546
task2/b1_4-1-1-1,b1,4,1,1,1,omni-2133,2017,8,2690,1.0,1.0,0.0,1,0.0,4,0.35739402875875764
task2/b1_4-1-1-1,b1,4,1,1,1,omni-1998,\frac{5}{12},8,4804,0.0,0.0,0.0,5,0.0,4,0.6190288581830138
task2/b1_4-1-1-1,b1,4,1,1,1,omni-747,477,8,2981,0.0,0.0,0.0,2,0.0,4,0.5479550873430229
task2/b1_4-1-1-1,b1,4,1,1,1,omni-1022,1/2,8,5464,0.0,0.0,0.0,3,0.0,4,0.5607151823219962
task2/b1_4-1-1-1,b1,4,1,1,1,omni-2597,13,8,7666,0.0,0.0,0.0,7,0.0,4,0.42344188192179133
task2/b1_4-1-1-1,b1,4,1,1,1,omni-3903,"2, 128, 2000",8,5889,0.0,0.0,0.0,5,0.0,4,0.7784185088408265
task2/b1_4-1-1-1,b1,4,1,1,1,omni-4297,\text{Yes},8,5072,0.375,1.0,1.0,2,0.0,4,0.44771611807623296
task2/b1_4-1-1-1,b1,4,1,1,1,omni-4035,\text{Further combinatorial analysis required},8,4853,0.0,0.0,0.0,6,0.0,4,0.333399429805031
task2/b1_4-1-1-1,b1,4,1,1,1,omni-1990,1481480,8,6739,0.0,0.0,0.0,5,0.0,4,0.6889979429179399
task2/b1_4-1-1-1,b1,4,1,1,1,omni-3490,8n,8,2050,1.0,1.0,0.0,1,0.0,4,0.5118678820676378
task2/b1_4-1-1-1,b1,4,1,1,1,omni-1019,\frac{11}{4},8,8396,0.0,0.0,0.0,7,0.0,4,0.4074676808850148
task2/b1_4-1-1-1,b1,4,1,1,1,omni-177,"\[ n = 2^{a+1} + 2^b, \quad a, b \ge 0 \]

Alternatively, this condition can be expressed as either \( n = 2^k, \, k \ge 2 \) or \( n \) is the sum of two distinct powers of 2.",8,3862,0.0,0.0,0.0,6,0.0,4,0.47991725992126844
task2/b1_4-1-1-1,b1,4,1,1,1,omni-3486,131,8,3684,1.0,1.0,0.0,1,0.0,4,0.38922933676633503
task2/b1_4-1-1-1,b1,4,1,1,1,omni-3572,"(0, 0, 0)",8,4655,1.0,1.0,0.0,1,0.0,4,0.8220739110275052
task2/b1_4-1-1-1,b1,4,1,1,1,omni-2937,15,8,2557,1.0,1.0,0.0,1,0.0,4,0.5604186273938461
task2/b1_4-1-1-1,b1,4,1,1,1,omni-4337,1,8,5387,1.0,1.0,0.0,1,0.0,4,0.44818412185261364
task2/b1_4-1-1-1,b1,4,1,1,1,omni-4166,\text{yes},8,4161,1.0,1.0,0.0,1,0.0,4,0.41808083742892854
task2/b1_4-1-1-1,b1,4,1,1,1,omni-647,4,8,3607,1.0,1.0,0.0,1,0.0,4,0.6427478678688486
task2/b1_4-1-1-1,b1,4,1,1,1,omni-2358,10,8,7637,0.0,0.0,0.0,7,0.0,4,0.5655074003064016
task2/b1_4-1-1-1,b1,4,1,1,1,omni-1575,516,8,3307,0.0,0.0,0.0,7,0.0,4,0.32313291237230846
task2/b1_4-1-1-1,b1,4,1,1,1,omni-3295,\[ k \neq 1 \],8,4316,0.25,1.0,1.0,7,0.0,4,0.4193077783604631
task2/b1_4-1-1-1,b1,4,1,1,1,omni-3656,"(a, b, p, n) = (2^k, 2^k, 2, 2013k + 1)",8,5829,0.0,0.0,0.0,8,0.0,4,0.41951058516827333
task2/b1_4-1-1-1,b1,4,1,1,1,omni-3824,(-1)^n 2^{n-1} d^n (2a + nd),8,5613,0.0,0.0,0.0,8,0.0,4,0.5079443657650571
task2/b1_4-1-1-1,b1,4,1,1,1,omni-3420,Tuesday,8,2279,0.75,1.0,1.0,3,0.0,4,0.5479504461073138
task2/b1_4-1-1-1,b1,4,1,1,1,omni-974,1-\ln (e-1),8,4099,0.0,0.0,0.0,3,0.0,4,0.5364834810437915
task2/b1_4-1-1-1,b1,4,1,1,1,omni-666,\pi / 2,8,3996,1.0,1.0,0.0,2,0.0,4,0.5037658919434314
task2/b1_4-1-1-1,b1,4,1,1,1,omni-2843,24,8,8810,0.0,0.0,0.0,2,0.0,4,0.4781730462107433
task2/b1_4-1-1-1,b1,4,1,1,1,omni-2127,\frac{8}{17},8,5848,0.0,0.0,0.0,7,0.0,4,0.2581367800292434
task2/b1_4-1-1-1,b1,4,1,1,1,omni-4406,"{x=m\pi-\frac{\pi}{4}\ ,\ m\in Z}",8,6860,0.0,0.0,0.0,7,0.0,4,0.33499552980381553
task2/b1_4-1-1-1,b1,4,1,1,1,omni-2731,15,8,3467,0.625,1.0,1.0,3,0.0,4,0.6432119032743245
task2/b1_4-1-1-1,b1,4,1,1,1,omni-1342,2013^{4025},8,4352,0.0,0.0,0.0,5,0.0,4,0.45093680540884823
task2/b1_4-1-1-1,b1,4,1,1,1,omni-3916,\lceil \log_a d \rceil,8,4504,0.0,0.0,0.0,3,0.0,4,0.552177245106295
task2/b1_4-1-1-1,b1,4,1,1,1,omni-3302,The game is winnable if and only if \( n > k \ge 2 \).,8,2735,0.0,0.0,0.0,4,0.0,4,0.5150145781341665
task2/b1_4-1-1-1,b1,4,1,1,1,omni-2761,15,8,2998,0.25,1.0,1.0,5,0.0,4,0.37916306169174396
task2/b1_4-1-1-1,b1,4,1,1,1,omni-2744,24,8,5828,0.0,0.0,0.0,3,0.0,4,0.5703561789769425
task2/b1_4-1-1-1,b1,4,1,1,1,omni-3152,24,8,1646,1.0,1.0,0.0,1,0.0,4,0.2899363779038398
task2/b1_4-1-1-1,b1,4,1,1,1,omni-1779,5994,8,7167,0.0,0.0,0.0,7,0.0,4,0.4064697793176699
task2/b1_4-1-1-1,b1,4,1,1,1,omni-2936,2.2,8,2613,0.0,0.0,0.0,4,0.0,4,0.5629514849038088
task2/b1_4-1-1-1,b1,4,1,1,1,omni-1768,6,8,2574,0.0,0.0,0.0,1,0.0,4,0.48925886446532635
task2/b1_4-1-1-1,b1,4,1,1,1,omni-3996,121,8,4673,0.0,0.0,0.0,5,0.0,4,0.6348380436915995
task2/b1_4-1-1-1,b1,4,1,1,1,omni-4084,2^{n+1} - 2,8,3557,0.0,0.0,0.0,6,0.0,4,0.49766708937305965
task2/b1_4-1-1-1,b1,4,1,1,1,omni-2104,974,8,4534,0.0,0.0,0.0,5,0.0,4,0.665556463817379
task2/b1_4-1-1-1,b1,4,1,1,1,omni-332,Cathy can win if and only if \( n \leq 2^{k-1} \).,8,2895,0.0,0.0,0.0,4,0.0,4,0.4219756271158769
task2/b1_4-1-1-1,b1,4,1,1,1,omni-4136,"(x,y) = (11,1), (49,1), (7t^2,7t), t \text{ is an interge}",8,7117,0.0,0.0,0.0,5,0.0,4,0.5857251896312413
task2/b1_4-1-1-1,b1,4,1,1,1,omni-3492,60 \mathrm{~g},8,1360,1.0,1.0,0.0,1,0.0,4,0.7107678132555829
task2/b1_4-1-1-1,b1,4,1,1,1,omni-1,1,8,2823,0.625,1.0,1.0,2,0.0,4,0.5578929043545894
task2/b1_4-1-1-1,b1,4,1,1,1,omni-3342,39601,8,6434,0.0,0.0,0.0,4,0.0,4,0.5768817299937707
task2/b1_4-1-1-1,b1,4,1,1,1,omni-454,132,8,2414,1.0,1.0,0.0,1,0.0,4,0.28908213995309623
task2/b1_4-1-1-1,b1,4,1,1,1,omni-2889,26,8,2554,0.875,1.0,1.0,2,0.0,4,0.4095583552495837
task2/b1_4-1-1-1,b1,4,1,1,1,omni-165,\[ 1 \],8,5536,0.75,1.0,1.0,3,0.0,4,0.3797169792083109
task2/b1_4-1-1-1,b1,4,1,1,1,omni-4016,"110,143,242,341,440,164,263,362,461,560,198,297,396,495,594,693,792,891,990",8,12103,0.0,0.0,0.0,6,0.0,4,0.4419375230578682
task2/b1_4-1-1-1,b1,4,1,1,1,omni-2406,60,8,4349,0.0,0.0,0.0,2,0.0,4,0.6197241065656315
task2/b1_4-1-1-1,b1,4,1,1,1,omni-2920,64,8,1386,0.875,1.0,1.0,2,0.0,4,0.5655248333256799
task2/b1_4-1-1-1,b1,4,1,1,1,omni-1881,1516,8,7639,0.0,0.0,0.0,8,0.0,4,0.32625154597999695
task2/b1_4-1-1-1,b1,4,1,1,1,omni-3489,113,8,3338,0.0,0.0,0.0,4,0.0,4,0.1750935703880474
task2/b1_4-1-1-1,b1,4,1,1,1,omni-3659,501,8,3336,0.0,0.0,0.0,1,0.0,4,0.3585278124794189
task2/b1_4-1-1-1,b1,4,1,1,1,omni-2887,32,8,3651,1.0,1.0,0.0,1,0.0,4,0.0167236147116422
task2/b1_4-1-1-1,b1,4,1,1,1,omni-81,\frac{97 \sqrt{2} + 40 \sqrt{3}}{15},8,5821,0.0,0.0,0.0,6,0.0,4,0.26693540230309815
task2/b1_4-1-1-1,b1,4,1,1,1,omni-1009,4,8,1661,0.0,0.0,0.0,2,0.0,4,0.5744940522660567
task2/b1_4-1-1-1,b1,4,1,1,1,omni-3445,2004,8,4433,0.25,1.0,1.0,4,0.0,4,0.3623324357628793
task2/b1_4-1-1-1,b1,4,1,1,1,omni-2933,42,8,2730,1.0,1.0,0.0,1,0.0,4,0.48074589365033715
task2/b1_4-1-1-1,b1,4,1,1,1,omni-4362,\text{No},8,5659,1.0,1.0,0.0,1,0.0,4,0.6133359423311391
task2/b1_4-1-1-1,b1,4,1,1,1,omni-2898,16,8,1412,1.0,1.0,0.0,1,0.0,4,0.579321466788939
task2/b1_4-1-1-1,b1,4,1,1,1,omni-510,\frac{13}{30},8,4494,0.0,0.0,0.0,5,0.0,4,0.5877236277420003
task2/b1_4-1-1-1,b1,4,1,1,1,omni-2664,4180,8,2715,1.0,1.0,0.0,1,0.0,4,0.49259436725062705
task2/b1_4-1-1-1,b1,4,1,1,1,omni-659,6,8,3953,0.625,1.0,1.0,4,0.0,4,0.3820731203120608
task2/b1_4-1-1-1,b1,4,1,1,1,omni-2725,15,8,2337,1.0,1.0,0.0,1,0.0,4,0.5604327887052105
task2/b1_4-1-1-1,b1,4,1,1,1,omni-1983,\frac{4}{\sqrt{5}} \text{ OR } \frac{4 \sqrt{5}}{5},8,6466,0.0,0.0,0.0,1,0.0,4,0.5136482424650932
task2/b1_4-1-1-1,b1,4,1,1,1,omni-565,52,8,3000,0.0,0.0,0.0,5,0.0,4,0.4007146583263333
task2/b1_4-1-1-1,b1,4,1,1,1,omni-2257,\frac{\sqrt{6}}{2},8,7696,0.0,0.0,0.0,3,0.0,4,0.3896473487823835
task2/b1_4-1-1-1,b1,4,1,1,1,omni-2927,4.309,8,1522,1.0,1.0,0.0,1,0.0,4,0.3862000150359707
task2/b1_4-1-1-1,b1,4,1,1,1,omni-132,\text{There are infinitely many positive integers } n \text{ such that } d(n!) - 1 \text{ is a composite number.},8,4836,0.75,1.0,1.0,3,0.0,4,0.47006771552421883
task2/b1_4-1-1-1,b1,4,1,1,1,omni-509,96,8,3183,0.0,0.0,0.0,3,0.0,4,0.2595985769253869
task2/b1_4-1-1-1,b1,4,1,1,1,omni-1544,\frac{1}{2},8,6805,0.75,1.0,1.0,3,0.0,4,0.4760909873546309
task2/b1_4-1-1-1,b1,4,1,1,1,omni-1594,"n=6, 66, 946",8,5398,0.0,0.0,0.0,5,0.0,4,0.6603025396189209
task2/b1_4-1-1-1,b1,4,1,1,1,omni-831,\frac{41}{512},8,7031,0.0,0.0,0.0,1,0.0,4,0.2908070699631746
task2/b1_4-1-1-1,b1,4,1,1,1,omni-1477,4018,8,3716,0.125,1.0,1.0,8,0.0,4,0.42159502971845375
task2/b1_4-1-1-1,b1,4,1,1,1,omni-3852,{\frac{n(n+1)(2n+1)}{6}},8,3424,0.0,0.0,0.0,3,0.0,4,0.36151441296248543
task2/b1_4-1-1-1,b1,4,1,1,1,omni-2053,71.8,8,3325,0.0,0.0,0.0,3,0.0,4,0.4382938810911456
task2/b1_4-1-1-1,b1,4,1,1,1,omni-2551,72^{\circ},8,1776,0.875,1.0,1.0,2,0.0,4,0.4005266573972251
task2/b1_4-1-1-1,b1,4,1,1,1,omni-2751,8,8,3586,0.875,1.0,1.0,2,0.0,4,0.5195649356553612
task2/b1_4-1-1-1,b1,4,1,1,1,omni-2942,113,8,2433,0.0,0.0,0.0,5,0.0,4,0.4482957471692125
task2/b1_4-1-1-1,b1,4,1,1,1,omni-2739,8,8,2154,1.0,1.0,0.0,1,0.0,4,0.46330212054370506
task2/b1_4-1-1-1,b1,4,1,1,1,omni-3426,a^{2}<a<rac{1}{a},8,2351,0.0,0.0,0.0,5,0.0,4,0.6221221597513801
task2/b1_4-1-1-1,b1,4,1,1,1,omni-4321,\text{Yes},8,2176,0.125,1.0,1.0,3,0.0,4,0.4960175610677092
task2/b1_4-1-1-1,b1,4,1,1,1,omni-408,15,8,3962,0.0,0.0,0.0,5,0.0,4,0.5977176684985233
task2/b1_4-1-1-1,b1,4,1,1,1,omni-27,"(2, 6), (2^k - 1, 2), (1, n) \text{ for any } n \ge 1",8,3609,0.125,1.0,1.0,7,0.0,4,0.6583039468646532
task2/b1_4-1-1-1,b1,4,1,1,1,omni-1626,21,8,8121,0.125,1.0,1.0,5,0.0,4,0.49449450847806736
task2/b1_4-1-1-1,b1,4,1,1,1,omni-178,"\[
\boxed{\frac{\pi}{4}}
\]",8,3424,0.0,0.0,0.0,3,0.0,4,0.7652276557745663
task2/b1_4-1-1-1,b1,4,1,1,1,omni-942,673,8,5455,0.25,1.0,1.0,4,0.0,4,0.3342640352884746
task2/b1_4-1-1-1,b1,4,1,1,1,omni-2578,33725,8,3501,0.0,0.0,0.0,2,0.0,4,0.4630887485732898
task2/b1_4-1-1-1,b1,4,1,1,1,omni-1460,\frac{25}{49},8,4774,0.0,0.0,0.0,4,0.0,4,0.5141412853333114
task2/b1_4-1-1-1,b1,4,1,1,1,omni-2764,\frac{89}{243},8,5590,0.0,0.0,0.0,7,0.0,4,0.25594969469268325
task2/b1_4-1-1-1,b1,4,1,1,1,omni-1224,61,8,4523,0.0,0.0,0.0,5,0.0,4,0.7652568810717894
task2/b1_4-1-1-1,b1,4,1,1,1,omni-1963,\frac{1}{1006},8,4851,0.625,1.0,1.0,2,0.0,4,0.2528638457158888
task2/b1_4-1-1-1,b1,4,1,1,1,omni-2691,232,8,1973,1.0,1.0,0.0,1,0.0,4,0.42854760706385575
task2/b1_4-1-1-1,b1,4,1,1,1,omni-2815,-36,8,5210,1.0,1.0,0.0,1,0.0,4,0.4653243844619516
task2/b1_4-1-1-1,b1,4,1,1,1,omni-1275,\frac{1}{1-x},8,3357,0.75,1.0,1.0,3,0.0,4,0.4696830970437762
task2/b1_4-1-1-1,b1,4,1,1,1,omni-64,\text{No such } n \text{ exists},8,4365,0.0,0.0,0.0,5,0.0,4,0.5965305329812388
task2/b1_4-1-1-1,b1,4,1,1,1,omni-3465,39\%,8,9658,0.0,0.0,0.0,4,0.25,4,0.42001445554891936
task2/b1_4-1-1-1,b1,4,1,1,1,omni-226,\frac{1}{x^2},8,6568,0.375,1.0,1.0,5,0.0,4,0.48857781839481146
task2/b1_4-1-1-1,b1,4,1,1,1,omni-857,80,8,5807,0.0,0.0,0.0,5,0.0,4,0.6762906292074387
task2/b1_4-1-1-1,b1,4,1,1,1,omni-1215,120,8,2101,1.0,1.0,0.0,1,0.0,4,0.55473835323991
task2/b1_4-1-1-1,b1,4,1,1,1,omni-1654,10201,8,2803,0.25,1.0,1.0,4,0.0,4,0.5678517977046141
task2/b1_4-1-1-1,b1,4,1,1,1,omni-1277,43,8,3089,0.0,0.0,0.0,3,0.0,4,0.6186912657756508
task2/b1_4-1-1-1,b1,4,1,1,1,omni-2461,51,8,4812,0.0,0.0,0.0,3,0.0,4,0.5314907469558724
task2/b1_4-1-1-1,b1,4,1,1,1,omni-3131,18\%,8,2647,1.0,1.0,0.0,1,0.0,4,0.4863420740371195
task2/b1_4-1-1-1,b1,4,1,1,1,omni-1688,2^{2009},8,2738,1.0,1.0,0.0,1,0.0,4,0.5689702343021823
task2/b1_4-1-1-1,b1,4,1,1,1,omni-1490,139,8,10212,0.0,0.0,0.0,6,0.0,4,0.6250024201083182
task2/b1_4-1-1-1,b1,4,1,1,1,omni-3147,\frac{19}{35},8,3786,0.0,0.0,0.0,4,0.0,4,0.3401333148602182
task2/b1_4-1-1-1,b1,4,1,1,1,omni-294,"The real roots of the equation \(x^4-(2\cdot10^{10}+1)x^2-x+10^{20}+10^{10}-1=0\) correct to four decimal places are approximately:
\[ x_1 \approx 10^5 - \frac{1 - \sqrt{1 + 4(10^5 + 1)}}{2 \cdot 2 \cdot 10^5} \]
\[ x_2 \approx 10^5 + \frac{1 + \sqrt{1 + 4(10^5 + 1)}}{2 \cdot 2 \cdot 10^5} \]

Given the approximations:
\[ x_1 \approx 99999.5000 \]
\[ x_2 \approx 100000.5000 \]",8,7393,0.125,1.0,1.0,8,0.0,4,0.4251011005459817
task2/b1_4-1-1-1,b1,4,1,1,1,omni-3368,60,8,5061,0.0,0.0,0.0,5,0.0,4,0.5261021982321591
task2/b1_4-1-1-1,b1,4,1,1,1,omni-265,"\[
|S| \ge 8
\]",8,7545,0.0,0.0,0.0,2,0.0,4,0.4278115725741824
task2/b1_4-1-1-1,b1,4,1,1,1,omni-909,56,8,2575,0.25,1.0,1.0,4,0.0,4,0.6839653302838152
task2/b1_4-1-1-1,b1,4,1,1,1,omni-995,p=2 \text{ and } p \equiv 3(\bmod 4),8,7920,0.0,0.0,0.0,4,0.0,4,0.5037622403620656
task2/b1_4-1-1-1,b1,4,1,1,1,omni-617,\frac{\ln 7}{4},8,10518,0.0,0.0,0.0,7,0.0,4,0.5482383598542201
task2/b1_4-1-1-1,b1,4,1,1,1,omni-765,1024,8,1561,0.0,0.0,0.0,2,0.0,4,0.5676566963556182
task2/b1_4-1-1-1,b1,4,1,1,1,omni-3457,7x+4,8,3597,0.0,0.0,0.0,3,0.0,4,0.6144754150706244
task2/b1_4-1-1-1,b1,4,1,1,1,omni-3531,"\frac{5}{2}, 3, \sqrt{10}",8,1910,1.0,1.0,0.0,1,0.0,4,0.5903113086881997
task2/b1_4-1-1-1,b1,4,1,1,1,omni-576,e^{e}-1,8,3842,0.0,0.0,0.0,3,0.0,4,0.6589568369355528
task2/b1_4-1-1-1,b1,4,1,1,1,omni-1888,\frac{2}{9},8,3539,0.0,0.0,0.0,2,0.0,4,0.6102407498420512
task2/b1_4-1-1-1,b1,4,1,1,1,omni-58,\text{Every sufficiently large number appears in the sequence},8,5298,0.0,0.0,0.0,2,0.0,4,0.37660037441584204
task2/b1_4-1-1-1,b1,4,1,1,1,omni-331,There are no polynomials of degree 1 with rational coefficients that satisfy the given conditions.,8,3149,0.0,0.0,0.0,4,0.0,4,0.20041565146306128
task2/b1_4-1-1-1,b1,4,1,1,1,omni-1789,76,8,5632,0.625,1.0,1.0,2,0.0,4,0.43159222515022444
task2/b1_4-1-1-1,b1,4,1,1,1,omni-1203,30212,8,3855,0.0,0.0,0.0,6,0.0,4,0.56257065816091
task2/b1_4-1-1-1,b1,4,1,1,1,omni-3556,946,8,4480,0.0,0.0,0.0,4,0.0,4,0.5542271629377096
task2/b1_4-1-1-1,b1,4,1,1,1,omni-115,45^\circ,8,5041,0.875,1.0,1.0,2,0.0,4,0.47895144135331646
task2/b1_4-1-1-1,b1,4,1,1,1,omni-515,\frac{11}{65},8,9764,0.125,1.0,1.0,5,0.0,4,0.1424116319992898
task2/b1_4-1-1-1,b1,4,1,1,1,omni-2621,540,8,2887,0.5,1.0,1.0,5,0.0,4,0.7090094144141073
task2/b1_4-1-1-1,b1,4,1,1,1,omni-4426,"\text{Kolya wins if Dima starts, and Dima wins if Kolya starts.}",8,4420,0.0,0.0,0.0,4,0.0,4,0.41951953875094866
task2/b1_4-1-1-1,b1,4,1,1,1,omni-2378,\frac{80\sqrt{3}}{9},8,3208,0.75,1.0,1.0,3,0.0,4,0.16259311942342522
task2/b1_4-1-1-1,b1,4,1,1,1,omni-735,4 \cdot 3^{2011},8,3012,0.125,1.0,1.0,5,0.0,4,0.6620149515406467
task2/b1_4-1-1-1,b1,4,1,1,1,omni-4274,\text{Alice},8,4218,0.625,1.0,1.0,2,0.0,4,0.24772612772227465
task2/b1_4-1-1-1,b1,4,1,1,1,omni-674,50,8,2467,0.0,0.0,0.0,1,0.0,4,0.5365282947243671
task2/b1_4-1-1-1,b1,4,1,1,1,omni-2220,65,8,3926,0.0,0.0,0.0,5,0.0,4,0.5425860240456544
task2/b1_4-1-1-1,b1,4,1,1,1,omni-1198,93,8,4589,0.0,0.0,0.0,7,0.0,4,0.48591452936710633
task2/b1_4-1-1-1,b1,4,1,1,1,omni-980,17,8,3165,0.0,0.0,0.0,6,0.0,4,0.4168702671825201
task2/b1_4-1-1-1,b1,4,1,1,1,omni-1515,34,8,5860,0.0,0.0,0.0,6,0.0,4,0.5721320893182019
task2/b1_4-1-1-1,b1,4,1,1,1,omni-2129,252,8,6217,0.125,1.0,1.0,5,0.0,4,0.41683385430121406
task2/b1_4-1-1-1,b1,4,1,1,1,omni-4125,(n-2)2^n + 1,8,3949,0.0,0.0,0.0,4,0.0,4,0.6151129723924874
task2/b1_4-1-1-1,b1,4,1,1,1,omni-1387,-9+3\sqrt{13},8,7261,0.0,0.0,0.0,2,0.0,4,0.48157466360283685
task2/b1_4-1-1-1,b1,4,1,1,1,omni-960,90,8,4317,0.0,0.0,0.0,3,0.0,4,0.40072600429785926
task2/b1_4-1-1-1,b1,4,1,1,1,omni-2925,600,8,3047,0.0,0.0,0.0,2,0.0,4,0.5313194234076873
task2/b1_4-1-1-1,b1,4,1,1,1,omni-374,\[ MA \cdot NA + MB \cdot NB + MC \cdot NC \geq MD \cdot ND \],8,5688,0.875,1.0,1.0,3,0.0,4,0.5566423608864258
task2/b1_4-1-1-1,b1,4,1,1,1,omni-1084,2 \sqrt[4]{6},8,4105,0.0,0.0,0.0,3,0.0,4,0.5759182357424109
task2/b1_4-1-1-1,b1,4,1,1,1,omni-1311,45,8,5056,0.0,0.0,0.0,1,0.0,4,0.3721744206870179
task2/b1_4-1-1-1,b1,4,1,1,1,omni-383,6,8,1634,0.0,0.0,0.0,1,0.0,4,0.520628464371918
task2/b1_4-1-1-1,b1,4,1,1,1,omni-3991,$\frac{13}{4}$,8,5847,0.0,0.0,0.0,2,0.0,4,0.20087022118844877
task2/b1_4-1-1-1,b1,4,1,1,1,omni-3400,160,8,2826,1.0,1.0,0.0,1,0.0,4,0.43233367739582923
task2/b1_4-1-1-1,b1,4,1,1,1,omni-1749,47,8,7452,0.0,0.0,0.0,4,0.0,4,0.6248501288677317
task2/b1_4-1-1-1,b1,4,1,1,1,omni-2477,\binom{34}{9},8,3362,0.75,1.0,1.0,4,0.0,4,0.6206536928838904
task2/b1_4-1-1-1,b1,4,1,1,1,omni-2250,\frac{3}{10},8,4339,0.0,0.0,0.0,6,0.0,4,0.3603685536299336
task2/b1_4-1-1-1,b1,4,1,1,1,omni-1265,\frac{\binom{4030}{2016}}{2^{4030}},8,6572,0.375,1.0,1.0,8,0.0,4,0.3198082296045283
task2/b1_4-1-1-1,b1,4,1,1,1,omni-3005,19,8,3504,1.0,1.0,0.0,1,0.0,4,0.44230920987400013
task2/b1_4-1-1-1,b1,4,1,1,1,omni-1702,n=3,8,5882,1.0,1.0,0.0,1,0.0,4,0.4116932191055895
task2/b1_4-1-1-1,b1,4,1,1,1,omni-3008,7,8,2153,0.0,0.0,0.0,1,0.0,4,0.6610838043954781
task2/b1_4-1-1-1,b1,4,1,1,1,omni-2371,18.5285921,8,3323,0.0,0.0,0.0,5,0.0,4,0.010503803841382327
task2/b1_4-1-1-1,b1,4,1,1,1,omni-395,"6,-\frac{10}{3}",8,7153,0.5,1.0,1.0,3,0.0,4,0.46168229889411816
task2/b1_4-1-1-1,b1,4,1,1,1,omni-2451,109368,8,2887,0.0,0.0,0.0,8,0.0,4,0.7618849395311703
task2/b1_4-1-1-1,b1,4,1,1,1,omni-1018,"1, 2, 3, 4",8,7588,0.0,0.0,0.0,2,0.125,4,0.6329365726381783
task2/b1_4-1-1-1,b1,4,1,1,1,omni-1364,\frac{7}{2},8,4624,0.125,1.0,1.0,2,0.0,4,0.42750639977245253
task2/b1_4-1-1-1,b1,4,1,1,1,omni-803,1,8,1551,1.0,1.0,0.0,1,0.0,4,0.7970569978378327
task2/b1_4-1-1-1,b1,4,1,1,1,omni-685,\begin{tabular}{ll} 00000000 & 00110101 \ 11001010 & 10011110 \ 11100001 & 01101011 \ 11010100 & 01100110 \ 10111001 & 10010011 \ 01111100 & 11001101 \ 00111010 & 10101100 \ 01010111 & 11110010 \ 00001111 & 01011001 \ 10100111 & 11111111 \ \end{tabular},8,3252,0.0,0.0,0.0,1,0.0,4,0.45426004751500476
task2/b1_4-1-1-1,b1,4,1,1,1,omni-4307,"(m, n) = (36, 6)",8,5594,0.0,0.0,0.0,5,0.0,4,0.6408146124325714
task2/b1_4-1-1-1,b1,4,1,1,1,omni-1621,89,8,5062,0.0,0.0,0.0,3,0.0,4,0.6644383709428365
task2/b1_4-1-1-1,b1,4,1,1,1,omni-3325,2015.318180 \ldots,8,7558,0.0,0.0,0.0,7,0.0,4,0.46925979497281384
task2/b1_4-1-1-1,b1,4,1,1,1,omni-79,18,8,4910,0.0,0.0,0.0,2,0.0,4,0.38783614874135053
task2/b1_4-1-1-1,b1,4,1,1,1,omni-3104,120,8,1948,1.0,1.0,0.0,1,0.0,4,0.4551316855102082
task2/b1_4-1-1-1,b1,4,1,1,1,omni-125,"\left( \frac{1}{n+1}, \frac{1}{n+1}, \ldots, \frac{1}{n+1} \right)",8,4846,0.125,1.0,1.0,2,0.0,4,0.4545411356800111
task2/b1_4-1-1-1,b1,4,1,1,1,omni-4340,\text{No},8,2731,0.125,1.0,1.0,2,0.0,4,0.653702904148951
task2/b1_4-1-1-1,b1,4,1,1,1,omni-2372,\frac{45}{14},8,9831,0.0,0.0,0.0,5,0.125,4,0.29766642654627196
task2/b1_4-1-1-1,b1,4,1,1,1,omni-4152,1,8,3919,0.0,0.0,0.0,3,0.0,4,0.5025627811674032
task2/b1_4-1-1-1,b1,4,1,1,1,omni-3143,"f(x) = cx^d, c,d > 0, c=1 \text{ if } d=1",8,4862,0.0,0.0,0.0,2,0.0,4,0.3945874680603839
task2/b1_4-1-1-1,b1,4,1,1,1,omni-3943,3^{100},8,2736,0.0,0.0,0.0,2,0.0,4,0.6780801832258058
task2/b1_4-1-1-1,b1,4,1,1,1,omni-288,The area of triangle $OO_1O_2$ is minimized if $CX \perp AB$.,8,3683,0.0,0.0,0.0,4,0.0,4,0.3017265877123156
task2/b1_4-1-1-1,b1,4,1,1,1,omni-1087,1+\sqrt{2}+\sqrt{6},8,5662,0.125,1.0,1.0,4,0.0,4,0.29515577725496517
task2/b1_4-1-1-1,b1,4,1,1,1,omni-492,3,8,4025,0.25,1.0,1.0,2,0.0,4,0.743251907165834
task2/b1_4-1-1-1,b1,4,1,1,1,omni-1549,318,8,7603,0.0,0.0,0.0,7,0.0,4,0.34458045174172136
task2/b1_4-1-1-1,b1,4,1,1,1,omni-365,11,8,3252,0.0,0.0,0.0,1,0.0,4,0.47809280087670286
task2/b1_4-1-1-1,b1,4,1,1,1,omni-4290,"(a, b, c) = (10, 10, 1), (10, 1, 10), (1, 10, 10)",8,9974,0.125,1.0,1.0,6,0.0,4,0.506718241561075
task2/b1_4-1-1-1,b1,4,1,1,1,omni-688,"(1,1), (3,3)",8,4791,1.0,1.0,0.0,1,0.0,4,0.33240346441158597
task2/b1_4-1-1-1,b1,4,1,1,1,omni-3416,40 \text{ minutes},8,3945,0.0,0.0,0.0,7,0.0,4,0.24080656106570242
task2/b1_4-1-1-1,b1,4,1,1,1,omni-994,\frac{1999008}{1999012},8,3054,0.0,0.0,0.0,4,0.0,4,0.6759740641603317
task2/b1_4-1-1-1,b1,4,1,1,1,omni-2996,rac{3}{8},8,2702,0.0,0.0,0.0,1,0.0,4,0.1854809417731834
task2/b1_4-1-1-1,b1,4,1,1,1,omni-2402,6,8,3166,0.0,0.0,0.0,4,0.0,4,0.4724214890216835
task2/b1_4-1-1-1,b1,4,1,1,1,omni-2121,13,8,7418,0.625,1.0,1.0,4,0.0,4,0.6210290484952655
task2/b1_4-1-1-1,b1,4,1,1,1,omni-4134,k = \left\lfloor \sqrt{n - 1}\right\rfloor,8,4680,0.0,0.0,0.0,4,0.0,4,0.22286379751266727
task2/b1_4-1-1-1,b1,4,1,1,1,omni-2540,3633,8,3305,0.0,0.0,0.0,3,0.0,4,0.7174577479686217
task2/b1_4-1-1-1,b1,4,1,1,1,omni-2590,5,8,3887,0.0,0.0,0.0,2,0.0,4,0.4393047943082764
task2/b1_4-1-1-1,b1,4,1,1,1,omni-764,60^{\circ},8,1948,0.0,0.0,0.0,2,0.0,4,0.43878617621960364
task2/b1_4-1-1-1,b1,4,1,1,1,omni-1565,"(2,2),(3,3),(1,2),(2,3),(2,1),(3,2)",8,6284,0.0,0.0,0.0,6,0.0,4,0.5297967294946859
task2/b1_4-1-1-1,b1,4,1,1,1,omni-4161,\text{All odd integers } n \geq 3.,8,4960,0.125,1.0,1.0,5,0.0,4,0.5578438251619698
task2/b1_4-1-1-1,b1,4,1,1,1,omni-1664,n^{2}+c^{2}-nc-c,8,8948,0.0,0.0,0.0,5,0.25,4,0.4313788851756448
task2/b1_4-1-1-1,b1,4,1,1,1,omni-1506,14034,8,3894,0.0,0.0,0.0,7,0.0,4,0.4451991353380994
task2/b1_4-1-1-1,b1,4,1,1,1,omni-1066,2^{32},8,6757,0.0,0.0,0.0,4,0.0,4,0.6765436338353005
task2/b1_4-1-1-1,b1,4,1,1,1,omni-1929,28,8,6232,0.125,1.0,1.0,5,0.0,4,0.46375668627268357
task2/b1_4-1-1-1,b1,4,1,1,1,omni-2656,109,8,5383,0.125,1.0,1.0,6,0.0,4,0.5569036968992446
task2/b1_4-1-1-1,b1,4,1,1,1,omni-959,\frac{1}{8},8,3656,0.375,1.0,1.0,3,0.0,4,0.6090127155606104
task2/b1_4-1-1-1,b1,4,1,1,1,omni-1792,7521,8,4315,0.0,0.0,0.0,6,0.0,4,0.4902226381401182
task2/b1_4-1-1-1,b1,4,1,1,1,omni-3204,\frac{480}{49},8,5565,0.0,0.0,0.0,6,0.0,4,0.508839616466417
task2/b1_4-1-1-1,b1,4,1,1,1,omni-1014,31486,8,9929,0.0,0.0,0.0,7,0.0,4,0.3417866675452838
task2/b1_4-1-1-1,b1,4,1,1,1,omni-573,\frac{5}{6},8,3600,0.0,0.0,0.0,3,0.0,4,0.5701908344764821
task2/b1_4-1-1-1,b1,4,1,1,1,omni-3826,120^\circ,8,4077,0.125,1.0,1.0,3,0.0,4,0.7065750966260549
task2/b1_4-1-1-1,b1,4,1,1,1,omni-1666,8,8,2087,0.0,0.0,0.0,2,0.0,4,0.8092140139762879
task2/b1_4-1-1-1,b1,4,1,1,1,omni-3623,150,8,5805,0.375,1.0,1.0,3,0.0,4,0.5342479472499813
task2/b1_4-1-1-1,b1,4,1,1,1,omni-3183,No,8,6617,0.625,1.0,1.0,2,0.0,4,0.28831116565935583
task2/b1_4-1-1-1,b1,4,1,1,1,omni-2300,"(p, q, r)=\left(\frac{2}{5}, \frac{3}{10}, \frac{3}{10}\right)",8,5035,0.0,0.0,0.0,4,0.0,4,0.3774302404468103
task2/b1_4-1-1-1,b1,4,1,1,1,omni-2541,6,8,4375,0.25,1.0,1.0,4,0.0,4,0.48342127212810376
task2/b1_4-1-1-1,b1,4,1,1,1,omni-1961,2 \sqrt{30},8,4666,0.0,0.0,0.0,2,0.0,4,0.35183590522160324
task2/b1_4-1-1-1,b1,4,1,1,1,omni-1357,209,8,3415,0.0,0.0,0.0,4,0.0,4,0.4379588400917146
task2/b1_4-1-1-1,b1,4,1,1,1,omni-0,1 + \left\lceil \frac{n}{2} \right\rceil,8,4440,0.0,0.0,0.0,3,0.0,4,0.5516422909296422
task2/b1_4-1-1-1,b1,4,1,1,1,omni-1540,1/2,8,6847,0.625,1.0,1.0,3,0.0,4,0.31798227727805506
task2/b1_4-1-1-1,b1,4,1,1,1,omni-117,n \text{ must be odd},8,4401,0.125,1.0,1.0,6,0.0,4,0.45756457767352043
task2/b1_4-1-1-1,b1,4,1,1,1,omni-2293,168089,8,6987,0.0,0.0,0.0,5,0.0,4,0.3945264596585404
task2/b1_4-1-1-1,b1,4,1,1,1,omni-3710,\text{No},8,5928,1.0,1.0,0.0,1,0.0,4,0.3226536430502217
task2/b1_4-1-1-1,b1,4,1,1,1,omni-2280,9,8,5428,0.875,1.0,1.0,2,0.0,4,0.2976899342288929
task2/b1_4-1-1-1,b1,4,1,1,1,omni-344,"\[
\frac{63}{64}
\]",8,2781,0.0,0.0,0.0,3,0.0,4,0.6761340152786164
task2/b1_4-1-1-1,b1,4,1,1,1,omni-3076,44,8,2316,1.0,1.0,0.0,1,0.0,4,0.5531454445760228
task2/b1_4-1-1-1,b1,4,1,1,1,omni-767,\binom{109}{10},8,4309,0.0,0.0,0.0,7,0.0,4,0.7356297415998321
task2/b1_4-1-1-1,b1,4,1,1,1,omni-2956,2,8,2890,0.0,0.0,0.0,6,0.0,4,0.2653244750404153
task2/b1_4-1-1-1,b1,4,1,1,1,omni-2522,1205,8,4300,0.0,0.0,0.0,8,0.0,4,0.25234646462227756
task2/b1_4-1-1-1,b1,4,1,1,1,omni-3397,y=-x+4,8,4343,0.0,0.0,0.0,5,0.0,4,0.5359095792020646
task2/b1_4-1-1-1,b1,4,1,1,1,omni-3924,C \ge 2 \ln 2,8,3952,0.0,0.0,0.0,4,0.0,4,0.654439614498266
task2/b1_4-1-1-1,b1,4,1,1,1,omni-712,123+6\sqrt{119},8,4740,0.0,0.0,0.0,4,0.0,4,0.7623452696297457
task2/b1_4-1-1-1,b1,4,1,1,1,omni-3226,27,8,2685,1.0,1.0,0.0,1,0.0,4,0.37923009945891434
task2/b1_4-1-1-1,b1,4,1,1,1,omni-3017,1,8,1720,1.0,1.0,0.0,1,0.0,4,0.5277560558146983
task2/b1_4-1-1-1,b1,4,1,1,1,omni-3699,100902018,8,6710,0.0,0.0,0.0,5,0.0,4,0.16324486059115176
task2/b1_4-1-1-1,b1,4,1,1,1,omni-3755,"{6,7,7.5,8,8.5,9,10}",8,5511,0.0,0.0,0.0,7,0.0,4,0.27694348319322565
task2/b1_4-1-1-1,b1,4,1,1,1,omni-3467,3,8,4090,0.0,0.0,0.0,4,0.0,4,0.6132789675200212
task2/b1_4-1-1-1,b1,4,1,1,1,omni-2787,6,8,2070,1.0,1.0,0.0,1,0.0,4,0.5182156779732341
task2/b1_4-1-1-1,b1,4,1,1,1,omni-2411,\frac{20}{3},8,4503,0.0,0.0,0.0,4,0.0,4,0.5718951815913181
task2/b1_4-1-1-1,b1,4,1,1,1,omni-2708,7,8,2376,1.0,1.0,0.0,1,0.0,4,0.1863297463674119
task2/b1_4-1-1-1,b1,4,1,1,1,omni-4115,"$f(x)= 0,f(x)= 2-x, f(x)=-x$",8,6128,0.0,0.0,0.0,2,0.0,4,0.38828456039138703
task2/b1_4-1-1-1,b1,4,1,1,1,omni-4386,\text{yes},8,3757,0.25,1.0,1.0,2,0.0,4,0.42679411896046227
task2/b1_4-1-1-1,b1,4,1,1,1,omni-2084,12,8,5167,0.0,0.0,0.0,5,0.0,4,0.5540581963529
task2/b1_4-1-1-1,b1,4,1,1,1,omni-1341,581,8,5245,0.0,0.0,0.0,6,0.0,4,0.6963866278286226
task2/b1_4-1-1-1,b1,4,1,1,1,omni-3423,37.5\%,8,3061,0.25,1.0,1.0,2,0.0,4,0.42467477554692096
task2/b1_4-1-1-1,b1,4,1,1,1,omni-3819,"f(x) = \begin{cases}
\frac{2}{2 - x}, & 0 \leq x < 2, \\
0, & x \geq 2.
\end{cases}",8,5426,0.875,1.0,1.0,6,0.0,4,0.6019869303935605
task2/b1_4-1-1-1,b1,4,1,1,1,omni-2653,932,8,7170,0.0,0.0,0.0,6,0.0,4,0.2504699301824584
task2/b1_4-1-1-1,b1,4,1,1,1,omni-3827,f(x) = 0 \text{ and } f(x) = x - 1.,8,4276,0.0,0.0,0.0,2,0.0,4,0.6207338424321448
task2/b1_4-1-1-1,b1,4,1,1,1,omni-312,"The largest integer \( n \) such that there exist monic quadratic polynomials \( p_{1}(x), p_{2}(x), p_{3}(x) \) with integer coefficients so that for all integers \( i \in[1, n] \) there exists some \( j \in[1,3] \) and \( m \in \mathbb{Z} \) such that \( p_{j}(m)=i \) is \( \boxed{9} \).",8,4699,0.125,1.0,1.0,4,0.0,4,0.6692326565239445
task2/b1_4-1-1-1,b1,4,1,1,1,omni-327,\[ 1979 \],8,4336,0.125,1.0,1.0,4,0.0,4,0.35407251577175797
task2/b1_4-1-1-1,b1,4,1,1,1,omni-3441,10^{3} \text{ and } 10^{4},8,1439,0.75,1.0,1.0,2,0.0,4,0.5295730098361677
task2/b1_4-1-1-1,b1,4,1,1,1,omni-3404,\frac{5}{12},8,2199,1.0,1.0,0.0,1,0.0,4,0.7805801569206762
task2/b1_4-1-1-1,b1,4,1,1,1,omni-246,\[\frac{(m+n)!}{(m-n)!} = \prod_{i=1}^{n}\left(m^{2}+m-i^{2}+i\right)\],8,5423,1.0,1.0,0.0,2,0.0,4,0.4931127429007649
task2/b1_4-1-1-1,b1,4,1,1,1,omni-2943,3,8,2353,1.0,1.0,0.0,1,0.0,4,0.7203936672346891
task2/b1_4-1-1-1,b1,4,1,1,1,omni-577,"(16,4,1),(1,16,4)",8,6996,0.0,0.0,0.0,8,0.0,4,0.4346102002038489
task2/b1_4-1-1-1,b1,4,1,1,1,omni-3023,9,8,3859,1.0,1.0,0.0,1,0.0,4,0.488910587614244
task2/b1_4-1-1-1,b1,4,1,1,1,omni-4188,$\text { We conclude that } I\star (M\star O) = (O\star I)\star M \text { if } \triangle IMO \text{ is positively oriented and is isosceles with } OI = OM \text { and } \angle IOM=\frac{2\pi}{3}.$,8,4606,0.0,0.0,0.0,4,0.0,4,0.595423370910644
task2/b1_4-1-1-1,b1,4,1,1,1,omni-1140,20,8,2999,0.5,1.0,1.0,3,0.0,4,0.7139197546377207
task2/b1_4-1-1-1,b1,4,1,1,1,omni-809,96,8,5475,0.5,1.0,1.0,5,0.0,4,0.5578525374109105
task2/b1_4-1-1-1,b1,4,1,1,1,omni-1675,21,8,6853,0.125,1.0,1.0,5,0.0,4,0.6765514727793491
task2/b1_4-1-1-1,b1,4,1,1,1,omni-3267,"(j,k) = (2019, 1010)",8,4401,0.0,0.0,0.0,7,0.0,4,0.45129400859320007
task2/b1_4-1-1-1,b1,4,1,1,1,omni-1816,35,8,2908,0.0,0.0,0.0,6,0.0,4,0.35357867358878753
task2/b1_4-1-1-1,b1,4,1,1,1,omni-4008,-\frac{1}{8},8,5950,0.875,1.0,1.0,2,0.0,4,0.5329626025538203
task2/b1_4-1-1-1,b1,4,1,1,1,omni-2356,1006,8,3635,0.25,1.0,1.0,2,0.0,4,0.5537782371363436
task2/b1_4-1-1-1,b1,4,1,1,1,omni-1551,-18910,8,3742,0.0,0.0,0.0,5,0.0,4,0.7229625038918537
task2/b1_4-1-1-1,b1,4,1,1,1,omni-1225,"r = 4, s = 5",8,5335,1.0,1.0,0.0,1,0.0,4,0.33940507540203196
task2/b1_4-1-1-1,b1,4,1,1,1,omni-1762,\log _{2} 2015-1,8,5402,0.5,1.0,1.0,5,0.0,4,0.2646144021880501
task2/b1_4-1-1-1,b1,4,1,1,1,omni-944,5,8,4332,0.0,0.0,0.0,3,0.0,4,0.5891015519623667
task2/b1_4-1-1-1,b1,4,1,1,1,omni-1806,1,8,2256,0.625,1.0,1.0,4,0.0,4,0.5075545247779609
task2/b1_4-1-1-1,b1,4,1,1,1,omni-370,14,8,2604,1.0,1.0,0.0,1,0.0,4,0.4803566673802416
task2/b1_4-1-1-1,b1,4,1,1,1,omni-749,\frac{2}{3},8,3743,0.0,0.0,0.0,3,0.0,4,0.288578262125808
task2/b1_4-1-1-1,b1,4,1,1,1,omni-3925,"$(p,n)=(p,p),(2,4)$",8,5811,0.0,0.0,0.0,6,0.0,4,0.5179148632295993
task2/b1_4-1-1-1,b1,4,1,1,1,omni-1809,\frac{1+\sqrt{5}}{2},8,3007,1.0,1.0,0.0,1,0.0,4,0.7455841690417693
task2/b1_4-1-1-1,b1,4,1,1,1,omni-322,The only possible value for the center is \( 18 \).,8,6511,0.0,0.0,0.0,4,0.0,4,0.13871056674882573
task2/b1_4-1-1-1,b1,4,1,1,1,omni-475,144,8,3321,0.0,0.0,0.0,3,0.0,4,0.4995535051440494
task2/b1_4-1-1-1,b1,4,1,1,1,omni-1432,\frac{1005}{1006},8,7439,0.0,0.0,0.0,3,0.0,4,0.34516951161958753
task2/b1_4-1-1-1,b1,4,1,1,1,omni-2055,27,8,3461,0.0,0.0,0.0,4,0.0,4,0.5381164537329101
task2/b1_4-1-1-1,b1,4,1,1,1,omni-1104,283,8,8534,0.0,0.0,0.0,4,0.0,4,0.6303040631202295
task2/b1_4-1-1-1,b1,4,1,1,1,omni-3178,"The coordinates of $R(x,y)$ are $(x+n,y)$.",8,6433,0.0,0.0,0.0,4,0.0,4,0.5278374462328614
task2/b1_4-1-1-1,b1,4,1,1,1,omni-1827,"Two continuous arcs from the circle with diameter 4,4",8,3439,0.0,0.0,0.0,5,0.0,4,0.30471686469328546
task2/b1_4-1-1-1,b1,4,1,1,1,omni-3648,f(x) = \frac{1}{x},8,6581,0.5,1.0,1.0,4,0.0,4,0.30053055034725024
task2/b1_4-1-1-1,b1,4,1,1,1,omni-318,\[ 36 \],8,4974,0.0,0.0,0.0,3,0.0,4,0.1909585972725018
task2/b1_4-1-1-1,b1,4,1,1,1,omni-683,\frac{216 \pi^{3}-2187 \sqrt{3}}{8 \pi^{2}},8,5877,0.0,0.0,0.0,6,0.0,4,0.42756204801710573
task2/b1_4-1-1-1,b1,4,1,1,1,omni-19,69,8,7862,0.0,0.0,0.0,3,0.125,4,0.30501694879122176
task2/b1_4-1-1-1,b1,4,1,1,1,omni-1492,"(0,0) \text{ and } (1,1)",8,4164,1.0,1.0,0.0,1,0.0,4,0.5068579317692966
task2/b1_4-1-1-1,b1,4,1,1,1,omni-948,\frac{224}{243},8,3752,0.0,0.0,0.0,5,0.0,4,0.5740441204950713
task2/b1_4-1-1-1,b1,4,1,1,1,omni-152,A positive integral solution exists.,8,4429,0.0,0.0,0.0,1,0.0,4,0.4855270621492785
task2/b1_4-1-1-1,b1,4,1,1,1,omni-4050,f(x) = c \log(x) \text{ or } f(x) = cx^k.,8,6306,0.0,0.0,0.0,7,0.0,4,0.24495618925152313
task2/b1_4-1-1-1,b1,4,1,1,1,omni-72,\lceil \frac{n}{t} \rceil,8,2674,0.125,1.0,1.0,3,0.0,4,0.65704553122119
task2/b1_4-1-1-1,b1,4,1,1,1,omni-2770,80,8,3876,0.25,1.0,1.0,5,0.0,4,0.26864474034659264
task2/b1_4-1-1-1,b1,4,1,1,1,omni-3234,\frac{1}{3},8,5711,0.375,1.0,1.0,3,0.0,4,0.7403449634231348
task2/b1_4-1-1-1,b1,4,1,1,1,omni-1471,30,8,1972,1.0,1.0,0.0,1,0.0,4,0.4522638296600253
task2/b1_4-1-1-1,b1,4,1,1,1,omni-890,240,8,8425,0.0,0.0,0.0,8,0.0,4,0.2564743748458781
task2/b1_4-1-1-1,b1,4,1,1,1,omni-4077,$\boxed{2^{19} \cdot 3^{10} \cdot 5^{4} \cdot 3^{3} \cdot 11\cdot 13\cdot 17\cdot 19}$,8,6654,0.0,0.0,0.0,7,0.0,4,0.7502290929052378
task2/b1_4-1-1-1,b1,4,1,1,1,omni-539,12,8,3570,0.0,0.0,0.0,3,0.0,4,0.5525802951093374
task2/b1_4-1-1-1,b1,4,1,1,1,omni-4251,"{x \in \mathbb{Z} \cup \bigcup_{n = 1} ^{\infty} (n, \sqrt{(n-1)^2 + 1} + 1)}",8,6061,0.0,0.0,0.0,7,0.0,4,0.6528235406930333
task2/b1_4-1-1-1,b1,4,1,1,1,omni-1803,f(x) = \lfloor x \rfloor,8,5028,0.25,1.0,1.0,2,0.0,4,0.67588619772531
task2/b1_4-1-1-1,b1,4,1,1,1,omni-1652,\frac{19}{18},8,3495,0.25,1.0,1.0,5,0.0,4,0.5620400169141061
task2/b1_4-1-1-1,b1,4,1,1,1,omni-3096,236,8,2750,1.0,1.0,0.0,1,0.0,4,0.4655476518284351
task2/b1_4-1-1-1,b1,4,1,1,1,omni-4269,"\tan(\sin x) > \sin(\tan x) \text{ for } x \in \left(0, \frac{\pi}{2}\right)",8,4890,0.0,0.0,0.0,2,0.0,4,0.40283302531243154
task2/b1_4-1-1-1,b1,4,1,1,1,omni-2607,7174,8,4567,0.0,0.0,0.0,8,0.0,4,0.45653002750758515
task2/b1_4-1-1-1,b1,4,1,1,1,omni-3853,3,8,4742,0.125,1.0,1.0,5,0.0,4,0.32938291724331403
task2/b1_4-1-1-1,b1,4,1,1,1,omni-1316,2003,8,3095,1.0,1.0,0.0,1,0.0,4,0.6133496753725406
task2/b1_4-1-1-1,b1,4,1,1,1,omni-275,The function \( f(x) = kx \) for any real value of \( k \).,8,4734,0.0,0.0,0.0,2,0.0,4,0.7181460857366286
task2/b1_4-1-1-1,b1,4,1,1,1,omni-3422,4^{7},8,2451,1.0,1.0,0.0,1,0.0,4,0.3536180611755538
task2/b1_4-1-1-1,b1,4,1,1,1,omni-537,33^{\circ},8,3246,0.0,0.0,0.0,5,0.0,4,0.711010554636385
task2/b1_4-1-1-1,b1,4,1,1,1,omni-1043,20,8,8925,0.0,0.0,0.0,6,0.0,4,0.48667549264152726
task2/b1_4-1-1-1,b1,4,1,1,1,omni-1154,\frac{4}{9},8,5625,0.0,0.0,0.0,1,0.0,4,0.31429093861591534
task2/b1_4-1-1-1,b1,4,1,1,1,omni-3167,2\sqrt{2} - 1,8,4967,0.0,0.0,0.0,3,0.0,4,0.6123874529355965
task2/b1_4-1-1-1,b1,4,1,1,1,omni-862,403,8,3655,0.0,0.0,0.0,4,0.0,4,0.6272038111863688
task2/b1_4-1-1-1,b1,4,1,1,1,omni-2767,44,8,3015,0.0,0.0,0.0,7,0.0,4,0.5494177502077899
task2/b1_4-1-1-1,b1,4,1,1,1,omni-3211,\frac{\pi \log(2)}{8},8,6689,0.0,0.0,0.0,3,0.0,4,0.3754674814724373
task2/b1_4-1-1-1,b1,4,1,1,1,omni-3982,4,8,5872,0.625,1.0,1.0,4,0.0,4,0.4396811386074038
task2/b1_4-1-1-1,b1,4,1,1,1,omni-4154,"(p, x, y) \in \{(3, 2, 5), (3, 5, 2)\} \cup \{(2, n, 2^k - n) \mid 0 < n < 2^k\}",8,6621,0.0,0.0,0.0,4,0.0,4,0.39462137479925674
task2/b1_4-1-1-1,b1,4,1,1,1,omni-812,433755,8,3229,0.0,0.0,0.0,4,0.0,4,0.326176846211812
task2/b1_4-1-1-1,b1,4,1,1,1,omni-4068,\lambda \ge \frac{1}{n-1},8,3022,0.0,0.0,0.0,2,0.0,4,0.7361902368087301
task2/b1_4-1-1-1,b1,4,1,1,1,omni-240,The composite positive integers \( n \) for which it is possible to arrange all divisors of \( n \) that are greater than 1 in a circle so that no two adjacent divisors are relatively prime are those \( n \) that are not of the form \( pq \) where \( p \) and \( q \) are distinct primes.,8,4540,0.0,0.0,0.0,7,0.0,4,0.44335502736359844
task2/b1_4-1-1-1,b1,4,1,1,1,omni-1173,Yes,8,7378,0.0,0.0,0.0,1,0.0,4,0.24809831031082988
task2/b1_4-1-1-1,b1,4,1,1,1,omni-3980,m \text{ is a prime number},8,4980,0.125,1.0,1.0,8,0.0,4,0.6311587868279951
task2/b1_4-1-1-1,b1,4,1,1,1,omni-2308,210,8,4133,0.0,0.0,0.0,5,0.0,4,0.36527098121692564
task2/b1_4-1-1-1,b1,4,1,1,1,omni-604,\frac{16}{3},8,7030,0.0,0.0,0.0,3,0.0,4,0.2846174200186632
task2/b1_4-1-1-1,b1,4,1,1,1,omni-3907,\frac{1}{4},8,5040,0.0,0.0,0.0,1,0.0,4,0.43095194626614336
task2/b1_4-1-1-1,b1,4,1,1,1,omni-9,561,8,2037,0.0,0.0,0.0,3,0.0,4,0.5405923956364544
task2/b1_4-1-1-1,b1,4,1,1,1,omni-1954,32,8,4827,0.0,0.0,0.0,5,0.0,4,0.31079389498698606
task2/b1_4-1-1-1,b1,4,1,1,1,omni-893,1024,8,1992,1.0,1.0,0.0,1,0.0,4,0.5857926992889042
task2/b1_4-1-1-1,b1,4,1,1,1,omni-3645,19,8,4257,1.0,1.0,0.0,1,0.0,4,0.759733618269079
task2/b1_4-1-1-1,b1,4,1,1,1,omni-1529,\frac{79}{20},8,2906,0.0,0.0,0.0,4,0.0,4,0.5830481251685782
task2/b1_4-1-1-1,b1,4,1,1,1,omni-316,\[ f(x) = x + 1 \],8,6049,0.625,1.0,1.0,4,0.0,4,0.290346102560094
task2/b1_4-1-1-1,b1,4,1,1,1,omni-3435,7,8,2573,1.0,1.0,0.0,1,0.0,4,0.5683265769885077
task2/b1_4-1-1-1,b1,4,1,1,1,omni-3984,3 \text{ and } 4,8,5252,0.0,0.0,0.0,3,0.0,4,0.6375934010412204
task2/b1_4-1-1-1,b1,4,1,1,1,omni-3047,28,8,3957,0.5,1.0,1.0,4,0.0,4,0.443245646318187
task2/b1_4-1-1-1,b1,4,1,1,1,omni-4376,\text{Yes},8,4918,0.5,1.0,1.0,2,0.0,4,0.6075517352826829
task2/b1_4-1-1-1,b1,4,1,1,1,omni-3032,3,8,2457,1.0,1.0,0.0,1,0.0,4,0.24194692135293466
task2/b1_4-1-1-1,b1,4,1,1,1,omni-1725,16,8,3847,0.0,0.0,0.0,6,0.0,4,0.7561259112882266
task2/b1_4-1-1-1,b1,4,1,1,1,omni-589,There is no such function \( f: S \rightarrow S \).,8,4240,0.0,0.0,0.0,2,0.0,4,0.5664367689713765
task2/b1_4-1-1-1,b1,4,1,1,1,omni-826,\frac{\sqrt{30}}{2},8,4864,0.0,0.0,0.0,5,0.0,4,0.4006028338015595
task2/b1_4-1-1-1,b1,4,1,1,1,omni-1296,2002,8,4157,1.0,1.0,0.0,1,0.0,4,0.4909154401082887
task2/b1_4-1-1-1,b1,4,1,1,1,omni-108,41,8,7772,0.0,0.0,0.0,3,0.125,4,0.4218812986812958
task2/b1_4-1-1-1,b1,4,1,1,1,omni-1256,41,8,4556,0.25,1.0,1.0,3,0.0,4,0.4571546486911094
task2/b1_4-1-1-1,b1,4,1,1,1,omni-1967,6,8,3383,0.0,0.0,0.0,3,0.0,4,0.22657394538958817
task2/b1_4-1-1-1,b1,4,1,1,1,omni-3394,4,8,1760,1.0,1.0,0.0,1,0.0,4,0.48607731185525715
task2/b1_4-1-1-1,b1,4,1,1,1,omni-3671,\frac{1}{2^{1007}},8,4616,0.25,1.0,1.0,3,0.0,4,0.5569753137272224
task2/b1_4-1-1-1,b1,4,1,1,1,omni-523,(2i-1)/4,8,4570,0.0,0.0,0.0,4,0.0,4,0.30151443491274255
task2/b1_4-1-1-1,b1,4,1,1,1,omni-4051,f(x) = 2x \text{ and } f(x) = 0,8,8031,0.5,1.0,1.0,3,0.0,4,0.2979725943461536
task2/b1_4-1-1-1,b1,4,1,1,1,omni-1069,2048,8,2106,0.0,0.0,0.0,2,0.0,4,0.5058835535707313
task2/b1_4-1-1-1,b1,4,1,1,1,omni-4328,"f(x) = \begin{cases}
-(1-x)^c + 1 &\text{ if $x < 1$} \\
1 &\text{ if $x = 1$} \\
k(x-1)^c + 1 &\text{ if $x > 1$}
\end{cases}, \text{ for some real constants }c \geq 0, k > 0",8,7223,0.375,1.0,1.0,8,0.0,4,0.3955058092513368
task2/b1_4-1-1-1,b1,4,1,1,1,omni-820,54^{\circ},8,3798,0.375,1.0,1.0,4,0.0,4,0.4269759420446833
task2/b1_4-1-1-1,b1,4,1,1,1,omni-2101,1019088,8,3176,0.0,0.0,0.0,3,0.0,4,0.3592880442234768
task2/b1_4-1-1-1,b1,4,1,1,1,omni-346,\[ A = -7 \],8,6128,0.0,0.0,0.0,5,0.0,4,0.46278120025168257
task2/b1_4-1-1-1,b1,4,1,1,1,omni-3757,\frac{2}{5} \cdot 9^n - \frac{2}{5} \cdot (-1)^n,8,2542,0.0,0.0,0.0,3,0.0,4,0.541504857908736
task2/b1_4-1-1-1,b1,4,1,1,1,omni-1134,23/144,8,5283,0.0,0.0,0.0,7,0.0,4,0.23184641818778903
task2/b1_4-1-1-1,b1,4,1,1,1,omni-292,"There does not exist a strictly increasing eight-term arithmetic progression \(a_{1}, \ldots, a_{8}\) of odd positive integers such that \(r(a_{1}), \ldots, r(a_{8})\) is an arithmetic progression in that order.",8,5168,0.0,0.0,0.0,2,0.0,4,0.44826563002160313
task2/b1_4-1-1-1,b1,4,1,1,1,omni-1062,45,8,7940,0.0,0.0,0.0,7,0.0,4,0.30412457912802066
task2/b1_4-1-1-1,b1,4,1,1,1,omni-4284,\text{Yes},8,4823,0.375,1.0,1.0,2,0.0,4,0.35581674894124166
task2/b1_4-1-1-1,b1,4,1,1,1,omni-814,1,8,3789,1.0,1.0,0.0,1,0.0,4,0.7386068070189946
task2/b1_4-1-1-1,b1,4,1,1,1,omni-3494,15,8,2818,0.375,1.0,1.0,5,0.0,4,0.4810961084153977
task2/b1_4-1-1-1,b1,4,1,1,1,omni-693,29,8,4387,0.0,0.0,0.0,5,0.0,4,0.7407090421114347
task2/b1_4-1-1-1,b1,4,1,1,1,omni-2374,2^{2013}-6036,8,5851,0.875,1.0,1.0,2,0.0,4,0.40384562209678715
task2/b1_4-1-1-1,b1,4,1,1,1,omni-2137,12345,8,6534,0.0,0.0,0.0,7,0.0,4,0.3541421958179322
task2/b1_4-1-1-1,b1,4,1,1,1,omni-4072,$\text{第二个玩家有获胜策略，当且仅当} \displaystyle n \leq \varphi k \text{和}  \displaystyle k \leq \varphi n \text{而且}  \displaystyle \varphi=\frac{\sqrt{5}+1}{2}$,8,3513,0.0,0.0,0.0,7,0.0,4,0.3814582077973606
task2/b1_4-1-1-1,b1,4,1,1,1,omni-2962,8 \text{ p.m. on Saturday},8,959,0.75,1.0,1.0,2,0.0,4,0.8271621628100504
task2/b1_4-1-1-1,b1,4,1,1,1,omni-4058,\text{No},8,6056,1.0,1.0,0.0,1,0.0,4,0.5101149464010153
task2/b1_4-1-1-1,b1,4,1,1,1,omni-2636,2530,8,2416,0.0,0.0,0.0,3,0.0,4,0.46917046114616046
task2/b1_4-1-1-1,b1,4,1,1,1,omni-543,48,8,2453,0.0,0.0,0.0,5,0.0,4,0.8553134312492081
task2/b1_4-1-1-1,b1,4,1,1,1,omni-1219,\frac{19}{28},8,4375,0.0,0.0,0.0,6,0.0,4,0.4063500602187388
task2/b1_4-1-1-1,b1,4,1,1,1,omni-742,2402,8,5287,0.875,1.0,1.0,2,0.0,4,0.5442587877622604
task2/b1_4-1-1-1,b1,4,1,1,1,omni-3950,2^n - 1,8,3751,0.0,0.0,0.0,3,0.0,4,0.5000454558899353
task2/b1_4-1-1-1,b1,4,1,1,1,omni-4042,f(x) = c \text{ for any } c > 0.,8,6005,0.0,0.0,0.0,7,0.0,4,0.4497218815512925
task2/b1_4-1-1-1,b1,4,1,1,1,omni-1957,60\left(1-\left(\frac{1}{10}\right)^{\frac{1}{9}}\right),8,6429,0.0,0.0,0.0,4,0.0,4,0.4603266540484549
task2/b1_4-1-1-1,b1,4,1,1,1,omni-4029,"\text{For } n = 3, \text{ it is not possible. For } n = 2, \text{ it is possible.}",8,3909,0.0,0.0,0.0,6,0.0,4,0.3937239239865286
task2/b1_4-1-1-1,b1,4,1,1,1,omni-3759,2,8,4581,0.75,1.0,1.0,3,0.0,4,0.3997710387248423
task2/b1_4-1-1-1,b1,4,1,1,1,omni-2839,9,8,6617,0.0,0.0,0.0,4,0.0,4,0.3682588464830952
task2/b1_4-1-1-1,b1,4,1,1,1,omni-2427,199 \pi,8,1714,1.0,1.0,0.0,1,0.0,4,0.5790749467715867
task2/b1_4-1-1-1,b1,4,1,1,1,omni-3641,f(n) = 1 \text{ for all } n \in \mathbb{N} \text{ or } f(n) = n^2 \text{ for all } n \in \mathbb{N}.,8,5195,0.0,0.0,0.0,2,0.0,4,0.4351049644204105
task2/b1_4-1-1-1,b1,4,1,1,1,omni-2092,\frac{189}{2},8,4406,0.0,0.0,0.0,1,0.0,4,0.2982517759456385
task2/b1_4-1-1-1,b1,4,1,1,1,omni-2501,20,8,7066,0.125,1.0,1.0,5,0.0,4,0.5041724345945641
task2/b1_4-1-1-1,b1,4,1,1,1,omni-3401,62\%,8,924,1.0,1.0,0.0,1,0.0,4,0.4622334818105371
task2/b1_4-1-1-1,b1,4,1,1,1,omni-2658,648,8,4247,0.0,0.0,0.0,6,0.0,4,0.3758403300425561
task2/b1_4-1-1-1,b1,4,1,1,1,omni-2829,8,8,1203,1.0,1.0,0.0,1,0.0,4,0.30423319534792037
task2/b1_4-1-1-1,b1,4,1,1,1,omni-1703,105,8,3242,1.0,1.0,0.0,1,0.0,4,0.421572315634418
task2/b1_4-1-1-1,b1,4,1,1,1,omni-3317,23097,8,4720,0.0,0.0,0.0,6,0.0,4,0.4984887329887595
task2/b1_4-1-1-1,b1,4,1,1,1,omni-1144,1/5,8,5834,0.0,0.0,0.0,7,0.0,4,0.5187729083890464
task2/b1_4-1-1-1,b1,4,1,1,1,omni-2704,9 \mathrm{~km} / \mathrm{h},8,3395,1.0,1.0,0.0,2,0.0,4,0.49491147604996844
task2/b1_4-1-1-1,b1,4,1,1,1,omni-3626,2k - 1,8,2745,0.0,0.0,0.0,1,0.0,4,0.6471116627446027
task2/b1_4-1-1-1,b1,4,1,1,1,omni-4043,"(a, a+1)",8,7364,0.125,1.0,1.0,7,0.0,4,0.3600287382714195
task2/b1_4-1-1-1,b1,4,1,1,1,omni-1167,\frac{A B^{2}}{A C^{2}},8,3268,0.0,0.0,0.0,6,0.0,4,0.5196765898540511
task2/b1_4-1-1-1,b1,4,1,1,1,omni-2469,\sqrt[4]{2},8,2811,1.0,1.0,0.0,1,0.0,4,0.28855076208701835
task2/b1_4-1-1-1,b1,4,1,1,1,omni-750,89,8,4060,1.0,1.0,0.0,1,0.0,4,0.23590909824782982
task2/b1_4-1-1-1,b1,4,1,1,1,omni-270,"The minimal total penalty a player can amass is:
\[ \min(BW, 2WR, 3RB) \]

The number of optimal strategies is:
- If \( BW \neq 2WR \neq 3RB \), there is \( 1 \) optimal strategy.
- If \( BW = 2WR < 3RB \), there are \( W+1 \) strategies.
- If \( 2WR = 3RB < BW \), there are \( R+1 \) strategies.
- If \( 3RB = BW < 2WR \), there are \( B+1 \) strategies.
- If \( BW = 2WR = 3RB \), there are \( R+B+W \) strategies.",8,6233,0.0,0.0,0.0,5,0.125,4,0.6185492643906036
task2/b1_4-1-1-1,b1,4,1,1,1,omni-657,1545,8,4272,0.0,0.0,0.0,6,0.0,4,0.5846444539083182
task2/b1_4-1-1-1,b1,4,1,1,1,omni-2254,"(30,92) \text{ OR } (92,30)",8,6780,0.0,0.0,0.0,3,0.0,4,0.4184830339816489
task2/b1_4-1-1-1,b1,4,1,1,1,omni-2746,1: 2,8,2101,1.0,1.0,0.0,1,0.0,4,0.8677788350303216
task2/b1_4-1-1-1,b1,4,1,1,1,omni-1396,f(n)=\left\{\begin{array}{cl} 0 & \text { if } n \text { is even } \\ \frac{1}{2 n} & \text { if } n \text { is odd } \end{array}\right.,8,5559,0.0,0.0,0.0,2,0.0,4,0.3788773230529648
task2/b1_4-1-1-1,b1,4,1,1,1,omni-606,1+\sqrt{\frac{7}{15}},8,4857,0.0,0.0,0.0,6,0.0,4,0.5516765522210169
task2/b1_4-1-1-1,b1,4,1,1,1,omni-950,\binom{100}{50} 2^{98},8,2312,0.0,0.0,0.0,6,0.0,4,0.4218836664882377
task2/b1_4-1-1-1,b1,4,1,1,1,omni-500,28,8,3381,0.0,0.0,0.0,7,0.0,4,0.6060957383837225
task2/b1_4-1-1-1,b1,4,1,1,1,omni-2466,3680,8,5004,0.75,1.0,1.0,3,0.0,4,0.33919465734582954
task2/b1_4-1-1-1,b1,4,1,1,1,omni-1633,323,8,2166,0.0,0.0,0.0,2,0.0,4,0.6269279038204999
task2/b1_4-1-1-1,b1,4,1,1,1,omni-1326,714,8,2973,0.0,0.0,0.0,2,0.0,4,0.598730565304652
task2/b1_4-1-1-1,b1,4,1,1,1,omni-3863,59,8,3116,0.0,0.0,0.0,4,0.0,4,0.539705518419375
task2/b1_4-1-1-1,b1,4,1,1,1,omni-101,7,8,2103,0.0,0.0,0.0,1,0.0,4,0.4555135507084042
task2/b1_4-1-1-1,b1,4,1,1,1,omni-3947,(2n-1)!!,8,3220,0.0,0.0,0.0,2,0.0,4,0.42428522426483983
task2/b1_4-1-1-1,b1,4,1,1,1,omni-661,3 \sqrt{3} / 2,8,2621,0.0,0.0,0.0,2,0.0,4,0.5765383782001123
task2/b1_4-1-1-1,b1,4,1,1,1,omni-3101,33,8,3480,0.0,0.0,0.0,4,0.0,4,0.6082024772723142
task2/b1_4-1-1-1,b1,4,1,1,1,omni-2123,\frac{21}{2},8,7676,0.25,1.0,1.0,4,0.0,4,0.2925674639785485
task2/b1_4-1-1-1,b1,4,1,1,1,omni-2670,19,8,1692,1.0,1.0,0.0,1,0.0,4,0.25055969964106384
task2/b1_4-1-1-1,b1,4,1,1,1,omni-120,199,8,8163,0.0,0.0,0.0,2,0.0,4,0.6497151386047519
task2/b1_4-1-1-1,b1,4,1,1,1,omni-801,\frac{116}{35},8,4811,0.0,0.0,0.0,7,0.0,4,0.4787048720797872
task2/b1_4-1-1-1,b1,4,1,1,1,omni-3896,"2, 3, 4, 6, 8, 12, 24",8,4897,0.0,0.0,0.0,5,0.0,4,0.5116303283368077
task2/b1_4-1-1-1,b1,4,1,1,1,omni-1092,192,8,4269,0.0,0.0,0.0,4,0.0,4,0.3784421895248674
task2/b1_4-1-1-1,b1,4,1,1,1,omni-333,77,8,8148,0.0,0.0,0.0,7,0.0,4,0.2551012206939946
task2/b1_4-1-1-1,b1,4,1,1,1,omni-3567,y = -\frac{1}{4},8,5608,0.0,0.0,0.0,5,0.0,4,0.48155356935994315
task2/b1_4-1-1-1,b1,4,1,1,1,omni-1237,20,8,3705,0.875,1.0,1.0,2,0.0,4,0.6417661083373466
task2/b1_4-1-1-1,b1,4,1,1,1,omni-337,\[ x = 4 \],8,5166,1.0,1.0,0.0,1,0.0,4,0.49839503419649067
task2/b1_4-1-1-1,b1,4,1,1,1,omni-2403,\frac{5}{7},8,3862,0.0,0.0,0.0,3,0.0,4,0.5236015489815505
task2/b1_4-1-1-1,b1,4,1,1,1,omni-580,7,8,7317,0.5,1.0,1.0,3,0.0,4,0.3703546703628048
task2/b1_4-1-1-1,b1,4,1,1,1,omni-3941,"(2,2)(3,3)(1,2)(2,1)(2,3)(3,2)",8,7671,0.0,0.0,0.0,7,0.0,4,0.38840511337120265
task2/b1_4-1-1-1,b1,4,1,1,1,omni-309,"The simple modules of \( A \) are the 1-dimensional modules \( S_i \) for \( 1 \leq i \leq n \), where \( E_{ii} \) acts by 1 and \( E_{ij}, E_{jj} \) act by 0 for \( j \neq i \).",8,4288,0.0,0.0,0.0,5,0.0,4,0.6180905725762107
task2/b1_4-1-1-1,b1,4,1,1,1,omni-1622,Even,8,4559,0.0,0.0,0.0,1,0.0,4,0.6139017451123966
task2/b1_4-1-1-1,b1,4,1,1,1,omni-3674,"(2, 3) \text{ and } (6, 15)",8,6942,0.125,1.0,1.0,7,0.0,4,0.20848977372415464
task2/b1_4-1-1-1,b1,4,1,1,1,omni-3532,The sum diverges.,8,5645,0.0,0.0,0.0,3,0.0,4,0.6296622132281132
task2/b1_4-1-1-1,b1,4,1,1,1,omni-3260,160,8,1390,1.0,1.0,0.0,1,0.0,4,0.628917317207137
task2/b1_4-1-1-1,b1,4,1,1,1,omni-1239,-6,8,5912,0.375,1.0,1.0,6,0.0,4,0.41896686755532075
task2/b1_4-1-1-1,b1,4,1,1,1,omni-2641,7,8,4856,1.0,1.0,0.0,1,0.0,4,0.46766351342900775
task2/b1_4-1-1-1,b1,4,1,1,1,omni-290,\[ 4 \cdot 2007 - 3 = 8025 \],8,2689,0.0,0.0,0.0,3,0.0,4,0.5899392975314882
task2/b1_4-1-1-1,b1,4,1,1,1,omni-4231,$1\text{ for } n=1\text{ and } n^4-n^3\text{ for }n \ge 2$,8,3169,0.0,0.0,0.0,3,0.0,4,0.36140185974855804
task2/b1_4-1-1-1,b1,4,1,1,1,omni-3774,75^\circ,8,3148,0.0,0.0,0.0,2,0.0,4,0.6113988616057545
task2/b1_4-1-1-1,b1,4,1,1,1,omni-4243,"\[
\text{For all } n \geq 2.
\]",8,3919,0.125,1.0,1.0,8,0.0,4,0.354430027296266
task2/b1_4-1-1-1,b1,4,1,1,1,omni-1913,\frac{1}{2},8,3296,0.0,0.0,0.0,3,0.0,4,0.5329082268819014
task2/b1_4-1-1-1,b1,4,1,1,1,omni-2146,\frac{15 \sqrt{37}-75}{4},8,5586,0.0,0.0,0.0,7,0.0,4,0.3170826307237055
task2/b1_4-1-1-1,b1,4,1,1,1,omni-2351,\frac{13}{3},8,4793,0.0,0.0,0.0,4,0.0,4,0.5430265578906545
task2/b1_4-1-1-1,b1,4,1,1,1,omni-668,41,8,5882,0.0,0.0,0.0,3,0.0,4,0.4147940170817831
task2/b1_4-1-1-1,b1,4,1,1,1,omni-385,1,8,6829,0.625,1.0,1.0,3,0.0,4,0.4400358337811151
task2/b1_4-1-1-1,b1,4,1,1,1,omni-1597,"(995,1),(176,10),(80,21)",8,9268,0.0,0.0,0.0,3,0.25,4,0.567588603777025
task2/b1_4-1-1-1,b1,4,1,1,1,omni-1041,\binom{43}{21}-1,8,3742,0.0,0.0,0.0,6,0.0,4,0.5604394943319336
task2/b1_4-1-1-1,b1,4,1,1,1,omni-3043,5,8,1659,0.875,1.0,1.0,2,0.0,4,0.48388458337119733
task2/b1_4-1-1-1,b1,4,1,1,1,omni-4260,"$\boxed{(1,2,1,0), (2,0,2,0), (2,1,2,0,0), (x-3,2,1,0,0,\ldots, 0,1,0,0,0)} \text{ for any } x \ge 6$",8,5355,0.0,0.0,0.0,8,0.0,4,0.5301528534613046
task2/b1_4-1-1-1,b1,4,1,1,1,omni-929,1149852,8,5789,0.0,0.0,0.0,6,0.0,4,0.40229667009714126
task2/b1_4-1-1-1,b1,4,1,1,1,omni-1279,"\[
\sup \{V \mid V \text{ is good} \} = \frac{1}{4}
\]",8,3670,0.0,0.0,0.0,1,0.0,4,0.4674730411702568
task2/b1_4-1-1-1,b1,4,1,1,1,omni-2069,1026,8,8896,0.0,0.0,0.0,2,0.0,4,0.5606771684064435
task2/b1_4-1-1-1,b1,4,1,1,1,omni-2849,-y,8,1086,1.0,1.0,0.0,1,0.0,4,0.6475994098202932
task2/b1_4-1-1-1,b1,4,1,1,1,omni-26,n - 1,8,5542,0.0,0.0,0.0,1,0.0,4,0.3780575352750644
task2/b1_4-1-1-1,b1,4,1,1,1,omni-2484,25,8,4713,0.0,0.0,0.0,7,0.0,4,0.32381575765410703
task2/b1_4-1-1-1,b1,4,1,1,1,omni-776,178,8,4345,0.375,1.0,1.0,3,0.0,4,0.5825564521187973
task2/b1_4-1-1-1,b1,4,1,1,1,omni-3867,f(x) = -1 \text{ and } f(x) = x - 1.,8,5938,0.375,1.0,1.0,4,0.0,4,0.7288198448468588
task2/b1_4-1-1-1,b1,4,1,1,1,omni-4270,"\[
a_{u+vn} = 
\begin{cases} 
0, & u+v \le n, \\ 
1, & u+v \ge n+1 
\end{cases} 
\quad \text{for all } 1 \le u \le n \text{ and } 0 \le v \le n.
\]
\[
\text{The terms can be arranged into blocks of length } n \text{ as}
\]
\[
\underbrace{(0 \cdots 0)}_{n} \underbrace{(0 \cdots 0 \ 1)}_{n-1} \underbrace{(0 \cdots 0 \ 1 \ 1)}_{n-2} \cdots \underbrace{(0 \cdots 0 \ 1 \cdots 1)}_{n-v} \underbrace{(0 \ 1 \cdots 1)}_{v} \cdots \underbrace{(0 \ 1 \cdots 1)}_{n-1} \underbrace{(1 \cdots 1)}_{n}.
\]",8,6107,0.25,1.0,1.0,8,0.0,4,0.4102920541881789
task2/b1_4-1-1-1,b1,4,1,1,1,omni-2729,2,8,1767,1.0,1.0,0.0,1,0.0,4,0.44650111662131514
task2/b1_4-1-1-1,b1,4,1,1,1,omni-3669,12,8,5767,0.0,0.0,0.0,2,0.0,4,0.6536750776420805
task2/b1_4-1-1-1,b1,4,1,1,1,omni-2384,257,8,2625,0.0,0.0,0.0,5,0.0,4,0.6859199497274489
task2/b1_4-1-1-1,b1,4,1,1,1,omni-3153,18,8,4024,0.0,0.0,0.0,6,0.0,4,0.3963380209943509
task2/b1_4-1-1-1,b1,4,1,1,1,omni-2130,64912347,8,3360,0.0,0.0,0.0,6,0.0,4,0.40559793057128496
task2/b1_4-1-1-1,b1,4,1,1,1,omni-3205,8,8,1826,0.0,0.0,0.0,1,0.0,4,0.4895232060791833
task2/b1_4-1-1-1,b1,4,1,1,1,omni-3691,P(x) = x + 1,8,4510,0.125,1.0,1.0,6,0.0,4,0.627451854878759
task2/b1_4-1-1-1,b1,4,1,1,1,omni-1559,"-6,0,2,8",8,6947,0.0,0.0,0.0,6,0.0,4,0.3596215094994185
task2/b1_4-1-1-1,b1,4,1,1,1,omni-2724,181,8,7043,0.0,0.0,0.0,4,0.0,4,0.631536570932482
task2/b1_4-1-1-1,b1,4,1,1,1,omni-218,"\[
\boxed{\left(\frac{c^2+c-1}{c^2}, \frac{c}{c-1}, c\right)}
\]",8,6074,0.0,0.0,0.0,4,0.0,4,0.5884125908947768
task2/b1_4-1-1-1,b1,4,1,1,1,omni-298,"The pairs of positive integers \((x, y)\) that satisfy the equation \(x^y = y^{x - y}\) are:

\[
(x, y) = (9, 3) \quad \text{and} \quad (x, y) = (8, 2)
\]",8,4783,0.0,0.0,0.0,4,0.0,4,0.8486868422737623
task2/b1_4-1-1-1,b1,4,1,1,1,omni-186,\text{There exist infinitely many such sets } A \text{ and } B.,8,5071,0.0,0.0,0.0,5,0.0,4,0.7771725175806533
task2/b1_4-1-1-1,b1,4,1,1,1,omni-2869,12,8,2717,1.0,1.0,0.0,1,0.0,4,0.39326676967693464
task2/b1_4-1-1-1,b1,4,1,1,1,omni-2131,-\frac{2016}{2017},8,3196,0.0,0.0,0.0,5,0.0,4,0.5897471058994936
task2/b1_4-1-1-1,b1,4,1,1,1,omni-2804,20,8,6301,0.125,1.0,1.0,6,0.0,4,0.3027266894970737
task2/b1_4-1-1-1,b1,4,1,1,1,omni-3357,\log _{2008} 2009,8,4827,0.875,1.0,1.0,3,0.0,4,0.6005671499358372
task2/b1_4-1-1-1,b1,4,1,1,1,omni-3751,\frac{1}{99},8,6987,0.0,0.0,0.0,3,0.0,4,0.3091243729989949
task2/b1_4-1-1-1,b1,4,1,1,1,omni-2885,11,8,6613,0.0,0.0,0.0,6,0.0,4,0.2449199299970521
task2/b1_4-1-1-1,b1,4,1,1,1,omni-12,n \neq 5,8,4690,0.0,0.0,0.0,5,0.0,4,0.3731997255676632
task2/b1_4-1-1-1,b1,4,1,1,1,omni-258,\[ N = 2k^3 + 3k^2 + 3k \],8,5806,0.0,0.0,0.0,6,0.0,4,0.38694429611162523
task2/b1_4-1-1-1,b1,4,1,1,1,omni-1291,\frac{7}{33},8,2419,0.0,0.0,0.0,5,0.0,4,0.7647839249270819
task2/b1_4-1-1-1,b1,4,1,1,1,omni-2556,\frac{91 \sqrt{3}}{4},8,7561,0.0,0.0,0.0,2,0.0,4,0.45803248300672794
task2/b1_4-1-1-1,b1,4,1,1,1,omni-3291,The length of the altitude of the tetrahedron from vertex \(A\) can be constructed as \(\sqrt{|A_BY'|^2 - |X'Y'|^2}\).,8,4135,0.0,0.0,0.0,5,0.0,4,0.4768647498454319
task2/b1_4-1-1-1,b1,4,1,1,1,omni-1560,4,8,4876,0.0,0.0,0.0,1,0.0,4,0.67777727003819
task2/b1_4-1-1-1,b1,4,1,1,1,omni-3249,"$(a,b,c) = (9,8,7)$",8,3926,0.0,0.0,0.0,2,0.0,4,0.4995522337931331
task2/b1_4-1-1-1,b1,4,1,1,1,omni-4266,\text{Yes},8,2987,1.0,1.0,0.0,1,0.0,4,0.4476561655017587
task2/b1_4-1-1-1,b1,4,1,1,1,omni-1685,\frac{2009}{2},8,4017,0.75,1.0,1.0,2,0.0,4,0.5517055147934178
task2/b1_4-1-1-1,b1,4,1,1,1,omni-3051,17,8,2240,1.0,1.0,0.0,1,0.0,4,0.5727274164236452
task2/b1_4-1-1-1,b1,4,1,1,1,omni-2223,\frac{2013}{2014},8,1923,0.0,0.0,0.0,2,0.0,4,0.44864222264859666
task2/b1_4-1-1-1,b1,4,1,1,1,omni-2208,\frac{39}{67},8,3632,0.0,0.0,0.0,1,0.0,4,0.6174034802562149
task2/b1_4-1-1-1,b1,4,1,1,1,omni-941,144,8,4882,0.0,0.0,0.0,4,0.0,4,0.45239872260992886
task2/b1_4-1-1-1,b1,4,1,1,1,omni-2479,36 \cdot 2^{2009}+36,8,5256,0.0,0.0,0.0,4,0.0,4,0.4088736750360719
task2/b1_4-1-1-1,b1,4,1,1,1,omni-3883,f(x) = 1 \text{ for all } x \in \mathbb{Q}_{>0}.,8,5380,0.25,1.0,1.0,4,0.0,4,0.31345309483795347
task2/b1_4-1-1-1,b1,4,1,1,1,omni-2473,49,8,6304,0.125,1.0,1.0,3,0.0,4,0.1130611703987265
task2/b1_4-1-1-1,b1,4,1,1,1,omni-1810,"(3,3),(-4,-4),\left(\frac{1+3 \sqrt{5}}{2}, \frac{1-3 \sqrt{5}}{2}\right),\left(\frac{1-3 \sqrt{5}}{2}, \frac{1+3 \sqrt{5}}{2}\right)",8,7493,0.75,1.0,1.0,4,0.0,4,0.5416966895068278
task2/b1_4-1-1-1,b1,4,1,1,1,omni-4002,\text{No},8,3304,0.0,0.0,0.0,1,0.0,4,0.362128067574886
task2/b1_4-1-1-1,b1,4,1,1,1,omni-1572,8+5 \sqrt{3},8,7465,0.0,0.0,0.0,3,0.0,4,0.5477475803070133
task2/b1_4-1-1-1,b1,4,1,1,1,omni-1697,65536,8,1690,0.875,1.0,1.0,2,0.0,4,0.24742047952185017
task2/b1_4-1-1-1,b1,4,1,1,1,omni-858,945,8,3524,1.0,1.0,0.0,1,0.0,4,0.28333274900978905
task2/b1_4-1-1-1,b1,4,1,1,1,omni-4083,{\frac{2\left(\sin\frac{\pi}{3\cdot 2^{99}}\right)\left(1-\cos\frac{\pi}{2^{98}}\right)}{\sin \frac{\pi}{2^{99}}}},8,4775,0.0,0.0,0.0,4,0.0,4,0.32295357234444
task2/b1_4-1-1-1,b1,4,1,1,1,omni-4301,1023,8,6977,0.0,0.0,0.0,3,0.25,4,0.4425270080679911
task2/b1_4-1-1-1,b1,4,1,1,1,omni-1843,2^{2000},8,4568,0.25,1.0,1.0,6,0.0,4,0.4832915746579922
task2/b1_4-1-1-1,b1,4,1,1,1,omni-3041,5,8,8266,1.0,1.0,0.0,1,0.0,4,0.32579189817986465
task2/b1_4-1-1-1,b1,4,1,1,1,omni-625,-26,8,5169,0.0,0.0,0.0,6,0.0,4,0.5023443017796609
task2/b1_4-1-1-1,b1,4,1,1,1,omni-167,The assertion is false; \( n = 25 \) is a counter-example.,8,3382,0.0,0.0,0.0,6,0.0,4,0.5994196733818358
task2/b1_4-1-1-1,b1,4,1,1,1,omni-2480,924,8,6384,0.0,0.0,0.0,3,0.125,4,0.48931236991324306
task2/b1_4-1-1-1,b1,4,1,1,1,omni-2736,20,8,1249,1.0,1.0,0.0,1,0.0,4,0.4219342492545029
task2/b1_4-1-1-1,b1,4,1,1,1,omni-1240,899,8,5669,0.625,1.0,1.0,4,0.0,4,0.5647247562411745
task2/b1_4-1-1-1,b1,4,1,1,1,omni-3857,"{P(0) \in (-\infty,0)\cup \{1\} }",8,3985,0.0,0.0,0.0,1,0.0,4,0.6768241646501584
task2/b1_4-1-1-1,b1,4,1,1,1,omni-3140,777.5,8,8419,0.0,0.0,0.0,5,0.0,4,0.5049811054698392
task2/b1_4-1-1-1,b1,4,1,1,1,omni-3175,12,8,2358,0.0,0.0,0.0,4,0.0,4,0.6382618382175365
task2/b1_4-1-1-1,b1,4,1,1,1,omni-3731,\frac{y \pm \sqrt{y^2 - 4}}{2} \text{ where } y \text{ is an integer with } |y| \geq 2,8,3637,0.0,0.0,0.0,3,0.0,4,0.7469175043522072
task2/b1_4-1-1-1,b1,4,1,1,1,omni-1769,26,8,7584,0.0,0.0,0.0,7,0.0,4,0.5371743090335642
task2/b1_4-1-1-1,b1,4,1,1,1,omni-1193,7/15,8,8174,0.0,0.0,0.0,7,0.0,4,0.5079946440984563
task2/b1_4-1-1-1,b1,4,1,1,1,omni-251,\text{No solutions},8,6528,0.375,1.0,1.0,6,0.0,4,0.6505952759787593
task2/b1_4-1-1-1,b1,4,1,1,1,omni-643,\frac{9}{10},8,7231,0.5,1.0,1.0,4,0.0,4,0.32701645127495493
task2/b1_4-1-1-1,b1,4,1,1,1,omni-1457,"There are two families of answers: (a) $a_{n}=c(n+2) n!$ for all $n \geq 1$ and $a_{0}=c+1$ for some integer $c \geq 2014$, and (b) $a_{n}=c(n+2) n!$ for all $n \geq 1$ and $a_{0}=c-1$ for some integer $c \geq 2016$.",8,7762,0.0,0.0,0.0,8,0.0,4,0.27014093241173054
task2/b1_4-1-1-1,b1,4,1,1,1,omni-1677,\frac{55}{81},8,6999,0.0,0.0,0.0,6,0.0,4,0.4681825553386041
task2/b1_4-3-1-1,b1,4,3,1,1,omni-3155,n=2^k-1 \text{ for some integer } k\geq 1,16,8822,0.0,0.0,0.0,4,0.0,12,0.5591610088876865
task2/b1_4-3-1-1,b1,4,3,1,1,omni-3904,"f(x) = C, \quad f(x) = \pm x + C, \quad \text{or} \quad f(x) = \pm x^3 + C",16,11176,0.0,0.0,0.0,5,0.0,12,0.42389512433239473
task2/b1_4-3-1-1,b1,4,3,1,1,omni-2052,-\frac{1}{2},16,5554,0.875,1.0,1.0,3,0.0,12,0.4692410004754253
task2/b1_4-3-1-1,b1,4,3,1,1,omni-824,2005^{1002} / 2004!,16,7207,0.125,1.0,1.0,8,0.0,12,0.6096514522231755
task2/b1_4-3-1-1,b1,4,3,1,1,omni-2133,2017,16,4448,0.9375,1.0,1.0,2,0.0,12,0.459394626932103
task2/b1_4-3-1-1,b1,4,3,1,1,omni-1998,\frac{5}{12},16,7896,0.0,0.0,0.0,4,0.0,12,0.5119793983910156
task2/b1_4-3-1-1,b1,4,3,1,1,omni-747,477,16,5617,0.0,0.0,0.0,6,0.0,12,0.4646408071067638
task2/b1_4-3-1-1,b1,4,3,1,1,omni-1022,1/2,16,10825,0.0,0.0,0.0,5,0.0,12,0.4942238216354842
task2/b1_4-3-1-1,b1,4,3,1,1,omni-2597,13,16,14922,0.0,0.0,0.0,7,0.0625,12,0.502436329322154
task2/b1_4-3-1-1,b1,4,3,1,1,omni-3903,"2, 128, 2000",16,13109,0.0,0.0,0.0,8,0.0,12,0.49216262089888557
task2/b1_4-3-1-1,b1,4,3,1,1,omni-4297,\text{Yes},16,7188,0.3125,1.0,1.0,2,0.0,12,0.5013826261016829
task2/b1_4-3-1-1,b1,4,3,1,1,omni-4035,\text{Further combinatorial analysis required},16,8814,0.0,0.0,0.0,15,0.0,12,0.2589012417627628
task2/b1_4-3-1-1,b1,4,3,1,1,omni-1990,1481480,16,11241,0.0,0.0,0.0,11,0.0,12,0.42358392079739327
task2/b1_4-3-1-1,b1,4,3,1,1,omni-3490,8n,16,3419,1.0,1.0,0.0,1,0.0,12,0.4879701725561731
task2/b1_4-3-1-1,b1,4,3,1,1,omni-1019,\frac{11}{4},16,12443,0.0,0.0,0.0,10,0.0,12,0.48557079258722813
task2/b1_4-3-1-1,b1,4,3,1,1,omni-177,"\[ n = 2^{a+1} + 2^b, \quad a, b \ge 0 \]

Alternatively, this condition can be expressed as either \( n = 2^k, \, k \ge 2 \) or \( n \) is the sum of two distinct powers of 2.",16,7693,0.0,0.0,0.0,9,0.0,12,0.37614079418948987
task2/b1_4-3-1-1,b1,4,3,1,1,omni-3486,131,16,4953,1.0,1.0,0.0,1,0.0,12,0.5809698255554115
task2/b1_4-3-1-1,b1,4,3,1,1,omni-3572,"(0, 0, 0)",16,10152,0.875,1.0,1.0,3,0.0,12,0.4805227730868293
task2/b1_4-3-1-1,b1,4,3,1,1,omni-2937,15,16,5467,1.0,1.0,0.0,1,0.0,12,0.39836618289463055
task2/b1_4-3-1-1,b1,4,3,1,1,omni-4337,1,16,7303,1.0,1.0,0.0,1,0.0,12,0.588380583067157
task2/b1_4-3-1-1,b1,4,3,1,1,omni-4166,\text{yes},16,6821,1.0,1.0,0.0,1,0.0,12,0.37449681934915663
task2/b1_4-3-1-1,b1,4,3,1,1,omni-647,4,16,7117,0.9375,1.0,1.0,2,0.0,12,0.5000062098536743
task2/b1_4-3-1-1,b1,4,3,1,1,omni-2358,10,16,10920,0.0,0.0,0.0,7,0.0,12,0.6135379608002348
task2/b1_4-3-1-1,b1,4,3,1,1,omni-1575,516,16,4328,0.0,0.0,0.0,10,0.0,12,0.6214136186430033
task2/b1_4-3-1-1,b1,4,3,1,1,omni-3295,\[ k \neq 1 \],16,7281,0.0625,1.0,1.0,9,0.0,12,0.4078368388584536
task2/b1_4-3-1-1,b1,4,3,1,1,omni-3656,"(a, b, p, n) = (2^k, 2^k, 2, 2013k + 1)",16,8748,0.0625,1.0,1.0,9,0.0,12,0.5209302193418571
task2/b1_4-3-1-1,b1,4,3,1,1,omni-3824,(-1)^n 2^{n-1} d^n (2a + nd),16,9543,0.0,0.0,0.0,7,0.0,12,0.43599481087154124
task2/b1_4-3-1-1,b1,4,3,1,1,omni-3420,Tuesday,16,4710,0.5625,1.0,1.0,5,0.0,12,0.3846632558783933
task2/b1_4-3-1-1,b1,4,3,1,1,omni-974,1-\ln (e-1),16,6981,0.0,0.0,0.0,2,0.0,12,0.5204395087870531
task2/b1_4-3-1-1,b1,4,3,1,1,omni-666,\pi / 2,16,7656,0.9375,1.0,1.0,2,0.0,12,0.4920891267467649
task2/b1_4-3-1-1,b1,4,3,1,1,omni-2843,24,16,14568,0.0,0.0,0.0,9,0.0,12,0.4938438469266984
task2/b1_4-3-1-1,b1,4,3,1,1,omni-2127,\frac{8}{17},16,7515,0.0,0.0,0.0,7,0.0,12,0.4887414932253942
task2/b1_4-3-1-1,b1,4,3,1,1,omni-4406,"{x=m\pi-\frac{\pi}{4}\ ,\ m\in Z}",16,10595,0.0,0.0,0.0,10,0.0,12,0.4931837342906544
task2/b1_4-3-1-1,b1,4,3,1,1,omni-2731,15,16,6891,0.625,1.0,1.0,2,0.0,12,0.5072893232666186
task2/b1_4-3-1-1,b1,4,3,1,1,omni-1342,2013^{4025},16,6245,0.0,0.0,0.0,8,0.0,12,0.5772343857211052
task2/b1_4-3-1-1,b1,4,3,1,1,omni-3916,\lceil \log_a d \rceil,16,8295,0.0,0.0,0.0,4,0.0,12,0.432409019472125
task2/b1_4-3-1-1,b1,4,3,1,1,omni-3302,The game is winnable if and only if \( n > k \ge 2 \).,16,5930,0.0,0.0,0.0,12,0.0,12,0.44554722133573216
task2/b1_4-3-1-1,b1,4,3,1,1,omni-2761,15,16,5076,0.25,1.0,1.0,5,0.0,12,0.6431143618468679
task2/b1_4-3-1-1,b1,4,3,1,1,omni-2744,24,16,11169,0.0,0.0,0.0,3,0.0,12,0.47044066537835444
task2/b1_4-3-1-1,b1,4,3,1,1,omni-3152,24,16,2321,1.0,1.0,0.0,1,0.0,12,0.547539764031272
task2/b1_4-3-1-1,b1,4,3,1,1,omni-1779,5994,16,11771,0.0,0.0,0.0,14,0.0,12,0.519004964688173
task2/b1_4-3-1-1,b1,4,3,1,1,omni-2936,2.2,16,4718,0.0,0.0,0.0,3,0.0,12,0.40185252311455216
task2/b1_4-3-1-1,b1,4,3,1,1,omni-1768,6,16,3521,0.0,0.0,0.0,1,0.0,12,0.5949690971888392
task2/b1_4-3-1-1,b1,4,3,1,1,omni-3996,121,16,9128,0.0,0.0,0.0,11,0.0,12,0.4337640325022514
task2/b1_4-3-1-1,b1,4,3,1,1,omni-4084,2^{n+1} - 2,16,4618,0.0,0.0,0.0,8,0.0,12,0.5750671830002952
task2/b1_4-3-1-1,b1,4,3,1,1,omni-2104,974,16,8025,0.0,0.0,0.0,13,0.0,12,0.4763883321058619
task2/b1_4-3-1-1,b1,4,3,1,1,omni-332,Cathy can win if and only if \( n \leq 2^{k-1} \).,16,4815,0.0,0.0,0.0,4,0.0,12,0.55087784880316
task2/b1_4-3-1-1,b1,4,3,1,1,omni-4136,"(x,y) = (11,1), (49,1), (7t^2,7t), t \text{ is an interge}",16,13859,0.0,0.0,0.0,10,0.0,12,0.5014851973176695
task2/b1_4-3-1-1,b1,4,3,1,1,omni-3492,60 \mathrm{~g},16,3139,1.0,1.0,0.0,1,0.0,12,0.3441625681111417
task2/b1_4-3-1-1,b1,4,3,1,1,omni-1,1,16,4985,0.8125,1.0,1.0,2,0.0,12,0.5300610849002786
task2/b1_4-3-1-1,b1,4,3,1,1,omni-3342,39601,16,10759,0.0,0.0,0.0,9,0.0,12,0.5375224329299918
task2/b1_4-3-1-1,b1,4,3,1,1,omni-454,132,16,3428,1.0,1.0,0.0,1,0.0,12,0.48241235866103777
task2/b1_4-3-1-1,b1,4,3,1,1,omni-2889,26,16,4660,0.9375,1.0,1.0,1,0.0,12,0.5304118665454808
task2/b1_4-3-1-1,b1,4,3,1,1,omni-165,\[ 1 \],16,8757,0.5625,1.0,1.0,4,0.0,12,0.47447422934028444
task2/b1_4-3-1-1,b1,4,3,1,1,omni-4016,"110,143,242,341,440,164,263,362,461,560,198,297,396,495,594,693,792,891,990",16,22807,0.0,0.0,0.0,9,0.0,12,0.4666234557751494
task2/b1_4-3-1-1,b1,4,3,1,1,omni-2406,60,16,6738,0.0,0.0,0.0,3,0.0,12,0.5689661474821931
task2/b1_4-3-1-1,b1,4,3,1,1,omni-2920,64,16,3103,0.9375,1.0,1.0,2,0.0,12,0.47128429248747866
task2/b1_4-3-1-1,b1,4,3,1,1,omni-1881,1516,16,11597,0.0,0.0,0.0,11,0.0,12,0.615419341542748
task2/b1_4-3-1-1,b1,4,3,1,1,omni-3489,113,16,8750,0.0,0.0,0.0,5,0.0,12,0.45860756904951105
task2/b1_4-3-1-1,b1,4,3,1,1,omni-3659,501,16,5997,0.0,0.0,0.0,1,0.0,12,0.47151911793635876
task2/b1_4-3-1-1,b1,4,3,1,1,omni-2887,32,16,6273,0.9375,1.0,1.0,2,0.0,12,0.01915058558576948
task2/b1_4-3-1-1,b1,4,3,1,1,omni-81,\frac{97 \sqrt{2} + 40 \sqrt{3}}{15},16,11575,0.0,0.0,0.0,12,0.0625,12,0.5714227329738738
task2/b1_4-3-1-1,b1,4,3,1,1,omni-1009,4,16,3021,0.0,0.0,0.0,3,0.0,12,0.49198177434363854
task2/b1_4-3-1-1,b1,4,3,1,1,omni-3445,2004,16,6761,0.6875,1.0,1.0,4,0.0,12,0.47556716345041433
task2/b1_4-3-1-1,b1,4,3,1,1,omni-2933,42,16,3391,1.0,1.0,0.0,1,0.0,12,0.6430329912027833
task2/b1_4-3-1-1,b1,4,3,1,1,omni-4362,\text{No},16,7048,0.875,1.0,1.0,2,0.0,12,0.5694692024320731
task2/b1_4-3-1-1,b1,4,3,1,1,omni-2898,16,16,2415,1.0,1.0,0.0,2,0.0,12,0.5460576903374652
task2/b1_4-3-1-1,b1,4,3,1,1,omni-510,\frac{13}{30},16,5949,0.0,0.0,0.0,5,0.0,12,0.5570766979891294
task2/b1_4-3-1-1,b1,4,3,1,1,omni-2664,4180,16,4220,1.0,1.0,0.0,1,0.0,12,0.4843713070217319
task2/b1_4-3-1-1,b1,4,3,1,1,omni-659,6,16,5804,0.875,1.0,1.0,2,0.0,12,0.45460750997524135
task2/b1_4-3-1-1,b1,4,3,1,1,omni-2725,15,16,4537,1.0,1.0,0.0,1,0.0,12,0.39895968350314864
task2/b1_4-3-1-1,b1,4,3,1,1,omni-1983,\frac{4}{\sqrt{5}} \text{ OR } \frac{4 \sqrt{5}}{5},16,10581,0.0,0.0,0.0,2,0.0,12,0.5450828353055178
task2/b1_4-3-1-1,b1,4,3,1,1,omni-565,52,16,4517,0.0,0.0,0.0,4,0.0,12,0.6108773283200094
task2/b1_4-3-1-1,b1,4,3,1,1,omni-2257,\frac{\sqrt{6}}{2},16,10777,0.0,0.0,0.0,5,0.0,12,0.5212620470371575
task2/b1_4-3-1-1,b1,4,3,1,1,omni-2927,4.309,16,2066,1.0,1.0,0.0,1,0.0,12,0.6119945204659173
task2/b1_4-3-1-1,b1,4,3,1,1,omni-132,\text{There are infinitely many positive integers } n \text{ such that } d(n!) - 1 \text{ is a composite number.},16,7990,0.75,1.0,1.0,4,0.0,12,0.48432151247141514
task2/b1_4-3-1-1,b1,4,3,1,1,omni-509,96,16,4111,0.0,0.0,0.0,4,0.0,12,0.556981915627625
task2/b1_4-3-1-1,b1,4,3,1,1,omni-1544,\frac{1}{2},16,7210,0.9375,1.0,1.0,2,0.0,12,0.5709454028044995
task2/b1_4-3-1-1,b1,4,3,1,1,omni-1594,"n=6, 66, 946",16,18666,0.0,0.0,0.0,5,0.0,12,0.48092473820383924
task2/b1_4-3-1-1,b1,4,3,1,1,omni-831,\frac{41}{512},16,13915,0.0,0.0,0.0,5,0.0,12,0.23332907419165413
task2/b1_4-3-1-1,b1,4,3,1,1,omni-1477,4018,16,7264,0.1875,1.0,1.0,12,0.0,12,0.49546579248153616
task2/b1_4-3-1-1,b1,4,3,1,1,omni-3852,{\frac{n(n+1)(2n+1)}{6}},16,4959,0.0,0.0,0.0,4,0.0,12,0.5699590094364574
task2/b1_4-3-1-1,b1,4,3,1,1,omni-2053,71.8,16,4630,0.0,0.0,0.0,7,0.0,12,0.6200597080695629
task2/b1_4-3-1-1,b1,4,3,1,1,omni-2551,72^{\circ},16,2924,0.9375,1.0,1.0,2,0.0,12,0.5265632929752603
task2/b1_4-3-1-1,b1,4,3,1,1,omni-2751,8,16,6563,0.75,1.0,1.0,2,0.0,12,0.5285016205955929
task2/b1_4-3-1-1,b1,4,3,1,1,omni-2942,113,16,4002,0.0,0.0,0.0,3,0.0,12,0.6067758803744668
task2/b1_4-3-1-1,b1,4,3,1,1,omni-2739,8,16,3646,1.0,1.0,0.0,1,0.0,12,0.44345519135827755
task2/b1_4-3-1-1,b1,4,3,1,1,omni-3426,a^{2}<a<rac{1}{a},16,5022,0.0,0.0,0.0,9,0.0,12,0.40660112487701133
task2/b1_4-3-1-1,b1,4,3,1,1,omni-4321,\text{Yes},16,3789,0.0625,1.0,1.0,2,0.0,12,0.39221252860760664
task2/b1_4-3-1-1,b1,4,3,1,1,omni-408,15,16,6088,0.0,0.0,0.0,5,0.0,12,0.5656674001023291
task2/b1_4-3-1-1,b1,4,3,1,1,omni-27,"(2, 6), (2^k - 1, 2), (1, n) \text{ for any } n \ge 1",16,5876,0.25,1.0,1.0,10,0.0,12,0.5913134333151578
task2/b1_4-3-1-1,b1,4,3,1,1,omni-1626,21,16,12252,0.25,1.0,1.0,7,0.0,12,0.6181669362302301
task2/b1_4-3-1-1,b1,4,3,1,1,omni-178,"\[
\boxed{\frac{\pi}{4}}
\]",16,7114,0.0,0.0,0.0,4,0.0,12,0.41578045915604384
task2/b1_4-3-1-1,b1,4,3,1,1,omni-942,673,16,11634,0.375,1.0,1.0,7,0.0,12,0.43966566914084626
task2/b1_4-3-1-1,b1,4,3,1,1,omni-2578,33725,16,6004,0.0,0.0,0.0,6,0.0,12,0.5703289495145737
task2/b1_4-3-1-1,b1,4,3,1,1,omni-1460,\frac{25}{49},16,11291,0.0,0.0,0.0,3,0.0,12,0.4108785871944118
task2/b1_4-3-1-1,b1,4,3,1,1,omni-2764,\frac{89}{243},16,9324,0.0,0.0,0.0,10,0.0,12,0.5004549041621381
task2/b1_4-3-1-1,b1,4,3,1,1,omni-1224,61,16,8992,0.0,0.0,0.0,10,0.0,12,0.548873913180054
task2/b1_4-3-1-1,b1,4,3,1,1,omni-1963,\frac{1}{1006},16,6046,0.625,1.0,1.0,4,0.0,12,0.6636102657084981
task2/b1_4-3-1-1,b1,4,3,1,1,omni-2691,232,16,3513,1.0,1.0,0.0,1,0.0,12,0.4343672974018273
task2/b1_4-3-1-1,b1,4,3,1,1,omni-2815,-36,16,6523,1.0,1.0,0.0,1,0.0,12,0.6746586340663567
task2/b1_4-3-1-1,b1,4,3,1,1,omni-1275,\frac{1}{1-x},16,6072,1.0,1.0,0.0,1,0.0,12,0.457381852921886
task2/b1_4-3-1-1,b1,4,3,1,1,omni-64,\text{No such } n \text{ exists},16,7440,0.0,0.0,0.0,10,0.0,12,0.5788787170412809
task2/b1_4-3-1-1,b1,4,3,1,1,omni-3465,39\%,16,10149,0.0,0.0,0.0,6,0.0,12,0.365842817184102
task2/b1_4-3-1-1,b1,4,3,1,1,omni-226,\frac{1}{x^2},16,12925,0.5,1.0,1.0,9,0.0,12,0.3964205957568636
task2/b1_4-3-1-1,b1,4,3,1,1,omni-857,80,16,10985,0.0,0.0,0.0,6,0.0,12,0.4773964834957516
task2/b1_4-3-1-1,b1,4,3,1,1,omni-1215,120,16,4344,1.0,1.0,0.0,1,0.0,12,0.5613942007419498
task2/b1_4-3-1-1,b1,4,3,1,1,omni-1654,10201,16,5813,0.1875,1.0,1.0,9,0.0,12,0.48587998097521634
task2/b1_4-3-1-1,b1,4,3,1,1,omni-1277,43,16,7729,0.0,0.0,0.0,6,0.0625,12,0.458188336650781
task2/b1_4-3-1-1,b1,4,3,1,1,omni-2461,51,16,9159,0.0,0.0,0.0,11,0.0,12,0.4434522935723715
task2/b1_4-3-1-1,b1,4,3,1,1,omni-3131,18\%,16,4254,1.0,1.0,0.0,2,0.0,12,0.5099767693845284
task2/b1_4-3-1-1,b1,4,3,1,1,omni-1688,2^{2009},16,6169,0.625,1.0,1.0,3,0.0,12,0.46138444025593417
task2/b1_4-3-1-1,b1,4,3,1,1,omni-1490,139,16,18267,0.0,0.0,0.0,13,0.0,12,0.4694592971683136
task2/b1_4-3-1-1,b1,4,3,1,1,omni-3147,\frac{19}{35},16,5667,0.0,0.0,0.0,7,0.0,12,0.4589510246162023
task2/b1_4-3-1-1,b1,4,3,1,1,omni-294,"The real roots of the equation \(x^4-(2\cdot10^{10}+1)x^2-x+10^{20}+10^{10}-1=0\) correct to four decimal places are approximately:
\[ x_1 \approx 10^5 - \frac{1 - \sqrt{1 + 4(10^5 + 1)}}{2 \cdot 2 \cdot 10^5} \]
\[ x_2 \approx 10^5 + \frac{1 + \sqrt{1 + 4(10^5 + 1)}}{2 \cdot 2 \cdot 10^5} \]

Given the approximations:
\[ x_1 \approx 99999.5000 \]
\[ x_2 \approx 100000.5000 \]",16,12712,0.0,0.0,0.0,8,0.0,12,0.4248347986405736
task2/b1_4-3-1-1,b1,4,3,1,1,omni-3368,60,16,8894,0.0,0.0,0.0,6,0.0,12,0.5155125556300119
task2/b1_4-3-1-1,b1,4,3,1,1,omni-265,"\[
|S| \ge 8
\]",16,9464,0.0,0.0,0.0,4,0.0,12,0.4388902254272699
task2/b1_4-3-1-1,b1,4,3,1,1,omni-909,56,16,5256,0.4375,1.0,1.0,6,0.0,12,0.501595221078502
task2/b1_4-3-1-1,b1,4,3,1,1,omni-995,p=2 \text{ and } p \equiv 3(\bmod 4),16,10617,0.0,0.0,0.0,6,0.0,12,0.4488484875228125
task2/b1_4-3-1-1,b1,4,3,1,1,omni-617,\frac{\ln 7}{4},16,15961,0.0,0.0,0.0,9,0.0,12,0.533691940096876
task2/b1_4-3-1-1,b1,4,3,1,1,omni-765,1024,16,3123,0.0,0.0,0.0,2,0.0,12,0.4281954338694555
task2/b1_4-3-1-1,b1,4,3,1,1,omni-3457,7x+4,16,4804,0.0,0.0,0.0,1,0.0,12,0.5112049517670761
task2/b1_4-3-1-1,b1,4,3,1,1,omni-3531,"\frac{5}{2}, 3, \sqrt{10}",16,4042,1.0,1.0,0.0,1,0.0,12,0.34873197623958757
task2/b1_4-3-1-1,b1,4,3,1,1,omni-576,e^{e}-1,16,7644,0.0,0.0,0.0,6,0.0,12,0.5307411953220886
task2/b1_4-3-1-1,b1,4,3,1,1,omni-1888,\frac{2}{9},16,6208,0.0,0.0,0.0,2,0.0,12,0.4866111280006882
task2/b1_4-3-1-1,b1,4,3,1,1,omni-58,\text{Every sufficiently large number appears in the sequence},16,6902,0.0,0.0,0.0,5,0.0,12,0.5033604473205026
task2/b1_4-3-1-1,b1,4,3,1,1,omni-331,There are no polynomials of degree 1 with rational coefficients that satisfy the given conditions.,16,6045,0.0,0.0,0.0,8,0.0,12,0.33213953396255397
task2/b1_4-3-1-1,b1,4,3,1,1,omni-1789,76,16,7978,1.0,1.0,0.0,1,0.0,12,0.6001110476684804
task2/b1_4-3-1-1,b1,4,3,1,1,omni-1203,30212,16,4845,0.0,0.0,0.0,4,0.0,12,0.3834267944771747
task2/b1_4-3-1-1,b1,4,3,1,1,omni-3556,946,16,14660,0.0,0.0,0.0,8,0.0625,12,0.4303331744203289
task2/b1_4-3-1-1,b1,4,3,1,1,omni-115,45^\circ,16,6951,0.8125,1.0,1.0,2,0.0,12,0.6814233811438143
task2/b1_4-3-1-1,b1,4,3,1,1,omni-515,\frac{11}{65},16,12707,0.0,0.0,0.0,4,0.0,12,0.46512803707901546
task2/b1_4-3-1-1,b1,4,3,1,1,omni-2621,540,16,6935,0.4375,1.0,1.0,6,0.0,12,0.58927338553246
task2/b1_4-3-1-1,b1,4,3,1,1,omni-4426,"\text{Kolya wins if Dima starts, and Dima wins if Kolya starts.}",16,6786,0.0,0.0,0.0,4,0.0,12,0.4125655316958083
task2/b1_4-3-1-1,b1,4,3,1,1,omni-2378,\frac{80\sqrt{3}}{9},16,4077,0.75,1.0,1.0,2,0.0,12,0.5034225077732605
task2/b1_4-3-1-1,b1,4,3,1,1,omni-735,4 \cdot 3^{2011},16,6426,0.1875,1.0,1.0,7,0.0,12,0.5360497877961417
task2/b1_4-3-1-1,b1,4,3,1,1,omni-4274,\text{Alice},16,7059,0.5625,1.0,1.0,2,0.0,12,0.41344329145045094
task2/b1_4-3-1-1,b1,4,3,1,1,omni-674,50,16,4017,0.0,0.0,0.0,1,0.0,12,0.6227332487403955
task2/b1_4-3-1-1,b1,4,3,1,1,omni-2220,65,16,7264,0.0,0.0,0.0,11,0.0,12,0.467169787872517
task2/b1_4-3-1-1,b1,4,3,1,1,omni-1198,93,16,7547,0.0,0.0,0.0,5,0.0,12,0.44497930074466124
task2/b1_4-3-1-1,b1,4,3,1,1,omni-980,17,16,4690,0.0,0.0,0.0,5,0.0,12,0.5755067853686311
task2/b1_4-3-1-1,b1,4,3,1,1,omni-1515,34,16,9472,0.0,0.0,0.0,5,0.0,12,0.631434371419764
task2/b1_4-3-1-1,b1,4,3,1,1,omni-2129,252,16,9579,0.0625,1.0,1.0,5,0.0,12,0.4803115560158511
task2/b1_4-3-1-1,b1,4,3,1,1,omni-4125,(n-2)2^n + 1,16,7708,0.0,0.0,0.0,7,0.0,12,0.30816408613669166
task2/b1_4-3-1-1,b1,4,3,1,1,omni-1387,-9+3\sqrt{13},16,9775,0.0,0.0,0.0,2,0.0,12,0.5668630815918505
task2/b1_4-3-1-1,b1,4,3,1,1,omni-960,90,16,5997,0.0,0.0,0.0,3,0.0,12,0.6122324811277328
task2/b1_4-3-1-1,b1,4,3,1,1,omni-2925,600,16,5020,0.0,0.0,0.0,3,0.0,12,0.5071101187752203
task2/b1_4-3-1-1,b1,4,3,1,1,omni-374,\[ MA \cdot NA + MB \cdot NB + MC \cdot NC \geq MD \cdot ND \],16,13069,0.625,1.0,1.0,8,0.0,12,0.3806439818265546
task2/b1_4-3-1-1,b1,4,3,1,1,omni-1084,2 \sqrt[4]{6},16,8391,0.0,0.0,0.0,5,0.0,12,0.4716759677705842
task2/b1_4-3-1-1,b1,4,3,1,1,omni-1311,45,16,9327,0.0,0.0,0.0,2,0.0,12,0.44923220394895935
task2/b1_4-3-1-1,b1,4,3,1,1,omni-383,6,16,2777,0.0,0.0,0.0,1,0.0,12,0.3894018441074816
task2/b1_4-3-1-1,b1,4,3,1,1,omni-3991,$\frac{13}{4}$,16,7971,0.0,0.0,0.0,1,0.0,12,0.5072885150013171
task2/b1_4-3-1-1,b1,4,3,1,1,omni-3400,160,16,3116,1.0,1.0,0.0,1,0.0,12,0.600731298611524
task2/b1_4-3-1-1,b1,4,3,1,1,omni-1749,47,16,13474,0.1875,1.0,1.0,7,0.0,12,0.5286828554646674
task2/b1_4-3-1-1,b1,4,3,1,1,omni-2477,\binom{34}{9},16,7684,0.125,1.0,1.0,5,0.0,12,0.43364170445294636
task2/b1_4-3-1-1,b1,4,3,1,1,omni-2250,\frac{3}{10},16,6333,0.0,0.0,0.0,8,0.0,12,0.42444641423500024
task2/b1_4-3-1-1,b1,4,3,1,1,omni-1265,\frac{\binom{4030}{2016}}{2^{4030}},16,11557,0.1875,1.0,1.0,10,0.0,12,0.42238450587130605
task2/b1_4-3-1-1,b1,4,3,1,1,omni-3005,19,16,6701,0.9375,1.0,1.0,2,0.0,12,0.36725451015944177
task2/b1_4-3-1-1,b1,4,3,1,1,omni-1702,n=3,16,11228,0.9375,1.0,1.0,2,0.0,12,0.44131098658392703
task2/b1_4-3-1-1,b1,4,3,1,1,omni-3008,7,16,2088,0.0,0.0,0.0,4,0.0,12,0.47201670974293913
task2/b1_4-3-1-1,b1,4,3,1,1,omni-2371,18.5285921,16,6283,0.0,0.0,0.0,10,0.0,12,0.014693828934066623
task2/b1_4-3-1-1,b1,4,3,1,1,omni-395,"6,-\frac{10}{3}",16,9240,0.75,1.0,1.0,3,0.0,12,0.5219089776224911
task2/b1_4-3-1-1,b1,4,3,1,1,omni-2451,109368,16,7320,0.125,1.0,1.0,15,0.0,12,0.3273372834240255
task2/b1_4-3-1-1,b1,4,3,1,1,omni-1018,"1, 2, 3, 4",16,13046,0.1875,1.0,1.0,6,0.0625,12,0.44324375518373454
task2/b1_4-3-1-1,b1,4,3,1,1,omni-1364,\frac{7}{2},16,7875,0.4375,1.0,1.0,2,0.0,12,0.5706739613109811
task2/b1_4-3-1-1,b1,4,3,1,1,omni-803,1,16,2615,1.0,1.0,0.0,1,0.0,12,0.6968394637006043
task2/b1_4-3-1-1,b1,4,3,1,1,omni-685,\begin{tabular}{ll} 00000000 & 00110101 \ 11001010 & 10011110 \ 11100001 & 01101011 \ 11010100 & 01100110 \ 10111001 & 10010011 \ 01111100 & 11001101 \ 00111010 & 10101100 \ 01010111 & 11110010 \ 00001111 & 01011001 \ 10100111 & 11111111 \ \end{tabular},16,6993,0.0,0.0,0.0,3,0.0,12,0.546721787602603
task2/b1_4-3-1-1,b1,4,3,1,1,omni-4307,"(m, n) = (36, 6)",16,14474,0.0,0.0,0.0,5,0.125,12,0.4856627988139721
task2/b1_4-3-1-1,b1,4,3,1,1,omni-1621,89,16,17711,0.0,0.0,0.0,4,0.25,12,0.5134063110916174
task2/b1_4-3-1-1,b1,4,3,1,1,omni-3325,2015.318180 \ldots,16,12567,0.0,0.0,0.0,8,0.0,12,0.3944938643025597
task2/b1_4-3-1-1,b1,4,3,1,1,omni-79,18,16,6784,0.0,0.0,0.0,4,0.0,12,0.5227183820874728
task2/b1_4-3-1-1,b1,4,3,1,1,omni-3104,120,16,3709,1.0,1.0,0.0,1,0.0,12,0.49281698729209117
task2/b1_4-3-1-1,b1,4,3,1,1,omni-125,"\left( \frac{1}{n+1}, \frac{1}{n+1}, \ldots, \frac{1}{n+1} \right)",16,7223,0.1875,1.0,1.0,4,0.0,12,0.5886149515053215
task2/b1_4-3-1-1,b1,4,3,1,1,omni-4340,\text{No},16,5557,0.0,0.0,0.0,1,0.0,12,0.36830904420984506
task2/b1_4-3-1-1,b1,4,3,1,1,omni-2372,\frac{45}{14},16,13241,0.0,0.0,0.0,8,0.0,12,0.4932971786586873
task2/b1_4-3-1-1,b1,4,3,1,1,omni-4152,1,16,6463,0.0,0.0,0.0,7,0.0,12,0.48713524383397666
task2/b1_4-3-1-1,b1,4,3,1,1,omni-3143,"f(x) = cx^d, c,d > 0, c=1 \text{ if } d=1",16,10940,0.0,0.0,0.0,13,0.0,12,0.5019273409124702
task2/b1_4-3-1-1,b1,4,3,1,1,omni-3943,3^{100},16,5940,0.0,0.0,0.0,2,0.0,12,0.3779859488453295
task2/b1_4-3-1-1,b1,4,3,1,1,omni-288,The area of triangle $OO_1O_2$ is minimized if $CX \perp AB$.,16,5282,0.0,0.0,0.0,3,0.0,12,0.537216689323182
task2/b1_4-3-1-1,b1,4,3,1,1,omni-1087,1+\sqrt{2}+\sqrt{6},16,5947,0.0,0.0,0.0,4,0.0,12,0.6331730463108982
task2/b1_4-3-1-1,b1,4,3,1,1,omni-492,3,16,6045,0.0,0.0,0.0,5,0.0,12,0.6035895821335455
task2/b1_4-3-1-1,b1,4,3,1,1,omni-1549,318,16,10449,0.0,0.0,0.0,11,0.0,12,0.5519844596783314
task2/b1_4-3-1-1,b1,4,3,1,1,omni-365,11,16,4597,0.0,0.0,0.0,1,0.0,12,0.5753059440480631
task2/b1_4-3-1-1,b1,4,3,1,1,omni-4290,"(a, b, c) = (10, 10, 1), (10, 1, 10), (1, 10, 10)",16,18466,0.125,1.0,1.0,6,0.0,12,0.4272403874955806
task2/b1_4-3-1-1,b1,4,3,1,1,omni-688,"(1,1), (3,3)",16,7256,1.0,1.0,0.0,1,0.0,12,0.5818083099129776
task2/b1_4-3-1-1,b1,4,3,1,1,omni-3416,40 \text{ minutes},16,7047,0.0,0.0,0.0,7,0.0,12,0.4332216052911582
task2/b1_4-3-1-1,b1,4,3,1,1,omni-994,\frac{1999008}{1999012},16,8948,0.0,0.0,0.0,11,0.0,12,0.545744467659654
task2/b1_4-3-1-1,b1,4,3,1,1,omni-2996,rac{3}{8},16,3635,0.0,0.0,0.0,1,0.0,12,0.4885228290849713
task2/b1_4-3-1-1,b1,4,3,1,1,omni-2402,6,16,6424,0.0,0.0,0.0,7,0.0,12,0.42926630699262985
task2/b1_4-3-1-1,b1,4,3,1,1,omni-2121,13,16,11851,0.8125,1.0,1.0,3,0.0,12,0.5214609702562173
task2/b1_4-3-1-1,b1,4,3,1,1,omni-4134,k = \left\lfloor \sqrt{n - 1}\right\rfloor,16,6162,0.0,0.0,0.0,5,0.0,12,0.5800401634589597
task2/b1_4-3-1-1,b1,4,3,1,1,omni-2540,3633,16,5249,0.0,0.0,0.0,4,0.0,12,0.5964871825407582
task2/b1_4-3-1-1,b1,4,3,1,1,omni-2590,5,16,7824,0.0,0.0,0.0,2,0.0,12,0.5015671366054921
task2/b1_4-3-1-1,b1,4,3,1,1,omni-764,60^{\circ},16,2820,0.0,0.0,0.0,2,0.0,12,0.59362675800171
task2/b1_4-3-1-1,b1,4,3,1,1,omni-1565,"(2,2),(3,3),(1,2),(2,3),(2,1),(3,2)",16,12364,0.1875,1.0,1.0,8,0.0,12,0.5002047144651459
task2/b1_4-3-1-1,b1,4,3,1,1,omni-4161,\text{All odd integers } n \geq 3.,16,8054,0.0625,1.0,1.0,12,0.0,12,0.4403889394885239
task2/b1_4-3-1-1,b1,4,3,1,1,omni-1664,n^{2}+c^{2}-nc-c,16,5137,0.0,0.0,0.0,9,0.0,12,0.5658708959911356
task2/b1_4-3-1-1,b1,4,3,1,1,omni-1506,14034,16,7026,0.0,0.0,0.0,12,0.0,12,0.5324531629767358
task2/b1_4-3-1-1,b1,4,3,1,1,omni-1066,2^{32},16,10068,0.0,0.0,0.0,8,0.0,12,0.35856215119565876
task2/b1_4-3-1-1,b1,4,3,1,1,omni-1929,28,16,9261,0.0,0.0,0.0,9,0.0,12,0.66194363210765
task2/b1_4-3-1-1,b1,4,3,1,1,omni-2656,109,16,10460,0.0625,1.0,1.0,8,0.0,12,0.4297617267427554
task2/b1_4-3-1-1,b1,4,3,1,1,omni-959,\frac{1}{8},16,5571,0.625,1.0,1.0,5,0.0,12,0.44022170933569943
task2/b1_4-3-1-1,b1,4,3,1,1,omni-1792,7521,16,7717,0.0,0.0,0.0,8,0.0,12,0.5092668013380058
task2/b1_4-3-1-1,b1,4,3,1,1,omni-3204,\frac{480}{49},16,11759,0.0,0.0,0.0,7,0.0,12,0.4089384756317624
task2/b1_4-3-1-1,b1,4,3,1,1,omni-1014,31486,16,8256,0.0,0.0,0.0,14,0.0,12,0.5774013206543309
task2/b1_4-3-1-1,b1,4,3,1,1,omni-573,\frac{5}{6},16,7921,0.0625,1.0,1.0,5,0.0,12,0.45161993250810006
task2/b1_4-3-1-1,b1,4,3,1,1,omni-3826,120^\circ,16,7303,0.0625,1.0,1.0,5,0.0,12,0.5289982404551831
task2/b1_4-3-1-1,b1,4,3,1,1,omni-1666,8,16,5516,0.0625,1.0,1.0,4,0.0,12,0.443815263756266
task2/b1_4-3-1-1,b1,4,3,1,1,omni-3623,150,16,9666,0.5,1.0,1.0,4,0.0,12,0.49633427593124235
task2/b1_4-3-1-1,b1,4,3,1,1,omni-3183,No,16,9403,0.5625,1.0,1.0,2,0.0,12,0.39621181385120746
task2/b1_4-3-1-1,b1,4,3,1,1,omni-2300,"(p, q, r)=\left(\frac{2}{5}, \frac{3}{10}, \frac{3}{10}\right)",16,8698,0.0,0.0,0.0,4,0.0,12,0.3882429860189645
task2/b1_4-3-1-1,b1,4,3,1,1,omni-2541,6,16,7282,0.4375,1.0,1.0,4,0.0,12,0.44406667377285086
task2/b1_4-3-1-1,b1,4,3,1,1,omni-1961,2 \sqrt{30},16,8093,0.0,0.0,0.0,2,0.0,12,0.4208752412260144
task2/b1_4-3-1-1,b1,4,3,1,1,omni-1357,209,16,5533,0.0,0.0,0.0,8,0.0,12,0.5851510543099732
task2/b1_4-3-1-1,b1,4,3,1,1,omni-0,1 + \left\lceil \frac{n}{2} \right\rceil,16,9235,0.0,0.0,0.0,5,0.0,12,0.41767674856150294
task2/b1_4-3-1-1,b1,4,3,1,1,omni-1540,1/2,16,8105,0.9375,1.0,1.0,2,0.0,12,0.585236526970866
task2/b1_4-3-1-1,b1,4,3,1,1,omni-117,n \text{ must be odd},16,7195,0.0625,1.0,1.0,6,0.0,12,0.4309327024080339
task2/b1_4-3-1-1,b1,4,3,1,1,omni-2293,168089,16,11751,0.0,0.0,0.0,7,0.0,12,0.5136004780284407
task2/b1_4-3-1-1,b1,4,3,1,1,omni-3710,\text{No},16,8764,1.0,1.0,0.0,1,0.0,12,0.45098328186589137
task2/b1_4-3-1-1,b1,4,3,1,1,omni-2280,9,16,7063,0.9375,1.0,1.0,2,0.0,12,0.5837020827143863
task2/b1_4-3-1-1,b1,4,3,1,1,omni-344,"\[
\frac{63}{64}
\]",16,5595,0.0,0.0,0.0,3,0.0,12,0.4553144530844222
task2/b1_4-3-1-1,b1,4,3,1,1,omni-3076,44,16,3668,1.0,1.0,0.0,1,0.0,12,0.6115734738567108
task2/b1_4-3-1-1,b1,4,3,1,1,omni-767,\binom{109}{10},16,7678,0.0,0.0,0.0,11,0.0,12,0.5480935212706483
task2/b1_4-3-1-1,b1,4,3,1,1,omni-2956,2,16,3415,0.0,0.0,0.0,5,0.0,12,0.6605910947514347
task2/b1_4-3-1-1,b1,4,3,1,1,omni-2522,1205,16,5892,0.0,0.0,0.0,14,0.0,12,0.4148925590569125
task2/b1_4-3-1-1,b1,4,3,1,1,omni-3397,y=-x+4,16,6216,0.0,0.0,0.0,6,0.0,12,0.4969485648800643
task2/b1_4-3-1-1,b1,4,3,1,1,omni-3924,C \ge 2 \ln 2,16,7794,0.0,0.0,0.0,5,0.0,12,0.44930311535374373
task2/b1_4-3-1-1,b1,4,3,1,1,omni-712,123+6\sqrt{119},16,8984,0.0,0.0,0.0,7,0.0,12,0.5184192558495481
task2/b1_4-3-1-1,b1,4,3,1,1,omni-3226,27,16,3931,1.0,1.0,0.0,1,0.0,12,0.5372158864106831
task2/b1_4-3-1-1,b1,4,3,1,1,omni-3017,1,16,2949,1.0,1.0,0.0,1,0.0,12,0.5404416939280655
task2/b1_4-3-1-1,b1,4,3,1,1,omni-3699,100902018,16,12975,0.0,0.0,0.0,9,0.0,12,0.47378574577846827
task2/b1_4-3-1-1,b1,4,3,1,1,omni-3755,"{6,7,7.5,8,8.5,9,10}",16,18348,0.0,0.0,0.0,9,0.25,12,0.5162249554118767
task2/b1_4-3-1-1,b1,4,3,1,1,omni-3467,3,16,6643,0.0,0.0,0.0,5,0.0,12,0.511233561899272
task2/b1_4-3-1-1,b1,4,3,1,1,omni-2787,6,16,4180,1.0,1.0,0.0,1,0.0,12,0.4535950910762628
task2/b1_4-3-1-1,b1,4,3,1,1,omni-2411,\frac{20}{3},16,9980,0.0,0.0,0.0,6,0.0,12,0.4046901354159768
task2/b1_4-3-1-1,b1,4,3,1,1,omni-2708,7,16,3548,1.0,1.0,0.0,1,0.0,12,0.4512199093715212
task2/b1_4-3-1-1,b1,4,3,1,1,omni-4115,"$f(x)= 0,f(x)= 2-x, f(x)=-x$",16,9787,0.0,0.0,0.0,3,0.0,12,0.5167044371822449
task2/b1_4-3-1-1,b1,4,3,1,1,omni-4386,\text{yes},16,6291,0.375,1.0,1.0,2,0.0,12,0.5206889207495206
task2/b1_4-3-1-1,b1,4,3,1,1,omni-2084,12,16,12686,0.1875,1.0,1.0,10,0.0,12,0.4773512648826035
task2/b1_4-3-1-1,b1,4,3,1,1,omni-1341,581,16,16456,0.0,0.0,0.0,10,0.0,12,0.4452390840232585
task2/b1_4-3-1-1,b1,4,3,1,1,omni-3423,37.5\%,16,4573,0.125,1.0,1.0,2,0.0,12,0.5562945705645962
task2/b1_4-3-1-1,b1,4,3,1,1,omni-3819,"f(x) = \begin{cases}
\frac{2}{2 - x}, & 0 \leq x < 2, \\
0, & x \geq 2.
\end{cases}",16,11525,0.8125,1.0,1.0,7,0.0,12,0.3909842289244618
task2/b1_4-3-1-1,b1,4,3,1,1,omni-2653,932,16,10287,0.0,0.0,0.0,5,0.0,12,0.503224706621025
task2/b1_4-3-1-1,b1,4,3,1,1,omni-3827,f(x) = 0 \text{ and } f(x) = x - 1.,16,9898,0.0,0.0,0.0,3,0.0,12,0.4117660873787619
task2/b1_4-3-1-1,b1,4,3,1,1,omni-312,"The largest integer \( n \) such that there exist monic quadratic polynomials \( p_{1}(x), p_{2}(x), p_{3}(x) \) with integer coefficients so that for all integers \( i \in[1, n] \) there exists some \( j \in[1,3] \) and \( m \in \mathbb{Z} \) such that \( p_{j}(m)=i \) is \( \boxed{9} \).",16,9693,0.25,1.0,1.0,6,0.0,12,0.5717955359404118
task2/b1_4-3-1-1,b1,4,3,1,1,omni-327,\[ 1979 \],16,7767,0.25,1.0,1.0,7,0.0,12,0.3130307883554881
task2/b1_4-3-1-1,b1,4,3,1,1,omni-3441,10^{3} \text{ and } 10^{4},16,2561,0.9375,1.0,1.0,2,0.0,12,0.5153597411862149
task2/b1_4-3-1-1,b1,4,3,1,1,omni-3404,\frac{5}{12},16,4101,0.4375,1.0,1.0,4,0.0,12,0.5148325813985946
task2/b1_4-3-1-1,b1,4,3,1,1,omni-246,\[\frac{(m+n)!}{(m-n)!} = \prod_{i=1}^{n}\left(m^{2}+m-i^{2}+i\right)\],16,9121,1.0,1.0,0.0,2,0.0,12,0.47890769726343896
task2/b1_4-3-1-1,b1,4,3,1,1,omni-2943,3,16,4493,1.0,1.0,0.0,1,0.0,12,0.4827906823156567
task2/b1_4-3-1-1,b1,4,3,1,1,omni-577,"(16,4,1),(1,16,4)",16,15577,0.0,0.0,0.0,11,0.0625,12,0.5174525857356361
task2/b1_4-3-1-1,b1,4,3,1,1,omni-3023,9,16,5463,1.0,1.0,0.0,1,0.0,12,0.50814486705783
task2/b1_4-3-1-1,b1,4,3,1,1,omni-4188,$\text { We conclude that } I\star (M\star O) = (O\star I)\star M \text { if } \triangle IMO \text{ is positively oriented and is isosceles with } OI = OM \text { and } \angle IOM=\frac{2\pi}{3}.$,16,10095,0.0,0.0,0.0,7,0.0,12,0.3281215063986379
task2/b1_4-3-1-1,b1,4,3,1,1,omni-1140,20,16,4257,0.125,1.0,1.0,5,0.0,12,0.6297647081815628
task2/b1_4-3-1-1,b1,4,3,1,1,omni-809,96,16,10105,0.1875,1.0,1.0,10,0.0,12,0.38110813979543123
task2/b1_4-3-1-1,b1,4,3,1,1,omni-1675,21,16,10566,0.0,0.0,0.0,11,0.0,12,0.43102971420790565
task2/b1_4-3-1-1,b1,4,3,1,1,omni-3267,"(j,k) = (2019, 1010)",16,9975,0.0,0.0,0.0,10,0.0,12,0.3808556443331838
task2/b1_4-3-1-1,b1,4,3,1,1,omni-1816,35,16,3496,0.0,0.0,0.0,7,0.0,12,0.6145526120845546
task2/b1_4-3-1-1,b1,4,3,1,1,omni-4008,-\frac{1}{8},16,7831,0.875,1.0,1.0,2,0.0,12,0.596306986313075
task2/b1_4-3-1-1,b1,4,3,1,1,omni-2356,1006,16,5308,0.75,1.0,1.0,2,0.0,12,0.5994779994476321
task2/b1_4-3-1-1,b1,4,3,1,1,omni-1551,-18910,16,8806,0.0,0.0,0.0,9,0.0,12,0.32329612234436134
task2/b1_4-3-1-1,b1,4,3,1,1,omni-1225,"r = 4, s = 5",16,7001,0.9375,1.0,1.0,2,0.0,12,0.6349758237205709
task2/b1_4-3-1-1,b1,4,3,1,1,omni-1762,\log _{2} 2015-1,16,8235,0.5625,1.0,1.0,7,0.0,12,0.5397271432591485
task2/b1_4-3-1-1,b1,4,3,1,1,omni-944,5,16,10385,0.0,0.0,0.0,3,0.0,12,0.423490111313501
task2/b1_4-3-1-1,b1,4,3,1,1,omni-1806,1,16,3667,0.6875,1.0,1.0,3,0.0,12,0.5269677368934892
task2/b1_4-3-1-1,b1,4,3,1,1,omni-370,14,16,4931,1.0,1.0,0.0,1,0.0,12,0.4448480401199018
task2/b1_4-3-1-1,b1,4,3,1,1,omni-749,\frac{2}{3},16,5448,0.0,0.0,0.0,5,0.0,12,0.5000849596173583
task2/b1_4-3-1-1,b1,4,3,1,1,omni-3925,"$(p,n)=(p,p),(2,4)$",16,9588,0.0625,1.0,1.0,11,0.0,12,0.3984662742371972
task2/b1_4-3-1-1,b1,4,3,1,1,omni-1809,\frac{1+\sqrt{5}}{2},16,6276,0.9375,1.0,1.0,2,0.0,12,0.48926159348724374
task2/b1_4-3-1-1,b1,4,3,1,1,omni-322,The only possible value for the center is \( 18 \).,16,10055,0.0,0.0,0.0,5,0.0,12,0.4216758032245118
task2/b1_4-3-1-1,b1,4,3,1,1,omni-475,144,16,5405,0.0,0.0,0.0,3,0.0,12,0.4889748993858356
task2/b1_4-3-1-1,b1,4,3,1,1,omni-1432,\frac{1005}{1006},16,11054,0.0,0.0,0.0,5,0.0,12,0.4252013536513694
task2/b1_4-3-1-1,b1,4,3,1,1,omni-2055,27,16,5917,0.0625,1.0,1.0,6,0.0,12,0.4815020841813533
task2/b1_4-3-1-1,b1,4,3,1,1,omni-1104,283,16,12935,0.0,0.0,0.0,6,0.0,12,0.47688147561088096
task2/b1_4-3-1-1,b1,4,3,1,1,omni-3178,"The coordinates of $R(x,y)$ are $(x+n,y)$.",16,7019,0.0,0.0,0.0,4,0.0,12,0.5772739149206095
task2/b1_4-3-1-1,b1,4,3,1,1,omni-1827,"Two continuous arcs from the circle with diameter 4,4",16,4684,0.0,0.0,0.0,3,0.0,12,0.4749536963949776
task2/b1_4-3-1-1,b1,4,3,1,1,omni-3648,f(x) = \frac{1}{x},16,11894,0.375,1.0,1.0,5,0.0,12,0.46525940987777453
task2/b1_4-3-1-1,b1,4,3,1,1,omni-318,\[ 36 \],16,6455,0.0,0.0,0.0,5,0.0,12,0.5358526455473903
task2/b1_4-3-1-1,b1,4,3,1,1,omni-683,\frac{216 \pi^{3}-2187 \sqrt{3}}{8 \pi^{2}},16,6612,0.0,0.0,0.0,5,0.0,12,0.6067627426846582
task2/b1_4-3-1-1,b1,4,3,1,1,omni-19,69,16,8040,0.0,0.0,0.0,2,0.0,12,0.38782661240293653
task2/b1_4-3-1-1,b1,4,3,1,1,omni-1492,"(0,0) \text{ and } (1,1)",16,8469,0.5,1.0,1.0,4,0.0,12,0.4848356983514663
task2/b1_4-3-1-1,b1,4,3,1,1,omni-948,\frac{224}{243},16,5413,0.0,0.0,0.0,11,0.0,12,0.5079185755347154
task2/b1_4-3-1-1,b1,4,3,1,1,omni-152,A positive integral solution exists.,16,8491,0.0,0.0,0.0,2,0.0,12,0.34931460528061953
task2/b1_4-3-1-1,b1,4,3,1,1,omni-4050,f(x) = c \log(x) \text{ or } f(x) = cx^k.,16,10135,0.0,0.0,0.0,12,0.0,12,0.35781961247641375
task2/b1_4-3-1-1,b1,4,3,1,1,omni-72,\lceil \frac{n}{t} \rceil,16,5978,0.5625,1.0,1.0,2,0.0,12,0.3886172270451715
task2/b1_4-3-1-1,b1,4,3,1,1,omni-2770,80,16,3927,0.0,0.0,0.0,4,0.0,12,0.6238139057172574
task2/b1_4-3-1-1,b1,4,3,1,1,omni-3234,\frac{1}{3},16,14211,0.125,1.0,1.0,8,0.0,12,0.4821613616787659
task2/b1_4-3-1-1,b1,4,3,1,1,omni-1471,30,16,3009,1.0,1.0,0.0,1,0.0,12,0.5538664193724467
task2/b1_4-3-1-1,b1,4,3,1,1,omni-890,240,16,11953,0.0625,1.0,1.0,11,0.0,12,0.48192248027128265
task2/b1_4-3-1-1,b1,4,3,1,1,omni-4077,$\boxed{2^{19} \cdot 3^{10} \cdot 5^{4} \cdot 3^{3} \cdot 11\cdot 13\cdot 17\cdot 19}$,16,13227,0.0,0.0,0.0,10,0.0,12,0.5127884274244147
task2/b1_4-3-1-1,b1,4,3,1,1,omni-539,12,16,6238,0.0,0.0,0.0,6,0.0,12,0.522299506795385
task2/b1_4-3-1-1,b1,4,3,1,1,omni-4251,"{x \in \mathbb{Z} \cup \bigcup_{n = 1} ^{\infty} (n, \sqrt{(n-1)^2 + 1} + 1)}",16,12342,0.0,0.0,0.0,13,0.0,12,0.4278327599852405
task2/b1_4-3-1-1,b1,4,3,1,1,omni-1803,f(x) = \lfloor x \rfloor,16,9951,0.0,0.0,0.0,6,0.0,12,0.4105687258872454
task2/b1_4-3-1-1,b1,4,3,1,1,omni-1652,\frac{19}{18},16,11161,0.0625,1.0,1.0,11,0.0625,12,0.41614129927593363
task2/b1_4-3-1-1,b1,4,3,1,1,omni-3096,236,16,5105,1.0,1.0,0.0,1,0.0,12,0.46666333742240257
task2/b1_4-3-1-1,b1,4,3,1,1,omni-4269,"\tan(\sin x) > \sin(\tan x) \text{ for } x \in \left(0, \frac{\pi}{2}\right)",16,8374,0.0,0.0,0.0,4,0.0,12,0.36310515034299495
task2/b1_4-3-1-1,b1,4,3,1,1,omni-2607,7174,16,9914,0.0,0.0,0.0,10,0.0,12,0.42263516608319773
task2/b1_4-3-1-1,b1,4,3,1,1,omni-3853,3,16,7136,0.125,1.0,1.0,3,0.0,12,0.5144056072537155
task2/b1_4-3-1-1,b1,4,3,1,1,omni-1316,2003,16,6018,1.0,1.0,0.0,1,0.0,12,0.49573918864125216
task2/b1_4-3-1-1,b1,4,3,1,1,omni-275,The function \( f(x) = kx \) for any real value of \( k \).,16,8392,0.0,0.0,0.0,4,0.0,12,0.39498876391064175
task2/b1_4-3-1-1,b1,4,3,1,1,omni-3422,4^{7},16,4761,1.0,1.0,0.0,1,0.0,12,0.5173568725735909
task2/b1_4-3-1-1,b1,4,3,1,1,omni-537,33^{\circ},16,7697,0.0,0.0,0.0,4,0.0,12,0.2963126156972463
task2/b1_4-3-1-1,b1,4,3,1,1,omni-1043,20,16,14635,0.0,0.0,0.0,2,0.0,12,0.4971005777295432
task2/b1_4-3-1-1,b1,4,3,1,1,omni-1154,\frac{4}{9},16,7446,0.0,0.0,0.0,1,0.0,12,0.5555129874651771
task2/b1_4-3-1-1,b1,4,3,1,1,omni-3167,2\sqrt{2} - 1,16,7178,0.0,0.0,0.0,5,0.0,12,0.6597012203330124
task2/b1_4-3-1-1,b1,4,3,1,1,omni-862,403,16,5936,0.0,0.0,0.0,8,0.0,12,0.5961104544942419
task2/b1_4-3-1-1,b1,4,3,1,1,omni-2767,44,16,6212,0.0,0.0,0.0,12,0.0,12,0.6276059494681067
task2/b1_4-3-1-1,b1,4,3,1,1,omni-3211,\frac{\pi \log(2)}{8},16,14059,0.0,0.0,0.0,6,0.0,12,0.5025526922150297
task2/b1_4-3-1-1,b1,4,3,1,1,omni-3982,4,16,7912,0.8125,1.0,1.0,4,0.0,12,0.6103926961126213
task2/b1_4-3-1-1,b1,4,3,1,1,omni-4154,"(p, x, y) \in \{(3, 2, 5), (3, 5, 2)\} \cup \{(2, n, 2^k - n) \mid 0 < n < 2^k\}",16,10545,0.0,0.0,0.0,10,0.0,12,0.4740682537761481
task2/b1_4-3-1-1,b1,4,3,1,1,omni-812,433755,16,5039,0.0,0.0,0.0,4,0.0,12,0.45887947550384217
task2/b1_4-3-1-1,b1,4,3,1,1,omni-4068,\lambda \ge \frac{1}{n-1},16,6988,0.0,0.0,0.0,5,0.0,12,0.5026412520484161
task2/b1_4-3-1-1,b1,4,3,1,1,omni-240,The composite positive integers \( n \) for which it is possible to arrange all divisors of \( n \) that are greater than 1 in a circle so that no two adjacent divisors are relatively prime are those \( n \) that are not of the form \( pq \) where \( p \) and \( q \) are distinct primes.,16,10068,0.0,0.0,0.0,10,0.0,12,0.40603313129513124
task2/b1_4-3-1-1,b1,4,3,1,1,omni-1173,Yes,16,11336,0.0,0.0,0.0,1,0.0,12,0.3888120753016566
task2/b1_4-3-1-1,b1,4,3,1,1,omni-3980,m \text{ is a prime number},16,12141,0.0625,1.0,1.0,11,0.0,12,0.41207186095087844
task2/b1_4-3-1-1,b1,4,3,1,1,omni-2308,210,16,5402,0.0,0.0,0.0,8,0.0,12,0.47588690827706026
task2/b1_4-3-1-1,b1,4,3,1,1,omni-604,\frac{16}{3},16,11631,0.0625,1.0,1.0,9,0.0,12,0.3963307226915846
task2/b1_4-3-1-1,b1,4,3,1,1,omni-3907,\frac{1}{4},16,7271,0.0,0.0,0.0,2,0.0,12,0.580577511393808
task2/b1_4-3-1-1,b1,4,3,1,1,omni-9,561,16,3326,0.0,0.0,0.0,6,0.0,12,0.6280464334948713
task2/b1_4-3-1-1,b1,4,3,1,1,omni-1954,32,16,6572,0.0625,1.0,1.0,6,0.0,12,0.5755656663442733
task2/b1_4-3-1-1,b1,4,3,1,1,omni-893,1024,16,4292,1.0,1.0,0.0,1,0.0,12,0.43449868750591564
task2/b1_4-3-1-1,b1,4,3,1,1,omni-3645,19,16,6797,0.5,1.0,1.0,3,0.0,12,0.6853162579540197
task2/b1_4-3-1-1,b1,4,3,1,1,omni-1529,\frac{79}{20},16,6451,0.0,0.0,0.0,5,0.0,12,0.33219086859217334
task2/b1_4-3-1-1,b1,4,3,1,1,omni-316,\[ f(x) = x + 1 \],16,10669,0.5625,1.0,1.0,5,0.0,12,0.4672931948286479
task2/b1_4-3-1-1,b1,4,3,1,1,omni-3435,7,16,8160,0.875,1.0,1.0,3,0.0,12,0.3256013133351847
task2/b1_4-3-1-1,b1,4,3,1,1,omni-3984,3 \text{ and } 4,16,12706,0.5625,1.0,1.0,5,0.0,12,0.43129208042976086
task2/b1_4-3-1-1,b1,4,3,1,1,omni-3047,28,16,5997,0.625,1.0,1.0,5,0.0,12,0.48193761943529695
task2/b1_4-3-1-1,b1,4,3,1,1,omni-4376,\text{Yes},16,12756,0.625,1.0,1.0,3,0.0,12,0.353314450080144
task2/b1_4-3-1-1,b1,4,3,1,1,omni-3032,3,16,4662,1.0,1.0,0.0,1,0.0,12,0.3834719196149307
task2/b1_4-3-1-1,b1,4,3,1,1,omni-1725,16,16,5795,0.0,0.0,0.0,12,0.0,12,0.5613446963391667
task2/b1_4-3-1-1,b1,4,3,1,1,omni-589,There is no such function \( f: S \rightarrow S \).,16,8511,0.0,0.0,0.0,2,0.0,12,0.40332889188369303
task2/b1_4-3-1-1,b1,4,3,1,1,omni-826,\frac{\sqrt{30}}{2},16,5582,0.0,0.0,0.0,6,0.0,12,0.6559301655964355
task2/b1_4-3-1-1,b1,4,3,1,1,omni-1296,2002,16,9785,0.4375,1.0,1.0,2,0.0,12,0.6092545647366425
task2/b1_4-3-1-1,b1,4,3,1,1,omni-108,41,16,16354,0.0,0.0,0.0,8,0.0,12,0.5317938629541352
task2/b1_4-3-1-1,b1,4,3,1,1,omni-1256,41,16,8621,0.3125,1.0,1.0,3,0.0,12,0.389033497615118
task2/b1_4-3-1-1,b1,4,3,1,1,omni-1967,6,16,4752,0.0,0.0,0.0,2,0.0,12,0.5348641649265413
task2/b1_4-3-1-1,b1,4,3,1,1,omni-3394,4,16,2635,1.0,1.0,0.0,1,0.0,12,0.5458872886131011
task2/b1_4-3-1-1,b1,4,3,1,1,omni-3671,\frac{1}{2^{1007}},16,7776,0.1875,1.0,1.0,7,0.0,12,0.4128879401340016
task2/b1_4-3-1-1,b1,4,3,1,1,omni-523,(2i-1)/4,16,6657,0.0,0.0,0.0,6,0.0,12,0.4988117702207832
task2/b1_4-3-1-1,b1,4,3,1,1,omni-4051,f(x) = 2x \text{ and } f(x) = 0,16,10684,0.125,1.0,1.0,9,0.0,12,0.41756844233901175
task2/b1_4-3-1-1,b1,4,3,1,1,omni-1069,2048,16,3623,0.0,0.0,0.0,3,0.0,12,0.48606394962251054
task2/b1_4-3-1-1,b1,4,3,1,1,omni-4328,"f(x) = \begin{cases}
-(1-x)^c + 1 &\text{ if $x < 1$} \\
1 &\text{ if $x = 1$} \\
k(x-1)^c + 1 &\text{ if $x > 1$}
\end{cases}, \text{ for some real constants }c \geq 0, k > 0",16,9233,0.5,1.0,1.0,14,0.0,12,0.4600821411263454
task2/b1_4-3-1-1,b1,4,3,1,1,omni-820,54^{\circ},16,6144,0.4375,1.0,1.0,3,0.0,12,0.35974445702951224
task2/b1_4-3-1-1,b1,4,3,1,1,omni-2101,1019088,16,3396,0.0,0.0,0.0,3,0.0,12,0.6202069985593323
task2/b1_4-3-1-1,b1,4,3,1,1,omni-346,\[ A = -7 \],16,10254,0.0,0.0,0.0,11,0.0,12,0.4339191275913003
task2/b1_4-3-1-1,b1,4,3,1,1,omni-3757,\frac{2}{5} \cdot 9^n - \frac{2}{5} \cdot (-1)^n,16,5889,0.0,0.0,0.0,8,0.0,12,0.49210161368653066
task2/b1_4-3-1-1,b1,4,3,1,1,omni-1134,23/144,16,6363,0.0,0.0,0.0,10,0.0,12,0.4952518747835098
task2/b1_4-3-1-1,b1,4,3,1,1,omni-292,"There does not exist a strictly increasing eight-term arithmetic progression \(a_{1}, \ldots, a_{8}\) of odd positive integers such that \(r(a_{1}), \ldots, r(a_{8})\) is an arithmetic progression in that order.",16,7502,0.0,0.0,0.0,2,0.0,12,0.579997229293118
task2/b1_4-3-1-1,b1,4,3,1,1,omni-1062,45,16,14761,0.0625,1.0,1.0,12,0.0,12,0.3183061206659709
task2/b1_4-3-1-1,b1,4,3,1,1,omni-4284,\text{Yes},16,7785,0.8125,1.0,1.0,2,0.0,12,0.3346833799253908
task2/b1_4-3-1-1,b1,4,3,1,1,omni-814,1,16,6582,1.0,1.0,0.0,1,0.0,12,0.5029531584460087
task2/b1_4-3-1-1,b1,4,3,1,1,omni-3494,15,16,6352,0.375,1.0,1.0,5,0.0,12,0.6202464369404934
task2/b1_4-3-1-1,b1,4,3,1,1,omni-693,29,16,9136,0.0,0.0,0.0,4,0.0,12,0.5085750427075001
task2/b1_4-3-1-1,b1,4,3,1,1,omni-2374,2^{2013}-6036,16,11824,0.6875,1.0,1.0,3,0.0,12,0.45625771605753923
task2/b1_4-3-1-1,b1,4,3,1,1,omni-2137,12345,16,9224,0.0,0.0,0.0,13,0.0,12,0.4274097351280602
task2/b1_4-3-1-1,b1,4,3,1,1,omni-4072,$\text{第二个玩家有获胜策略，当且仅当} \displaystyle n \leq \varphi k \text{和}  \displaystyle k \leq \varphi n \text{而且}  \displaystyle \varphi=\frac{\sqrt{5}+1}{2}$,16,5219,0.0,0.0,0.0,5,0.0,12,0.4699236199218098
task2/b1_4-3-1-1,b1,4,3,1,1,omni-2962,8 \text{ p.m. on Saturday},16,2420,1.0,1.0,0.0,1,0.0,12,0.46173286612679304
task2/b1_4-3-1-1,b1,4,3,1,1,omni-4058,\text{No},16,8946,0.6875,1.0,1.0,2,0.0,12,0.49408532495840024
task2/b1_4-3-1-1,b1,4,3,1,1,omni-2636,2530,16,4158,0.0,0.0,0.0,2,0.0,12,0.5330101562777093
task2/b1_4-3-1-1,b1,4,3,1,1,omni-543,48,16,4345,0.0,0.0,0.0,9,0.0,12,0.5264956558370448
task2/b1_4-3-1-1,b1,4,3,1,1,omni-1219,\frac{19}{28},16,6847,0.0,0.0,0.0,12,0.0,12,0.5091246911624118
task2/b1_4-3-1-1,b1,4,3,1,1,omni-742,2402,16,11546,0.875,1.0,1.0,1,0.0625,12,0.43379975619494604
task2/b1_4-3-1-1,b1,4,3,1,1,omni-3950,2^n - 1,16,7551,0.0625,1.0,1.0,6,0.0,12,0.3614276705090597
task2/b1_4-3-1-1,b1,4,3,1,1,omni-4042,f(x) = c \text{ for any } c > 0.,16,9898,0.0,0.0,0.0,11,0.0,12,0.5292378693596191
task2/b1_4-3-1-1,b1,4,3,1,1,omni-1957,60\left(1-\left(\frac{1}{10}\right)^{\frac{1}{9}}\right),16,10647,0.0,0.0,0.0,5,0.0,12,0.4066655706829176
task2/b1_4-3-1-1,b1,4,3,1,1,omni-4029,"\text{For } n = 3, \text{ it is not possible. For } n = 2, \text{ it is possible.}",16,6377,0.0,0.0,0.0,7,0.0,12,0.39420241172257825
task2/b1_4-3-1-1,b1,4,3,1,1,omni-3759,2,16,7219,0.9375,1.0,1.0,1,0.0,12,0.5862463808899313
task2/b1_4-3-1-1,b1,4,3,1,1,omni-2839,9,16,8023,0.0,0.0,0.0,4,0.0,12,0.5916426184130436
task2/b1_4-3-1-1,b1,4,3,1,1,omni-2427,199 \pi,16,2752,1.0,1.0,0.0,1,0.0,12,0.5552077623148185
task2/b1_4-3-1-1,b1,4,3,1,1,omni-3641,f(n) = 1 \text{ for all } n \in \mathbb{N} \text{ or } f(n) = n^2 \text{ for all } n \in \mathbb{N}.,16,8055,0.0625,1.0,1.0,6,0.0,12,0.5262288169242092
task2/b1_4-3-1-1,b1,4,3,1,1,omni-2092,\frac{189}{2},16,5600,0.0,0.0,0.0,2,0.0,12,0.5599373585216392
task2/b1_4-3-1-1,b1,4,3,1,1,omni-2501,20,16,12570,0.0,0.0,0.0,7,0.0,12,0.5232876482318735
task2/b1_4-3-1-1,b1,4,3,1,1,omni-3401,62\%,16,1760,1.0,1.0,0.0,1,0.0,12,0.4421225475912976
task2/b1_4-3-1-1,b1,4,3,1,1,omni-2658,648,16,9404,0.0,0.0,0.0,5,0.0,12,0.42724446086801965
task2/b1_4-3-1-1,b1,4,3,1,1,omni-2829,8,16,1924,1.0,1.0,0.0,1,0.0,12,0.467987846482319
task2/b1_4-3-1-1,b1,4,3,1,1,omni-1703,105,16,6745,1.0,1.0,0.0,1,0.0,12,0.3378854320118114
task2/b1_4-3-1-1,b1,4,3,1,1,omni-3317,23097,16,9492,0.0,0.0,0.0,8,0.0,12,0.4410808715363323
task2/b1_4-3-1-1,b1,4,3,1,1,omni-1144,1/5,16,11972,0.25,1.0,1.0,9,0.0,12,0.5467155084450187
task2/b1_4-3-1-1,b1,4,3,1,1,omni-2704,9 \mathrm{~km} / \mathrm{h},16,5600,1.0,1.0,0.0,1,0.0,12,0.4795106561828673
task2/b1_4-3-1-1,b1,4,3,1,1,omni-3626,2k - 1,16,5449,0.0,0.0,0.0,2,0.0,12,0.42454484748817345
task2/b1_4-3-1-1,b1,4,3,1,1,omni-4043,"(a, a+1)",16,11764,0.0,0.0,0.0,11,0.0,12,0.4536910969222064
task2/b1_4-3-1-1,b1,4,3,1,1,omni-1167,\frac{A B^{2}}{A C^{2}},16,4916,0.0,0.0,0.0,5,0.0,12,0.5222893302832444
task2/b1_4-3-1-1,b1,4,3,1,1,omni-2469,\sqrt[4]{2},16,3074,1.0,1.0,0.0,1,0.0,12,0.6681953783253034
task2/b1_4-3-1-1,b1,4,3,1,1,omni-750,89,16,5524,1.0,1.0,0.0,1,0.0,12,0.5489764824439521
task2/b1_4-3-1-1,b1,4,3,1,1,omni-270,"The minimal total penalty a player can amass is:
\[ \min(BW, 2WR, 3RB) \]

The number of optimal strategies is:
- If \( BW \neq 2WR \neq 3RB \), there is \( 1 \) optimal strategy.
- If \( BW = 2WR < 3RB \), there are \( W+1 \) strategies.
- If \( 2WR = 3RB < BW \), there are \( R+1 \) strategies.
- If \( 3RB = BW < 2WR \), there are \( B+1 \) strategies.
- If \( BW = 2WR = 3RB \), there are \( R+B+W \) strategies.",16,6638,0.0,0.0,0.0,13,0.0,12,0.59590910029962
task2/b1_4-3-1-1,b1,4,3,1,1,omni-657,1545,16,12278,0.0,0.0,0.0,14,0.0,12,0.3550148064667777
task2/b1_4-3-1-1,b1,4,3,1,1,omni-2254,"(30,92) \text{ OR } (92,30)",16,14164,0.0,0.0,0.0,9,0.0625,12,0.4355825946820909
task2/b1_4-3-1-1,b1,4,3,1,1,omni-2746,1: 2,16,5045,1.0,1.0,0.0,1,0.0,12,0.4834553828619876
task2/b1_4-3-1-1,b1,4,3,1,1,omni-1396,f(n)=\left\{\begin{array}{cl} 0 & \text { if } n \text { is even } \\ \frac{1}{2 n} & \text { if } n \text { is odd } \end{array}\right.,16,11196,0.0,0.0,0.0,4,0.0,12,0.31370064792861374
task2/b1_4-3-1-1,b1,4,3,1,1,omni-606,1+\sqrt{\frac{7}{15}},16,8624,0.0,0.0,0.0,9,0.0,12,0.6304260599898234
task2/b1_4-3-1-1,b1,4,3,1,1,omni-950,\binom{100}{50} 2^{98},16,3636,0.0,0.0,0.0,9,0.0,12,0.5834757275379822
task2/b1_4-3-1-1,b1,4,3,1,1,omni-500,28,16,6113,0.0,0.0,0.0,4,0.0,12,0.4990356648001611
task2/b1_4-3-1-1,b1,4,3,1,1,omni-2466,3680,16,7925,0.875,1.0,1.0,3,0.0,12,0.5114553023550225
task2/b1_4-3-1-1,b1,4,3,1,1,omni-1633,323,16,4561,0.0,0.0,0.0,6,0.0,12,0.3642052919666572
task2/b1_4-3-1-1,b1,4,3,1,1,omni-1326,714,16,5381,0.0,0.0,0.0,2,0.0,12,0.5825191368435031
task2/b1_4-3-1-1,b1,4,3,1,1,omni-3863,59,16,5127,0.0,0.0,0.0,8,0.0,12,0.5373288962154948
task2/b1_4-3-1-1,b1,4,3,1,1,omni-101,7,16,2702,0.0,0.0,0.0,1,0.0,12,0.5591183574879227
task2/b1_4-3-1-1,b1,4,3,1,1,omni-3947,(2n-1)!!,16,6048,0.0,0.0,0.0,5,0.0,12,0.3646512307869157
task2/b1_4-3-1-1,b1,4,3,1,1,omni-661,3 \sqrt{3} / 2,16,4600,0.0,0.0,0.0,7,0.0,12,0.4357628525467976
task2/b1_4-3-1-1,b1,4,3,1,1,omni-3101,33,16,6077,0.1875,1.0,1.0,5,0.0,12,0.653540772582442
task2/b1_4-3-1-1,b1,4,3,1,1,omni-2123,\frac{21}{2},16,8197,0.0,0.0,0.0,3,0.0,12,0.5440208716593978
task2/b1_4-3-1-1,b1,4,3,1,1,omni-2670,19,16,3259,1.0,1.0,0.0,1,0.0,12,0.3145957792003038
task2/b1_4-3-1-1,b1,4,3,1,1,omni-120,199,16,18494,0.0,0.0,0.0,6,0.0,12,0.48373149826449824
task2/b1_4-3-1-1,b1,4,3,1,1,omni-801,\frac{116}{35},16,7530,0.0,0.0,0.0,3,0.0,12,0.5340315717067518
task2/b1_4-3-1-1,b1,4,3,1,1,omni-3896,"2, 3, 4, 6, 8, 12, 24",16,8590,0.0,0.0,0.0,6,0.0,12,0.5625925303837841
task2/b1_4-3-1-1,b1,4,3,1,1,omni-1092,192,16,5702,0.0,0.0,0.0,1,0.0,12,0.49898321678306484
task2/b1_4-3-1-1,b1,4,3,1,1,omni-333,77,16,14304,0.0,0.0,0.0,9,0.0,12,0.36440595455334485
task2/b1_4-3-1-1,b1,4,3,1,1,omni-3567,y = -\frac{1}{4},16,8824,0.0,0.0,0.0,6,0.0,12,0.5094503306245308
task2/b1_4-3-1-1,b1,4,3,1,1,omni-1237,20,16,7856,0.8125,1.0,1.0,4,0.0,12,0.5071967061874727
task2/b1_4-3-1-1,b1,4,3,1,1,omni-337,\[ x = 4 \],16,7171,0.9375,1.0,1.0,2,0.0,12,0.6059865387008427
task2/b1_4-3-1-1,b1,4,3,1,1,omni-2403,\frac{5}{7},16,6046,0.0,0.0,0.0,6,0.0,12,0.6005239650505203
task2/b1_4-3-1-1,b1,4,3,1,1,omni-580,7,16,11052,0.375,1.0,1.0,3,0.0,12,0.446961258540471
task2/b1_4-3-1-1,b1,4,3,1,1,omni-3941,"(2,2)(3,3)(1,2)(2,1)(2,3)(3,2)",16,11112,0.0,0.0,0.0,11,0.0,12,0.524213912777073
task2/b1_4-3-1-1,b1,4,3,1,1,omni-309,"The simple modules of \( A \) are the 1-dimensional modules \( S_i \) for \( 1 \leq i \leq n \), where \( E_{ii} \) acts by 1 and \( E_{ij}, E_{jj} \) act by 0 for \( j \neq i \).",16,6399,0.0,0.0,0.0,7,0.0,12,0.38419177914767916
task2/b1_4-3-1-1,b1,4,3,1,1,omni-1622,Even,16,9739,0.5625,1.0,1.0,2,0.0,12,0.38713397965534774
task2/b1_4-3-1-1,b1,4,3,1,1,omni-3674,"(2, 3) \text{ and } (6, 15)",16,11880,0.0,0.0,0.0,10,0.0,12,0.39774254788548297
task2/b1_4-3-1-1,b1,4,3,1,1,omni-3532,The sum diverges.,16,9770,0.0,0.0,0.0,4,0.0,12,0.5096877583458524
task2/b1_4-3-1-1,b1,4,3,1,1,omni-3260,160,16,2484,1.0,1.0,0.0,1,0.0,12,0.51995203001491
task2/b1_4-3-1-1,b1,4,3,1,1,omni-1239,-6,16,7717,0.4375,1.0,1.0,6,0.0,12,0.5821270950562489
task2/b1_4-3-1-1,b1,4,3,1,1,omni-2641,7,16,6083,1.0,1.0,0.0,1,0.0,12,0.46659971074574197
task2/b1_4-3-1-1,b1,4,3,1,1,omni-290,\[ 4 \cdot 2007 - 3 = 8025 \],16,5038,0.0,0.0,0.0,6,0.0,12,0.5842907286897223
task2/b1_4-3-1-1,b1,4,3,1,1,omni-4231,$1\text{ for } n=1\text{ and } n^4-n^3\text{ for }n \ge 2$,16,5077,0.0,0.0,0.0,6,0.0,12,0.4391371000051591
task2/b1_4-3-1-1,b1,4,3,1,1,omni-3774,75^\circ,16,4029,0.0,0.0,0.0,3,0.0,12,0.6074763104344415
task2/b1_4-3-1-1,b1,4,3,1,1,omni-4243,"\[
\text{For all } n \geq 2.
\]",16,6663,0.0,0.0,0.0,11,0.0,12,0.42719280449754665
task2/b1_4-3-1-1,b1,4,3,1,1,omni-1913,\frac{1}{2},16,5260,0.0,0.0,0.0,1,0.0,12,0.6358225715254232
task2/b1_4-3-1-1,b1,4,3,1,1,omni-2146,\frac{15 \sqrt{37}-75}{4},16,7364,0.0,0.0,0.0,7,0.0,12,0.6447083659642141
task2/b1_4-3-1-1,b1,4,3,1,1,omni-2351,\frac{13}{3},16,9032,0.0,0.0,0.0,10,0.0,12,0.5664157100531281
task2/b1_4-3-1-1,b1,4,3,1,1,omni-668,41,16,9457,0.0,0.0,0.0,6,0.0,12,0.5113540164266928
task2/b1_4-3-1-1,b1,4,3,1,1,omni-385,1,16,12423,0.875,1.0,1.0,2,0.0625,12,0.500805934429416
task2/b1_4-3-1-1,b1,4,3,1,1,omni-1597,"(995,1),(176,10),(80,21)",16,8426,0.0,0.0,0.0,7,0.0,12,0.48235893025140814
task2/b1_4-3-1-1,b1,4,3,1,1,omni-1041,\binom{43}{21}-1,16,6054,0.0,0.0,0.0,9,0.0,12,0.5223597559763775
task2/b1_4-3-1-1,b1,4,3,1,1,omni-3043,5,16,3232,1.0,1.0,0.0,1,0.0,12,0.5578828854566514
task2/b1_4-3-1-1,b1,4,3,1,1,omni-4260,"$\boxed{(1,2,1,0), (2,0,2,0), (2,1,2,0,0), (x-3,2,1,0,0,\ldots, 0,1,0,0,0)} \text{ for any } x \ge 6$",16,10390,0.0,0.0,0.0,14,0.0,12,0.4971329847961845
task2/b1_4-3-1-1,b1,4,3,1,1,omni-929,1149852,16,8186,0.0,0.0,0.0,9,0.0,12,0.6062883198660791
task2/b1_4-3-1-1,b1,4,3,1,1,omni-1279,"\[
\sup \{V \mid V \text{ is good} \} = \frac{1}{4}
\]",16,5411,0.0,0.0,0.0,4,0.0,12,0.5230932953199282
task2/b1_4-3-1-1,b1,4,3,1,1,omni-2069,1026,16,10043,0.0,0.0,0.0,4,0.0,12,0.5183716167350118
task2/b1_4-3-1-1,b1,4,3,1,1,omni-2849,-y,16,1991,1.0,1.0,0.0,1,0.0,12,0.49375042263581986
task2/b1_4-3-1-1,b1,4,3,1,1,omni-26,n - 1,16,6414,0.0,0.0,0.0,1,0.0,12,0.6073405403865213
task2/b1_4-3-1-1,b1,4,3,1,1,omni-2484,25,16,9464,0.0,0.0,0.0,11,0.0,12,0.392933867514228
task2/b1_4-3-1-1,b1,4,3,1,1,omni-776,178,16,8244,0.0625,1.0,1.0,5,0.0,12,0.5418584648056183
task2/b1_4-3-1-1,b1,4,3,1,1,omni-3867,f(x) = -1 \text{ and } f(x) = x - 1.,16,12383,0.0625,1.0,1.0,14,0.0,12,0.42232385825825275
task2/b1_4-3-1-1,b1,4,3,1,1,omni-4270,"\[
a_{u+vn} = 
\begin{cases} 
0, & u+v \le n, \\ 
1, & u+v \ge n+1 
\end{cases} 
\quad \text{for all } 1 \le u \le n \text{ and } 0 \le v \le n.
\]
\[
\text{The terms can be arranged into blocks of length } n \text{ as}
\]
\[
\underbrace{(0 \cdots 0)}_{n} \underbrace{(0 \cdots 0 \ 1)}_{n-1} \underbrace{(0 \cdots 0 \ 1 \ 1)}_{n-2} \cdots \underbrace{(0 \cdots 0 \ 1 \cdots 1)}_{n-v} \underbrace{(0 \ 1 \cdots 1)}_{v} \cdots \underbrace{(0 \ 1 \cdots 1)}_{n-1} \underbrace{(1 \cdots 1)}_{n}.
\]",16,12776,0.1875,1.0,1.0,14,0.0,12,0.2324995352047202
task2/b1_4-3-1-1,b1,4,3,1,1,omni-2729,2,16,2832,1.0,1.0,0.0,1,0.0,12,0.5983467452994905
task2/b1_4-3-1-1,b1,4,3,1,1,omni-3669,12,16,10338,0.0,0.0,0.0,7,0.0,12,0.41860096930082064
task2/b1_4-3-1-1,b1,4,3,1,1,omni-2384,257,16,5151,0.0,0.0,0.0,7,0.0,12,0.5867754313643376
task2/b1_4-3-1-1,b1,4,3,1,1,omni-3153,18,16,6428,0.0625,1.0,1.0,10,0.0,12,0.469686589098345
task2/b1_4-3-1-1,b1,4,3,1,1,omni-2130,64912347,16,6914,0.0,0.0,0.0,12,0.0,12,0.4243390848505572
task2/b1_4-3-1-1,b1,4,3,1,1,omni-3205,8,16,2371,0.0,0.0,0.0,2,0.0,12,0.6229729006502861
task2/b1_4-3-1-1,b1,4,3,1,1,omni-3691,P(x) = x + 1,16,10649,0.0,0.0,0.0,12,0.0,12,0.3043518345538742
task2/b1_4-3-1-1,b1,4,3,1,1,omni-1559,"-6,0,2,8",16,11707,0.0,0.0,0.0,3,0.0,12,0.48433328072616816
task2/b1_4-3-1-1,b1,4,3,1,1,omni-2724,181,16,9860,0.0,0.0,0.0,11,0.0,12,0.5635328918219008
task2/b1_4-3-1-1,b1,4,3,1,1,omni-218,"\[
\boxed{\left(\frac{c^2+c-1}{c^2}, \frac{c}{c-1}, c\right)}
\]",16,10318,0.0,0.0,0.0,3,0.0,12,0.4189751888694901
task2/b1_4-3-1-1,b1,4,3,1,1,omni-298,"The pairs of positive integers \((x, y)\) that satisfy the equation \(x^y = y^{x - y}\) are:

\[
(x, y) = (9, 3) \quad \text{and} \quad (x, y) = (8, 2)
\]",16,8562,0.0,0.0,0.0,8,0.0,12,0.5543369953761521
task2/b1_4-3-1-1,b1,4,3,1,1,omni-186,\text{There exist infinitely many such sets } A \text{ and } B.,16,9926,0.125,1.0,1.0,8,0.0,12,0.49228636891132216
task2/b1_4-3-1-1,b1,4,3,1,1,omni-2869,12,16,4222,1.0,1.0,0.0,1,0.0,12,0.5382249159552333
task2/b1_4-3-1-1,b1,4,3,1,1,omni-2131,-\frac{2016}{2017},16,7126,0.125,1.0,1.0,7,0.0,12,0.3710825938367204
task2/b1_4-3-1-1,b1,4,3,1,1,omni-2804,20,16,9055,0.25,1.0,1.0,7,0.0,12,0.5368676418328798
task2/b1_4-3-1-1,b1,4,3,1,1,omni-3357,\log _{2008} 2009,16,7849,0.8125,1.0,1.0,3,0.0,12,0.49598052553580513
task2/b1_4-3-1-1,b1,4,3,1,1,omni-3751,\frac{1}{99},16,12040,0.0,0.0,0.0,7,0.0,12,0.361841412939109
task2/b1_4-3-1-1,b1,4,3,1,1,omni-2885,11,16,8182,0.1875,1.0,1.0,7,0.0,12,0.547220136984959
task2/b1_4-3-1-1,b1,4,3,1,1,omni-12,n \neq 5,16,8297,0.0,0.0,0.0,4,0.0,12,0.41284659478640645
task2/b1_4-3-1-1,b1,4,3,1,1,omni-258,\[ N = 2k^3 + 3k^2 + 3k \],16,9262,0.0,0.0,0.0,12,0.0,12,0.4926100332371162
task2/b1_4-3-1-1,b1,4,3,1,1,omni-1291,\frac{7}{33},16,4391,0.0625,1.0,1.0,9,0.0,12,0.5480140945322601
task2/b1_4-3-1-1,b1,4,3,1,1,omni-2556,\frac{91 \sqrt{3}}{4},16,14824,0.0,0.0,0.0,10,0.0,12,0.403063540313263
task2/b1_4-3-1-1,b1,4,3,1,1,omni-3291,The length of the altitude of the tetrahedron from vertex \(A\) can be constructed as \(\sqrt{|A_BY'|^2 - |X'Y'|^2}\).,16,7132,0.0,0.0,0.0,7,0.0,12,0.2694399605579577
task2/b1_4-3-1-1,b1,4,3,1,1,omni-1560,4,16,9949,0.125,1.0,1.0,2,0.0,12,0.45475735070529644
task2/b1_4-3-1-1,b1,4,3,1,1,omni-3249,"$(a,b,c) = (9,8,7)$",16,6913,0.0,0.0,0.0,3,0.0,12,0.41772215206754165
task2/b1_4-3-1-1,b1,4,3,1,1,omni-4266,\text{Yes},16,4692,0.875,1.0,1.0,2,0.0,12,0.4050811006977484
task2/b1_4-3-1-1,b1,4,3,1,1,omni-1685,\frac{2009}{2},16,5466,0.8125,1.0,1.0,4,0.0,12,0.5950638911805741
task2/b1_4-3-1-1,b1,4,3,1,1,omni-3051,17,16,3313,1.0,1.0,0.0,1,0.0,12,0.5875545621106697
task2/b1_4-3-1-1,b1,4,3,1,1,omni-2223,\frac{2013}{2014},16,3305,0.0,0.0,0.0,4,0.0,12,0.5099706953907663
task2/b1_4-3-1-1,b1,4,3,1,1,omni-2208,\frac{39}{67},16,6730,0.0,0.0,0.0,1,0.0,12,0.483416104919391
task2/b1_4-3-1-1,b1,4,3,1,1,omni-941,144,16,8334,0.0625,1.0,1.0,10,0.0,12,0.4960791490770009
task2/b1_4-3-1-1,b1,4,3,1,1,omni-2479,36 \cdot 2^{2009}+36,16,8573,0.0,0.0,0.0,11,0.0,12,0.4705756631576485
task2/b1_4-3-1-1,b1,4,3,1,1,omni-3883,f(x) = 1 \text{ for all } x \in \mathbb{Q}_{>0}.,16,8677,0.3125,1.0,1.0,6,0.0,12,0.4234483385890994
task2/b1_4-3-1-1,b1,4,3,1,1,omni-2473,49,16,7797,0.125,1.0,1.0,2,0.0,12,0.5589595544386194
task2/b1_4-3-1-1,b1,4,3,1,1,omni-1810,"(3,3),(-4,-4),\left(\frac{1+3 \sqrt{5}}{2}, \frac{1-3 \sqrt{5}}{2}\right),\left(\frac{1-3 \sqrt{5}}{2}, \frac{1+3 \sqrt{5}}{2}\right)",16,13130,0.5625,1.0,1.0,6,0.0,12,0.534141730070195
task2/b1_4-3-1-1,b1,4,3,1,1,omni-4002,\text{No},16,4608,0.0,0.0,0.0,1,0.0,12,0.5982052587389336
task2/b1_4-3-1-1,b1,4,3,1,1,omni-1572,8+5 \sqrt{3},16,12729,0.0,0.0,0.0,6,0.0,12,0.44499179453836835
task2/b1_4-3-1-1,b1,4,3,1,1,omni-1697,65536,16,3081,1.0,1.0,0.0,1,0.0,12,0.33870145371602517
task2/b1_4-3-1-1,b1,4,3,1,1,omni-858,945,16,5840,0.9375,1.0,1.0,2,0.0,12,0.4173077427203595
task2/b1_4-3-1-1,b1,4,3,1,1,omni-4083,{\frac{2\left(\sin\frac{\pi}{3\cdot 2^{99}}\right)\left(1-\cos\frac{\pi}{2^{98}}\right)}{\sin \frac{\pi}{2^{99}}}},16,7460,0.0,0.0,0.0,4,0.0,12,0.49127878492169325
task2/b1_4-3-1-1,b1,4,3,1,1,omni-4301,1023,16,6641,0.0,0.0,0.0,2,0.0,12,0.48294872388770277
task2/b1_4-3-1-1,b1,4,3,1,1,omni-1843,2^{2000},16,9623,0.0625,1.0,1.0,14,0.0,12,0.4445523663140032
task2/b1_4-3-1-1,b1,4,3,1,1,omni-3041,5,16,13586,0.875,1.0,1.0,3,0.0,12,0.42326667384921657
task2/b1_4-3-1-1,b1,4,3,1,1,omni-625,-26,16,11667,0.0,0.0,0.0,8,0.0,12,0.45743480718449464
task2/b1_4-3-1-1,b1,4,3,1,1,omni-167,The assertion is false; \( n = 25 \) is a counter-example.,16,6916,0.0,0.0,0.0,4,0.0,12,0.4689302842005809
task2/b1_4-3-1-1,b1,4,3,1,1,omni-2480,924,16,6723,0.0,0.0,0.0,13,0.0,12,0.7010955709398056
task2/b1_4-3-1-1,b1,4,3,1,1,omni-2736,20,16,2353,1.0,1.0,0.0,1,0.0,12,0.4681645865855167
task2/b1_4-3-1-1,b1,4,3,1,1,omni-1240,899,16,9481,0.8125,1.0,1.0,4,0.0,12,0.4578104586878095
task2/b1_4-3-1-1,b1,4,3,1,1,omni-3857,"{P(0) \in (-\infty,0)\cup \{1\} }",16,7287,0.0,0.0,0.0,1,0.0,12,0.5344840883402036
task2/b1_4-3-1-1,b1,4,3,1,1,omni-3140,777.5,16,10664,0.0,0.0,0.0,9,0.0,12,0.6283408851410718
task2/b1_4-3-1-1,b1,4,3,1,1,omni-3175,12,16,5257,0.0,0.0,0.0,11,0.0,12,0.49021284589707137
task2/b1_4-3-1-1,b1,4,3,1,1,omni-3731,\frac{y \pm \sqrt{y^2 - 4}}{2} \text{ where } y \text{ is an integer with } |y| \geq 2,16,7369,0.0625,1.0,1.0,5,0.0,12,0.5970145762748916
task2/b1_4-3-1-1,b1,4,3,1,1,omni-1769,26,16,13217,0.0,0.0,0.0,11,0.0,12,0.47216079016879814
task2/b1_4-3-1-1,b1,4,3,1,1,omni-1193,7/15,16,17773,0.0,0.0,0.0,11,0.0,12,0.346068962256537
task2/b1_4-3-1-1,b1,4,3,1,1,omni-251,\text{No solutions},16,15719,0.1875,1.0,1.0,9,0.0,12,0.4110531235136994
task2/b1_4-3-1-1,b1,4,3,1,1,omni-643,\frac{9}{10},16,10728,0.0,0.0,0.0,7,0.0,12,0.43654660078036
task2/b1_4-3-1-1,b1,4,3,1,1,omni-1457,"There are two families of answers: (a) $a_{n}=c(n+2) n!$ for all $n \geq 1$ and $a_{0}=c+1$ for some integer $c \geq 2014$, and (b) $a_{n}=c(n+2) n!$ for all $n \geq 1$ and $a_{0}=c-1$ for some integer $c \geq 2016$.",16,10598,0.0625,1.0,1.0,13,0.0,12,0.43693598067832906
task2/b1_4-3-1-1,b1,4,3,1,1,omni-1677,\frac{55}{81},16,10986,0.0,0.0,0.0,10,0.0,12,0.5144226391389133
task2/b1_6-2-1-2,b1,6,2,1,2,omni-3155,n=2^k-1 \text{ for some integer } k\geq 1,30,16516,0.0,0.0,0.0,6,0.0,24,0.5449655423677793
task2/b1_6-2-1-2,b1,6,2,1,2,omni-3904,"f(x) = C, \quad f(x) = \pm x + C, \quad \text{or} \quad f(x) = \pm x^3 + C",30,17179,0.0,0.0,0.0,8,0.0,24,0.6097661887722416
task2/b1_6-2-1-2,b1,6,2,1,2,omni-2052,-\frac{1}{2},30,11973,0.8333333333333334,1.0,1.0,2,0.0,24,0.42037447187152605
task2/b1_6-2-1-2,b1,6,2,1,2,omni-824,2005^{1002} / 2004!,30,15284,0.1,1.0,1.0,9,0.0,24,0.4608363476629991
task2/b1_6-2-1-2,b1,6,2,1,2,omni-2133,2017,30,8592,0.8666666666666667,1.0,1.0,4,0.0,24,0.4184180776858201
task2/b1_6-2-1-2,b1,6,2,1,2,omni-1998,\frac{5}{12},30,20226,0.0,0.0,0.0,12,0.0,24,0.2768523295381871
task2/b1_6-2-1-2,b1,6,2,1,2,omni-747,477,30,9423,0.0,0.0,0.0,7,0.0,24,0.5326114924922644
task2/b1_6-2-1-2,b1,6,2,1,2,omni-1022,1/2,30,22395,0.0,0.0,0.0,14,0.0,24,0.4802575852692948
task2/b1_6-2-1-2,b1,6,2,1,2,omni-2597,13,30,24816,0.03333333333333333,1.0,1.0,15,0.0,24,0.544492237527066
task2/b1_6-2-1-2,b1,6,2,1,2,omni-3903,"2, 128, 2000",30,24144,0.0,0.0,0.0,8,0.0,24,0.3780763397628484
task2/b1_6-2-1-2,b1,6,2,1,2,omni-4297,\text{Yes},30,13527,0.2,1.0,1.0,2,0.0,24,0.5068948649926058
task2/b1_6-2-1-2,b1,6,2,1,2,omni-4035,\text{Further combinatorial analysis required},30,14417,0.0,0.0,0.0,17,0.0,24,0.5324275152576339
task2/b1_6-2-1-2,b1,6,2,1,2,omni-1990,1481480,30,27780,0.0,0.0,0.0,19,0.0,24,0.35223612009368166
task2/b1_6-2-1-2,b1,6,2,1,2,omni-3490,8n,30,5943,1.0,1.0,0.0,1,0.0,24,0.5241028937926446
task2/b1_6-2-1-2,b1,6,2,1,2,omni-1019,\frac{11}{4},30,18004,0.0,0.0,0.0,16,0.0,24,0.6197334410913214
task2/b1_6-2-1-2,b1,6,2,1,2,omni-177,"\[ n = 2^{a+1} + 2^b, \quad a, b \ge 0 \]

Alternatively, this condition can be expressed as either \( n = 2^k, \, k \ge 2 \) or \( n \) is the sum of two distinct powers of 2.",30,14374,0.0,0.0,0.0,15,0.0,24,0.3709395162625237
task2/b1_6-2-1-2,b1,6,2,1,2,omni-3486,131,30,12359,1.0,1.0,0.0,1,0.0,24,0.33043376438219957
task2/b1_6-2-1-2,b1,6,2,1,2,omni-3572,"(0, 0, 0)",30,15210,0.9,1.0,1.0,4,0.0,24,0.5368303349329571
task2/b1_6-2-1-2,b1,6,2,1,2,omni-2937,15,30,7035,0.6333333333333333,1.0,1.0,3,0.0,24,0.5241827740798265
task2/b1_6-2-1-2,b1,6,2,1,2,omni-4337,1,30,15979,1.0,1.0,0.0,1,0.0,24,0.4047449766679288
task2/b1_6-2-1-2,b1,6,2,1,2,omni-4166,\text{yes},30,7465,0.8666666666666667,1.0,1.0,2,0.0,24,0.6954831361725375
task2/b1_6-2-1-2,b1,6,2,1,2,omni-647,4,30,13464,0.9666666666666667,1.0,1.0,2,0.0,24,0.41766334346457534
task2/b1_6-2-1-2,b1,6,2,1,2,omni-2358,10,30,21480,0.0,0.0,0.0,13,0.0,24,0.5261629696447069
task2/b1_6-2-1-2,b1,6,2,1,2,omni-1575,516,30,9459,0.0,0.0,0.0,17,0.0,24,0.44884669008704176
task2/b1_6-2-1-2,b1,6,2,1,2,omni-3295,\[ k \neq 1 \],30,13840,0.1,1.0,1.0,17,0.0,24,0.4079209805738088
task2/b1_6-2-1-2,b1,6,2,1,2,omni-3656,"(a, b, p, n) = (2^k, 2^k, 2, 2013k + 1)",30,15331,0.0,0.0,0.0,15,0.0,24,0.48472702029949327
task2/b1_6-2-1-2,b1,6,2,1,2,omni-3824,(-1)^n 2^{n-1} d^n (2a + nd),30,16161,0.0,0.0,0.0,11,0.0,24,0.5093086809608954
task2/b1_6-2-1-2,b1,6,2,1,2,omni-3420,Tuesday,30,6669,0.7,1.0,1.0,7,0.0,24,0.5206682461530375
task2/b1_6-2-1-2,b1,6,2,1,2,omni-974,1-\ln (e-1),30,15579,0.0,0.0,0.0,5,0.0,24,0.3973854473831508
task2/b1_6-2-1-2,b1,6,2,1,2,omni-666,\pi / 2,30,10673,0.9666666666666667,1.0,1.0,2,0.0,24,0.6797292702561301
task2/b1_6-2-1-2,b1,6,2,1,2,omni-2843,24,30,24972,0.03333333333333333,1.0,1.0,12,0.0,24,0.5438771714573802
task2/b1_6-2-1-2,b1,6,2,1,2,omni-2127,\frac{8}{17},30,15593,0.0,0.0,0.0,9,0.0,24,0.4264603033875565
task2/b1_6-2-1-2,b1,6,2,1,2,omni-4406,"{x=m\pi-\frac{\pi}{4}\ ,\ m\in Z}",30,20511,0.0,0.0,0.0,19,0.0,24,0.4959385299312576
task2/b1_6-2-1-2,b1,6,2,1,2,omni-2731,15,30,10663,0.36666666666666664,1.0,1.0,4,0.0,24,0.44223834255516686
task2/b1_6-2-1-2,b1,6,2,1,2,omni-1342,2013^{4025},30,13854,0.0,0.0,0.0,12,0.0,24,0.43250764086237203
task2/b1_6-2-1-2,b1,6,2,1,2,omni-3916,\lceil \log_a d \rceil,30,12582,0.0,0.0,0.0,3,0.0,24,0.4763952472124447
task2/b1_6-2-1-2,b1,6,2,1,2,omni-3302,The game is winnable if and only if \( n > k \ge 2 \).,30,9959,0.0,0.0,0.0,14,0.0,24,0.5446199325572164
task2/b1_6-2-1-2,b1,6,2,1,2,omni-2761,15,30,7270,0.23333333333333334,1.0,1.0,7,0.0,24,0.7108155344977344
task2/b1_6-2-1-2,b1,6,2,1,2,omni-2744,24,30,17705,0.0,0.0,0.0,4,0.0,24,0.5498864662715429
task2/b1_6-2-1-2,b1,6,2,1,2,omni-3152,24,30,4329,1.0,1.0,0.0,1,0.0,24,0.49943040765743696
task2/b1_6-2-1-2,b1,6,2,1,2,omni-1779,5994,30,20796,0.0,0.0,0.0,27,0.0,24,0.4458535189808239
task2/b1_6-2-1-2,b1,6,2,1,2,omni-2936,2.2,30,10734,0.0,0.0,0.0,6,0.0,24,0.29382906661178637
task2/b1_6-2-1-2,b1,6,2,1,2,omni-1768,6,30,8315,0.0,0.0,0.0,2,0.0,24,0.42732764792769345
task2/b1_6-2-1-2,b1,6,2,1,2,omni-3996,121,30,16048,0.0,0.0,0.0,14,0.0,24,0.3930646365639863
task2/b1_6-2-1-2,b1,6,2,1,2,omni-4084,2^{n+1} - 2,30,13897,0.0,0.0,0.0,12,0.0,24,0.47460918702188765
task2/b1_6-2-1-2,b1,6,2,1,2,omni-2104,974,30,13568,0.16666666666666666,1.0,1.0,19,0.0,24,0.4888793806632051
task2/b1_6-2-1-2,b1,6,2,1,2,omni-332,Cathy can win if and only if \( n \leq 2^{k-1} \).,30,10929,0.0,0.0,0.0,8,0.0,24,0.4581327361040568
task2/b1_6-2-1-2,b1,6,2,1,2,omni-4136,"(x,y) = (11,1), (49,1), (7t^2,7t), t \text{ is an interge}",30,22551,0.0,0.0,0.0,12,0.0,24,0.5482175936865028
task2/b1_6-2-1-2,b1,6,2,1,2,omni-3492,60 \mathrm{~g},30,5002,1.0,1.0,0.0,1,0.0,24,0.4821817925512362
task2/b1_6-2-1-2,b1,6,2,1,2,omni-1,1,30,9031,0.8333333333333334,1.0,1.0,2,0.0,24,0.5163322295054663
task2/b1_6-2-1-2,b1,6,2,1,2,omni-3342,39601,30,22869,0.0,0.0,0.0,8,0.0,24,0.4272972923357165
task2/b1_6-2-1-2,b1,6,2,1,2,omni-454,132,30,6146,0.8333333333333334,1.0,1.0,2,0.0,24,0.5820261843289453
task2/b1_6-2-1-2,b1,6,2,1,2,omni-2889,26,30,7310,1.0,1.0,0.0,1,0.0,24,0.5383310057631265
task2/b1_6-2-1-2,b1,6,2,1,2,omni-165,\[ 1 \],30,16440,0.43333333333333335,1.0,1.0,4,0.0,24,0.38469949411849585
task2/b1_6-2-1-2,b1,6,2,1,2,omni-4016,"110,143,242,341,440,164,263,362,461,560,198,297,396,495,594,693,792,891,990",30,28454,0.0,0.0,0.0,22,0.0,24,0.6070597847375337
task2/b1_6-2-1-2,b1,6,2,1,2,omni-2406,60,30,15493,0.0,0.0,0.0,4,0.0,24,0.4258093154890232
task2/b1_6-2-1-2,b1,6,2,1,2,omni-2920,64,30,4966,0.9666666666666667,1.0,1.0,2,0.0,24,0.4761264703131611
task2/b1_6-2-1-2,b1,6,2,1,2,omni-1881,1516,30,22348,0.0,0.0,0.0,18,0.0,24,0.43786675603754505
task2/b1_6-2-1-2,b1,6,2,1,2,omni-3489,113,30,13729,0.0,0.0,0.0,11,0.0,24,0.4974093906277521
task2/b1_6-2-1-2,b1,6,2,1,2,omni-3659,501,30,9521,0.0,0.0,0.0,1,0.0,24,0.5234207424594406
task2/b1_6-2-1-2,b1,6,2,1,2,omni-2887,32,30,11889,1.0,1.0,0.0,1,0.0,24,0.03664841178383057
task2/b1_6-2-1-2,b1,6,2,1,2,omni-81,\frac{97 \sqrt{2} + 40 \sqrt{3}}{15},30,14689,0.0,0.0,0.0,18,0.0,24,0.5347540336996447
task2/b1_6-2-1-2,b1,6,2,1,2,omni-1009,4,30,6663,0.0,0.0,0.0,5,0.0,24,0.5171349766679603
task2/b1_6-2-1-2,b1,6,2,1,2,omni-3445,2004,30,13412,0.5333333333333333,1.0,1.0,8,0.0,24,0.4503580850873686
task2/b1_6-2-1-2,b1,6,2,1,2,omni-2933,42,30,8710,1.0,1.0,0.0,1,0.0,24,0.441612235808246
task2/b1_6-2-1-2,b1,6,2,1,2,omni-4362,\text{No},30,14587,0.9666666666666667,1.0,1.0,2,0.0,24,0.5221838630536437
task2/b1_6-2-1-2,b1,6,2,1,2,omni-2898,16,30,4553,1.0,1.0,0.0,2,0.0,24,0.5152113223901907
task2/b1_6-2-1-2,b1,6,2,1,2,omni-510,\frac{13}{30},30,14273,0.0,0.0,0.0,10,0.0,24,0.4526286809561492
task2/b1_6-2-1-2,b1,6,2,1,2,omni-2664,4180,30,8528,1.0,1.0,0.0,1,0.0,24,0.509309719007038
task2/b1_6-2-1-2,b1,6,2,1,2,omni-659,6,30,15563,0.36666666666666664,1.0,1.0,6,0.0,24,0.5348802299960165
task2/b1_6-2-1-2,b1,6,2,1,2,omni-2725,15,30,5715,1.0,1.0,0.0,1,0.0,24,0.6758241797080918
task2/b1_6-2-1-2,b1,6,2,1,2,omni-1983,\frac{4}{\sqrt{5}} \text{ OR } \frac{4 \sqrt{5}}{5},30,16793,0.0,0.0,0.0,3,0.0,24,0.47104254425608794
task2/b1_6-2-1-2,b1,6,2,1,2,omni-565,52,30,17476,0.0,0.0,0.0,5,0.1,24,0.38004088903401895
task2/b1_6-2-1-2,b1,6,2,1,2,omni-2257,\frac{\sqrt{6}}{2},30,20859,0.0,0.0,0.0,7,0.0,24,0.4705962453833051
task2/b1_6-2-1-2,b1,6,2,1,2,omni-2927,4.309,30,5150,1.0,1.0,0.0,1,0.0,24,0.43124164902212964
task2/b1_6-2-1-2,b1,6,2,1,2,omni-132,\text{There are infinitely many positive integers } n \text{ such that } d(n!) - 1 \text{ is a composite number.},30,17269,0.8666666666666667,1.0,1.0,5,0.0,24,0.3933217436157812
task2/b1_6-2-1-2,b1,6,2,1,2,omni-509,96,30,8631,0.0,0.0,0.0,3,0.0,24,0.5336519806329468
task2/b1_6-2-1-2,b1,6,2,1,2,omni-1544,\frac{1}{2},30,16869,0.9,1.0,1.0,3,0.0,24,0.46327813965643344
task2/b1_6-2-1-2,b1,6,2,1,2,omni-1594,"n=6, 66, 946",30,17621,0.0,0.0,0.0,16,0.0,24,0.5417399162192712
task2/b1_6-2-1-2,b1,6,2,1,2,omni-831,\frac{41}{512},30,16530,0.0,0.0,0.0,6,0.0,24,0.529248227580534
task2/b1_6-2-1-2,b1,6,2,1,2,omni-1477,4018,30,18055,0.0,0.0,0.0,21,0.0,24,0.38032173490754545
task2/b1_6-2-1-2,b1,6,2,1,2,omni-3852,{\frac{n(n+1)(2n+1)}{6}},30,10340,0.0,0.0,0.0,6,0.0,24,0.4737413636925581
task2/b1_6-2-1-2,b1,6,2,1,2,omni-2053,71.8,30,10494,0.0,0.0,0.0,9,0.0,24,0.5521148961783255
task2/b1_6-2-1-2,b1,6,2,1,2,omni-2551,72^{\circ},30,5882,0.8666666666666667,1.0,1.0,3,0.0,24,0.4746904883730785
task2/b1_6-2-1-2,b1,6,2,1,2,omni-2751,8,30,12812,0.9666666666666667,1.0,1.0,2,0.0,24,0.5180180939252413
task2/b1_6-2-1-2,b1,6,2,1,2,omni-2942,113,30,6693,0.0,0.0,0.0,5,0.0,24,0.6049109968254431
task2/b1_6-2-1-2,b1,6,2,1,2,omni-2739,8,30,6559,1.0,1.0,0.0,1,0.0,24,0.4464464444003491
task2/b1_6-2-1-2,b1,6,2,1,2,omni-3426,a^{2}<a<rac{1}{a},30,8577,0.0,0.0,0.0,12,0.0,24,0.47570454825393443
task2/b1_6-2-1-2,b1,6,2,1,2,omni-4321,\text{Yes},30,6998,0.03333333333333333,1.0,1.0,2,0.0,24,0.352800784261454
task2/b1_6-2-1-2,b1,6,2,1,2,omni-408,15,30,12589,0.0,0.0,0.0,4,0.0,24,0.45402929110157025
task2/b1_6-2-1-2,b1,6,2,1,2,omni-27,"(2, 6), (2^k - 1, 2), (1, n) \text{ for any } n \ge 1",30,12640,0.23333333333333334,1.0,1.0,15,0.0,24,0.5043751934357342
task2/b1_6-2-1-2,b1,6,2,1,2,omni-1626,21,30,24932,0.1,1.0,1.0,12,0.0,24,0.5324237460001745
task2/b1_6-2-1-2,b1,6,2,1,2,omni-178,"\[
\boxed{\frac{\pi}{4}}
\]",30,10295,0.0,0.0,0.0,4,0.0,24,0.5706501430584032
task2/b1_6-2-1-2,b1,6,2,1,2,omni-942,673,30,15975,0.2,1.0,1.0,15,0.0,24,0.46839248735815664
task2/b1_6-2-1-2,b1,6,2,1,2,omni-2578,33725,30,10082,0.0,0.0,0.0,14,0.0,24,0.6861084634306805
task2/b1_6-2-1-2,b1,6,2,1,2,omni-1460,\frac{25}{49},30,20029,0.0,0.0,0.0,5,0.0,24,0.3924098718621613
task2/b1_6-2-1-2,b1,6,2,1,2,omni-2764,\frac{89}{243},30,15007,0.0,0.0,0.0,12,0.0,24,0.3650279202082238
task2/b1_6-2-1-2,b1,6,2,1,2,omni-1224,61,30,17508,0.0,0.0,0.0,15,0.0,24,0.5136443464258986
task2/b1_6-2-1-2,b1,6,2,1,2,omni-1963,\frac{1}{1006},30,12463,0.3333333333333333,1.0,1.0,5,0.0,24,0.45902860891307223
task2/b1_6-2-1-2,b1,6,2,1,2,omni-2691,232,30,5235,1.0,1.0,0.0,1,0.0,24,0.5398152615260873
task2/b1_6-2-1-2,b1,6,2,1,2,omni-2815,-36,30,11847,1.0,1.0,0.0,1,0.0,24,0.6468195279903289
task2/b1_6-2-1-2,b1,6,2,1,2,omni-1275,\frac{1}{1-x},30,9574,0.8666666666666667,1.0,1.0,4,0.0,24,0.5919218718174782
task2/b1_6-2-1-2,b1,6,2,1,2,omni-64,\text{No such } n \text{ exists},30,17505,0.0,0.0,0.0,10,0.0,24,0.5357990562771616
task2/b1_6-2-1-2,b1,6,2,1,2,omni-3465,39\%,30,16524,0.0,0.0,0.0,8,0.0,24,0.28769160872122473
task2/b1_6-2-1-2,b1,6,2,1,2,omni-226,\frac{1}{x^2},30,19049,0.6666666666666666,1.0,1.0,7,0.0,24,0.45301453437427747
task2/b1_6-2-1-2,b1,6,2,1,2,omni-857,80,30,15005,0.0,0.0,0.0,7,0.0,24,0.5463527074126125
task2/b1_6-2-1-2,b1,6,2,1,2,omni-1215,120,30,7870,1.0,1.0,0.0,1,0.0,24,0.4245699731366215
task2/b1_6-2-1-2,b1,6,2,1,2,omni-1654,10201,30,10498,0.3333333333333333,1.0,1.0,9,0.0,24,0.4376105149155811
task2/b1_6-2-1-2,b1,6,2,1,2,omni-1277,43,30,11855,0.03333333333333333,1.0,1.0,9,0.0,24,0.2996111631395657
task2/b1_6-2-1-2,b1,6,2,1,2,omni-2461,51,30,12960,0.03333333333333333,1.0,1.0,6,0.0,24,0.5700547102872197
task2/b1_6-2-1-2,b1,6,2,1,2,omni-3131,18\%,30,7266,1.0,1.0,0.0,2,0.0,24,0.5728273960455058
task2/b1_6-2-1-2,b1,6,2,1,2,omni-1688,2^{2009},30,10091,0.7,1.0,1.0,5,0.0,24,0.5060663814820647
task2/b1_6-2-1-2,b1,6,2,1,2,omni-1490,139,30,26840,0.0,0.0,0.0,14,0.03333333333333333,24,0.5000638488087213
task2/b1_6-2-1-2,b1,6,2,1,2,omni-3147,\frac{19}{35},30,11415,0.0,0.0,0.0,9,0.0,24,0.396531114017111
task2/b1_6-2-1-2,b1,6,2,1,2,omni-294,"The real roots of the equation \(x^4-(2\cdot10^{10}+1)x^2-x+10^{20}+10^{10}-1=0\) correct to four decimal places are approximately:
\[ x_1 \approx 10^5 - \frac{1 - \sqrt{1 + 4(10^5 + 1)}}{2 \cdot 2 \cdot 10^5} \]
\[ x_2 \approx 10^5 + \frac{1 + \sqrt{1 + 4(10^5 + 1)}}{2 \cdot 2 \cdot 10^5} \]

Given the approximations:
\[ x_1 \approx 99999.5000 \]
\[ x_2 \approx 100000.5000 \]",30,19010,0.0,0.0,0.0,19,0.0,24,0.5293628186501971
task2/b1_6-2-1-2,b1,6,2,1,2,omni-3368,60,30,13317,0.0,0.0,0.0,7,0.0,24,0.5387143066134273
task2/b1_6-2-1-2,b1,6,2,1,2,omni-265,"\[
|S| \ge 8
\]",30,18581,0.0,0.0,0.0,8,0.0,24,0.5257993152636032
task2/b1_6-2-1-2,b1,6,2,1,2,omni-909,56,30,11261,0.6,1.0,1.0,3,0.03333333333333333,24,0.4148216534337758
task2/b1_6-2-1-2,b1,6,2,1,2,omni-995,p=2 \text{ and } p \equiv 3(\bmod 4),30,19852,0.0,0.0,0.0,8,0.0,24,0.47931565559879385
task2/b1_6-2-1-2,b1,6,2,1,2,omni-617,\frac{\ln 7}{4},30,33037,0.0,0.0,0.0,23,0.0,24,0.4031295263753176
task2/b1_6-2-1-2,b1,6,2,1,2,omni-765,1024,30,4945,0.0,0.0,0.0,2,0.0,24,0.6052286177102738
task2/b1_6-2-1-2,b1,6,2,1,2,omni-3457,7x+4,30,11670,0.0,0.0,0.0,1,0.0,24,0.4337020112288544
task2/b1_6-2-1-2,b1,6,2,1,2,omni-3531,"\frac{5}{2}, 3, \sqrt{10}",30,4781,1.0,1.0,0.0,2,0.0,24,0.6760465880804177
task2/b1_6-2-1-2,b1,6,2,1,2,omni-576,e^{e}-1,30,13857,0.0,0.0,0.0,8,0.0,24,0.5034345036530835
task2/b1_6-2-1-2,b1,6,2,1,2,omni-1888,\frac{2}{9},30,9577,0.0,0.0,0.0,2,0.0,24,0.5070452850965014
task2/b1_6-2-1-2,b1,6,2,1,2,omni-58,\text{Every sufficiently large number appears in the sequence},30,14384,0.03333333333333333,1.0,1.0,10,0.0,24,0.4279011175713139
task2/b1_6-2-1-2,b1,6,2,1,2,omni-331,There are no polynomials of degree 1 with rational coefficients that satisfy the given conditions.,30,10383,0.0,0.0,0.0,11,0.0,24,0.3589575928321185
task2/b1_6-2-1-2,b1,6,2,1,2,omni-1789,76,30,15973,1.0,1.0,0.0,1,0.0,24,0.4495562206786721
task2/b1_6-2-1-2,b1,6,2,1,2,omni-1203,30212,30,11618,0.0,0.0,0.0,9,0.0,24,0.40344531749038187
task2/b1_6-2-1-2,b1,6,2,1,2,omni-3556,946,30,23617,0.0,0.0,0.0,14,0.0,24,0.502601038225997
task2/b1_6-2-1-2,b1,6,2,1,2,omni-115,45^\circ,30,15360,0.6666666666666666,1.0,1.0,2,0.0,24,0.6014660141957808
task2/b1_6-2-1-2,b1,6,2,1,2,omni-515,\frac{11}{65},30,20329,0.03333333333333333,1.0,1.0,8,0.0,24,0.5674943955518942
task2/b1_6-2-1-2,b1,6,2,1,2,omni-2621,540,30,13462,0.4666666666666667,1.0,1.0,10,0.0,24,0.3496182753109871
task2/b1_6-2-1-2,b1,6,2,1,2,omni-4426,"\text{Kolya wins if Dima starts, and Dima wins if Kolya starts.}",30,13852,0.0,0.0,0.0,6,0.0,24,0.35548381534621054
task2/b1_6-2-1-2,b1,6,2,1,2,omni-2378,\frac{80\sqrt{3}}{9},30,7112,0.8,1.0,1.0,3,0.0,24,0.5957797867443441
task2/b1_6-2-1-2,b1,6,2,1,2,omni-735,4 \cdot 3^{2011},30,11327,0.13333333333333333,1.0,1.0,9,0.0,24,0.5424304696689158
task2/b1_6-2-1-2,b1,6,2,1,2,omni-4274,\text{Alice},30,12765,0.6666666666666666,1.0,1.0,2,0.0,24,0.44944589244592087
task2/b1_6-2-1-2,b1,6,2,1,2,omni-674,50,30,7956,0.0,0.0,0.0,4,0.0,24,0.5003672254555449
task2/b1_6-2-1-2,b1,6,2,1,2,omni-2220,65,30,10070,0.0,0.0,0.0,11,0.0,24,0.5725412738401313
task2/b1_6-2-1-2,b1,6,2,1,2,omni-1198,93,30,12166,0.0,0.0,0.0,8,0.0,24,0.4256647027774414
task2/b1_6-2-1-2,b1,6,2,1,2,omni-980,17,30,10512,0.0,0.0,0.0,8,0.0,24,0.43163727821805026
task2/b1_6-2-1-2,b1,6,2,1,2,omni-1515,34,30,21623,0.0,0.0,0.0,8,0.0,24,0.3973296956147607
task2/b1_6-2-1-2,b1,6,2,1,2,omni-2129,252,30,17411,0.03333333333333333,1.0,1.0,9,0.0,24,0.5254950158923413
task2/b1_6-2-1-2,b1,6,2,1,2,omni-4125,(n-2)2^n + 1,30,14601,0.0,0.0,0.0,7,0.0,24,0.35891946713039274
task2/b1_6-2-1-2,b1,6,2,1,2,omni-1387,-9+3\sqrt{13},30,22849,0.0,0.0,0.0,3,0.0,24,0.3851835959344849
task2/b1_6-2-1-2,b1,6,2,1,2,omni-960,90,30,12682,0.03333333333333333,1.0,1.0,7,0.0,24,0.5045346374433236
task2/b1_6-2-1-2,b1,6,2,1,2,omni-2925,600,30,10181,0.0,0.0,0.0,6,0.0,24,0.45390416490953595
task2/b1_6-2-1-2,b1,6,2,1,2,omni-374,\[ MA \cdot NA + MB \cdot NB + MC \cdot NC \geq MD \cdot ND \],30,19913,0.4,1.0,1.0,11,0.0,24,0.47911802723227354
task2/b1_6-2-1-2,b1,6,2,1,2,omni-1084,2 \sqrt[4]{6},30,14598,0.0,0.0,0.0,8,0.0,24,0.432739477866717
task2/b1_6-2-1-2,b1,6,2,1,2,omni-1311,45,30,15049,0.0,0.0,0.0,5,0.0,24,0.4230418708566171
task2/b1_6-2-1-2,b1,6,2,1,2,omni-383,6,30,5545,0.0,0.0,0.0,1,0.0,24,0.35689277909329914
task2/b1_6-2-1-2,b1,6,2,1,2,omni-3991,$\frac{13}{4}$,30,16307,0.0,0.0,0.0,3,0.0,24,0.29073514594910194
task2/b1_6-2-1-2,b1,6,2,1,2,omni-3400,160,30,6496,1.0,1.0,0.0,1,0.0,24,0.48811644375426927
task2/b1_6-2-1-2,b1,6,2,1,2,omni-1749,47,30,26314,0.2,1.0,1.0,11,0.0,24,0.549730359975129
task2/b1_6-2-1-2,b1,6,2,1,2,omni-2477,\binom{34}{9},30,10606,0.23333333333333334,1.0,1.0,7,0.0,24,0.5559462657741939
task2/b1_6-2-1-2,b1,6,2,1,2,omni-2250,\frac{3}{10},30,10142,0.0,0.0,0.0,13,0.0,24,0.5564623469142581
task2/b1_6-2-1-2,b1,6,2,1,2,omni-1265,\frac{\binom{4030}{2016}}{2^{4030}},30,16709,0.03333333333333333,1.0,1.0,18,0.0,24,0.4107857480208706
task2/b1_6-2-1-2,b1,6,2,1,2,omni-3005,19,30,10890,0.9666666666666667,1.0,1.0,2,0.0,24,0.519494628486457
task2/b1_6-2-1-2,b1,6,2,1,2,omni-1702,n=3,30,15975,0.8666666666666667,1.0,1.0,4,0.0,24,0.5436131377180728
task2/b1_6-2-1-2,b1,6,2,1,2,omni-3008,7,30,6471,0.0,0.0,0.0,4,0.0,24,0.343545278318441
task2/b1_6-2-1-2,b1,6,2,1,2,omni-2371,18.5285921,30,12347,0.0,0.0,0.0,19,0.0,24,0.011131077813147462
task2/b1_6-2-1-2,b1,6,2,1,2,omni-395,"6,-\frac{10}{3}",30,17784,0.4666666666666667,1.0,1.0,3,0.0,24,0.5756437793222087
task2/b1_6-2-1-2,b1,6,2,1,2,omni-2451,109368,30,11416,0.0,0.0,0.0,25,0.0,24,0.43821106102382396
task2/b1_6-2-1-2,b1,6,2,1,2,omni-1018,"1, 2, 3, 4",30,13446,0.1,1.0,1.0,8,0.0,24,0.588984116557626
task2/b1_6-2-1-2,b1,6,2,1,2,omni-1364,\frac{7}{2},30,9877,0.23333333333333334,1.0,1.0,2,0.0,24,0.5576744031568013
task2/b1_6-2-1-2,b1,6,2,1,2,omni-803,1,30,6895,0.8666666666666667,1.0,1.0,2,0.0,24,0.5149274192382626
task2/b1_6-2-1-2,b1,6,2,1,2,omni-685,\begin{tabular}{ll} 00000000 & 00110101 \ 11001010 & 10011110 \ 11100001 & 01101011 \ 11010100 & 01100110 \ 10111001 & 10010011 \ 01111100 & 11001101 \ 00111010 & 10101100 \ 01010111 & 11110010 \ 00001111 & 01011001 \ 10100111 & 11111111 \ \end{tabular},30,10226,0.0,0.0,0.0,2,0.0,24,0.548450284197455
task2/b1_6-2-1-2,b1,6,2,1,2,omni-4307,"(m, n) = (36, 6)",30,21554,0.0,0.0,0.0,13,0.0,24,0.37645597191392044
task2/b1_6-2-1-2,b1,6,2,1,2,omni-1621,89,30,17282,0.0,0.0,0.0,9,0.0,24,0.466203335422492
task2/b1_6-2-1-2,b1,6,2,1,2,omni-3325,2015.318180 \ldots,30,17340,0.0,0.0,0.0,13,0.0,24,0.5169115906617484
task2/b1_6-2-1-2,b1,6,2,1,2,omni-79,18,30,13883,0.0,0.0,0.0,4,0.0,24,0.39012518283719205
task2/b1_6-2-1-2,b1,6,2,1,2,omni-3104,120,30,5745,1.0,1.0,0.0,1,0.0,24,0.4591484552192903
task2/b1_6-2-1-2,b1,6,2,1,2,omni-125,"\left( \frac{1}{n+1}, \frac{1}{n+1}, \ldots, \frac{1}{n+1} \right)",30,12768,0.03333333333333333,1.0,1.0,8,0.0,24,0.6548408017459963
task2/b1_6-2-1-2,b1,6,2,1,2,omni-4340,\text{No},30,10323,0.03333333333333333,1.0,1.0,2,0.0,24,0.4292411422053259
task2/b1_6-2-1-2,b1,6,2,1,2,omni-2372,\frac{45}{14},30,16876,0.0,0.0,0.0,12,0.0,24,0.49313591019053343
task2/b1_6-2-1-2,b1,6,2,1,2,omni-4152,1,30,11699,0.0,0.0,0.0,5,0.0,24,0.520450145649351
task2/b1_6-2-1-2,b1,6,2,1,2,omni-3143,"f(x) = cx^d, c,d > 0, c=1 \text{ if } d=1",30,13733,0.0,0.0,0.0,11,0.0,24,0.6317371594395415
task2/b1_6-2-1-2,b1,6,2,1,2,omni-3943,3^{100},30,7533,0.13333333333333333,1.0,1.0,4,0.0,24,0.47121526789962215
task2/b1_6-2-1-2,b1,6,2,1,2,omni-288,The area of triangle $OO_1O_2$ is minimized if $CX \perp AB$.,30,11482,0.0,0.0,0.0,6,0.0,24,0.37490858894820916
task2/b1_6-2-1-2,b1,6,2,1,2,omni-1087,1+\sqrt{2}+\sqrt{6},30,14166,0.03333333333333333,1.0,1.0,10,0.0,24,0.5036599059530068
task2/b1_6-2-1-2,b1,6,2,1,2,omni-492,3,30,12064,0.0,0.0,0.0,6,0.0,24,0.5133880331147129
task2/b1_6-2-1-2,b1,6,2,1,2,omni-1549,318,30,24889,0.0,0.0,0.0,13,0.0,24,0.5198562684006102
task2/b1_6-2-1-2,b1,6,2,1,2,omni-365,11,30,9699,0.0,0.0,0.0,1,0.0,24,0.4427185358172036
task2/b1_6-2-1-2,b1,6,2,1,2,omni-4290,"(a, b, c) = (10, 10, 1), (10, 1, 10), (1, 10, 10)",30,22391,0.16666666666666666,1.0,1.0,10,0.0,24,0.7087630856014546
task2/b1_6-2-1-2,b1,6,2,1,2,omni-688,"(1,1), (3,3)",30,17221,1.0,1.0,0.0,2,0.0,24,0.37895671046780577
task2/b1_6-2-1-2,b1,6,2,1,2,omni-3416,40 \text{ minutes},30,12113,0.0,0.0,0.0,14,0.0,24,0.5219750464628704
task2/b1_6-2-1-2,b1,6,2,1,2,omni-994,\frac{1999008}{1999012},30,9316,0.0,0.0,0.0,18,0.0,24,0.5840712913115826
task2/b1_6-2-1-2,b1,6,2,1,2,omni-2996,rac{3}{8},30,5034,0.0,0.0,0.0,1,0.0,24,0.6707593195595692
task2/b1_6-2-1-2,b1,6,2,1,2,omni-2402,6,30,12645,0.0,0.0,0.0,12,0.0,24,0.47427107594931944
task2/b1_6-2-1-2,b1,6,2,1,2,omni-2121,13,30,24193,0.8666666666666667,1.0,1.0,5,0.0,24,0.47985260391613255
task2/b1_6-2-1-2,b1,6,2,1,2,omni-4134,k = \left\lfloor \sqrt{n - 1}\right\rfloor,30,15067,0.0,0.0,0.0,8,0.0,24,0.38014436668176094
task2/b1_6-2-1-2,b1,6,2,1,2,omni-2540,3633,30,10524,0.0,0.0,0.0,5,0.0,24,0.49894161924308705
task2/b1_6-2-1-2,b1,6,2,1,2,omni-2590,5,30,15168,0.0,0.0,0.0,2,0.0,24,0.4496889940863665
task2/b1_6-2-1-2,b1,6,2,1,2,omni-764,60^{\circ},30,5683,0.06666666666666667,1.0,1.0,3,0.0,24,0.464255816300869
task2/b1_6-2-1-2,b1,6,2,1,2,omni-1565,"(2,2),(3,3),(1,2),(2,3),(2,1),(3,2)",30,19886,0.0,0.0,0.0,13,0.0,24,0.5387052094733581
task2/b1_6-2-1-2,b1,6,2,1,2,omni-4161,\text{All odd integers } n \geq 3.,30,12559,0.3,1.0,1.0,17,0.0,24,0.5489171432943886
task2/b1_6-2-1-2,b1,6,2,1,2,omni-1664,n^{2}+c^{2}-nc-c,30,16331,0.0,0.0,0.0,16,0.03333333333333333,24,0.44200430093637855
task2/b1_6-2-1-2,b1,6,2,1,2,omni-1506,14034,30,14385,0.0,0.0,0.0,19,0.0,24,0.3871793565226422
task2/b1_6-2-1-2,b1,6,2,1,2,omni-1066,2^{32},30,11655,0.06666666666666667,1.0,1.0,15,0.0,24,0.6212925809571862
task2/b1_6-2-1-2,b1,6,2,1,2,omni-1929,28,30,19594,0.1,1.0,1.0,18,0.0,24,0.45815618242756123
task2/b1_6-2-1-2,b1,6,2,1,2,omni-2656,109,30,17783,0.0,0.0,0.0,11,0.0,24,0.3875023541060952
task2/b1_6-2-1-2,b1,6,2,1,2,omni-959,\frac{1}{8},30,10721,0.6,1.0,1.0,10,0.0,24,0.507532720283692
task2/b1_6-2-1-2,b1,6,2,1,2,omni-1792,7521,30,16839,0.0,0.0,0.0,25,0.0,24,0.3234437667993814
task2/b1_6-2-1-2,b1,6,2,1,2,omni-3204,\frac{480}{49},30,16693,0.0,0.0,0.0,8,0.0,24,0.5638418437681865
task2/b1_6-2-1-2,b1,6,2,1,2,omni-1014,31486,30,18646,0.0,0.0,0.0,30,0.0,24,0.5531648534725736
task2/b1_6-2-1-2,b1,6,2,1,2,omni-573,\frac{5}{6},30,18559,0.06666666666666667,1.0,1.0,11,0.0,24,0.39109390172202
task2/b1_6-2-1-2,b1,6,2,1,2,omni-3826,120^\circ,30,12505,0.03333333333333333,1.0,1.0,3,0.0,24,0.550792075396876
task2/b1_6-2-1-2,b1,6,2,1,2,omni-1666,8,30,8983,0.03333333333333333,1.0,1.0,4,0.0,24,0.45898737027347486
task2/b1_6-2-1-2,b1,6,2,1,2,omni-3623,150,30,18502,0.3333333333333333,1.0,1.0,6,0.0,24,0.5270671718106903
task2/b1_6-2-1-2,b1,6,2,1,2,omni-3183,No,30,12435,0.7333333333333333,1.0,1.0,2,0.0,24,0.49326940095180016
task2/b1_6-2-1-2,b1,6,2,1,2,omni-2300,"(p, q, r)=\left(\frac{2}{5}, \frac{3}{10}, \frac{3}{10}\right)",30,29970,0.0,0.0,0.0,4,0.13333333333333333,24,0.5097353510089494
task2/b1_6-2-1-2,b1,6,2,1,2,omni-2541,6,30,13681,0.16666666666666666,1.0,1.0,6,0.0,24,0.4603469817608201
task2/b1_6-2-1-2,b1,6,2,1,2,omni-1961,2 \sqrt{30},30,12039,0.0,0.0,0.0,4,0.0,24,0.6407054624442761
task2/b1_6-2-1-2,b1,6,2,1,2,omni-1357,209,30,10929,0.03333333333333333,1.0,1.0,18,0.0,24,0.5248263266227803
task2/b1_6-2-1-2,b1,6,2,1,2,omni-0,1 + \left\lceil \frac{n}{2} \right\rceil,30,12820,0.0,0.0,0.0,6,0.0,24,0.6333825978914713
task2/b1_6-2-1-2,b1,6,2,1,2,omni-1540,1/2,30,17940,0.9,1.0,1.0,2,0.0,24,0.5132424302148474
task2/b1_6-2-1-2,b1,6,2,1,2,omni-117,n \text{ must be odd},30,11672,0.1,1.0,1.0,11,0.0,24,0.4572675539464317
task2/b1_6-2-1-2,b1,6,2,1,2,omni-2293,168089,30,22630,0.0,0.0,0.0,19,0.0,24,0.5284938363895791
task2/b1_6-2-1-2,b1,6,2,1,2,omni-3710,\text{No},30,17481,0.8666666666666667,1.0,1.0,2,0.0,24,0.38635444233483623
task2/b1_6-2-1-2,b1,6,2,1,2,omni-2280,9,30,17171,0.7,1.0,1.0,4,0.0,24,0.42946252505221416
task2/b1_6-2-1-2,b1,6,2,1,2,omni-344,"\[
\frac{63}{64}
\]",30,9109,0.0,0.0,0.0,3,0.0,24,0.49586832263348984
task2/b1_6-2-1-2,b1,6,2,1,2,omni-3076,44,30,7627,1.0,1.0,0.0,1,0.0,24,0.46681265632922814
task2/b1_6-2-1-2,b1,6,2,1,2,omni-767,\binom{109}{10},30,13374,0.0,0.0,0.0,20,0.0,24,0.5977195362405904
task2/b1_6-2-1-2,b1,6,2,1,2,omni-2956,2,30,9780,0.16666666666666666,1.0,1.0,5,0.03333333333333333,24,0.4958884256849849
task2/b1_6-2-1-2,b1,6,2,1,2,omni-2522,1205,30,10969,0.0,0.0,0.0,20,0.0,24,0.5229362160749044
task2/b1_6-2-1-2,b1,6,2,1,2,omni-3397,y=-x+4,30,10990,0.0,0.0,0.0,8,0.0,24,0.5277080631034154
task2/b1_6-2-1-2,b1,6,2,1,2,omni-3924,C \ge 2 \ln 2,30,17383,0.0,0.0,0.0,8,0.0,24,0.41275632831634573
task2/b1_6-2-1-2,b1,6,2,1,2,omni-712,123+6\sqrt{119},30,17127,0.0,0.0,0.0,12,0.0,24,0.4854326336801483
task2/b1_6-2-1-2,b1,6,2,1,2,omni-3226,27,30,7222,1.0,1.0,0.0,1,0.0,24,0.5159427071492442
task2/b1_6-2-1-2,b1,6,2,1,2,omni-3017,1,30,5098,1.0,1.0,0.0,1,0.0,24,0.5191397237744804
task2/b1_6-2-1-2,b1,6,2,1,2,omni-3699,100902018,30,27450,0.0,0.0,0.0,17,0.0,24,0.47088923126765697
task2/b1_6-2-1-2,b1,6,2,1,2,omni-3755,"{6,7,7.5,8,8.5,9,10}",30,19204,0.0,0.0,0.0,15,0.0,24,0.43777939753368694
task2/b1_6-2-1-2,b1,6,2,1,2,omni-3467,3,30,9712,0.0,0.0,0.0,7,0.0,24,0.5172978581976421
task2/b1_6-2-1-2,b1,6,2,1,2,omni-2787,6,30,8011,1.0,1.0,0.0,1,0.0,24,0.33693347018543757
task2/b1_6-2-1-2,b1,6,2,1,2,omni-2411,\frac{20}{3},30,12265,0.0,0.0,0.0,6,0.0,24,0.5644640961011692
task2/b1_6-2-1-2,b1,6,2,1,2,omni-2708,7,30,5942,1.0,1.0,0.0,1,0.0,24,0.49957132893769657
task2/b1_6-2-1-2,b1,6,2,1,2,omni-4115,"$f(x)= 0,f(x)= 2-x, f(x)=-x$",30,20176,0.0,0.0,0.0,9,0.0,24,0.4946493467302711
task2/b1_6-2-1-2,b1,6,2,1,2,omni-4386,\text{yes},30,11894,0.36666666666666664,1.0,1.0,4,0.0,24,0.3749849485078321
task2/b1_6-2-1-2,b1,6,2,1,2,omni-2084,12,30,20656,0.13333333333333333,1.0,1.0,11,0.0,24,0.40893117500412535
task2/b1_6-2-1-2,b1,6,2,1,2,omni-1341,581,30,29656,0.0,0.0,0.0,22,0.0,24,0.38549891349030857
task2/b1_6-2-1-2,b1,6,2,1,2,omni-3423,37.5\%,30,9746,0.03333333333333333,1.0,1.0,2,0.0,24,0.39766303061208186
task2/b1_6-2-1-2,b1,6,2,1,2,omni-3819,"f(x) = \begin{cases}
\frac{2}{2 - x}, & 0 \leq x < 2, \\
0, & x \geq 2.
\end{cases}",30,20530,0.9333333333333333,1.0,1.0,11,0.0,24,0.3771991163487856
task2/b1_6-2-1-2,b1,6,2,1,2,omni-2653,932,30,19518,0.0,0.0,0.0,12,0.0,24,0.49568720493585694
task2/b1_6-2-1-2,b1,6,2,1,2,omni-3827,f(x) = 0 \text{ and } f(x) = x - 1.,30,15643,0.0,0.0,0.0,5,0.0,24,0.5569391809859459
task2/b1_6-2-1-2,b1,6,2,1,2,omni-312,"The largest integer \( n \) such that there exist monic quadratic polynomials \( p_{1}(x), p_{2}(x), p_{3}(x) \) with integer coefficients so that for all integers \( i \in[1, n] \) there exists some \( j \in[1,3] \) and \( m \in \mathbb{Z} \) such that \( p_{j}(m)=i \) is \( \boxed{9} \).",30,18756,0.36666666666666664,1.0,1.0,6,0.0,24,0.43762954663820314
task2/b1_6-2-1-2,b1,6,2,1,2,omni-327,\[ 1979 \],30,9722,0.03333333333333333,1.0,1.0,8,0.0,24,0.573548273535043
task2/b1_6-2-1-2,b1,6,2,1,2,omni-3441,10^{3} \text{ and } 10^{4},30,5258,0.9666666666666667,1.0,1.0,2,0.0,24,0.43933926854794475
task2/b1_6-2-1-2,b1,6,2,1,2,omni-3404,\frac{5}{12},30,8225,0.6333333333333333,1.0,1.0,4,0.0,24,0.44255916713572474
task2/b1_6-2-1-2,b1,6,2,1,2,omni-246,\[\frac{(m+n)!}{(m-n)!} = \prod_{i=1}^{n}\left(m^{2}+m-i^{2}+i\right)\],30,18352,1.0,1.0,0.0,2,0.0,24,0.4115493006457243
task2/b1_6-2-1-2,b1,6,2,1,2,omni-2943,3,30,6610,0.9333333333333333,1.0,1.0,2,0.0,24,0.667566746613987
task2/b1_6-2-1-2,b1,6,2,1,2,omni-577,"(16,4,1),(1,16,4)",30,26238,0.0,0.0,0.0,14,0.0,24,0.5031726916476812
task2/b1_6-2-1-2,b1,6,2,1,2,omni-3023,9,30,11005,0.8333333333333334,1.0,1.0,4,0.0,24,0.5260972643920181
task2/b1_6-2-1-2,b1,6,2,1,2,omni-4188,$\text { We conclude that } I\star (M\star O) = (O\star I)\star M \text { if } \triangle IMO \text{ is positively oriented and is isosceles with } OI = OM \text { and } \angle IOM=\frac{2\pi}{3}.$,30,17524,0.0,0.0,0.0,12,0.0,24,0.34808782269759925
task2/b1_6-2-1-2,b1,6,2,1,2,omni-1140,20,30,9627,0.36666666666666664,1.0,1.0,7,0.0,24,0.4656532716641569
task2/b1_6-2-1-2,b1,6,2,1,2,omni-809,96,30,17850,0.43333333333333335,1.0,1.0,15,0.0,24,0.5617666081256645
task2/b1_6-2-1-2,b1,6,2,1,2,omni-1675,21,30,21141,0.16666666666666666,1.0,1.0,11,0.0,24,0.43480579504869876
task2/b1_6-2-1-2,b1,6,2,1,2,omni-3267,"(j,k) = (2019, 1010)",30,10029,0.0,0.0,0.0,11,0.0,24,0.6015995163790581
task2/b1_6-2-1-2,b1,6,2,1,2,omni-1816,35,30,9402,0.0,0.0,0.0,12,0.0,24,0.386104814766385
task2/b1_6-2-1-2,b1,6,2,1,2,omni-4008,-\frac{1}{8},30,13812,0.7666666666666667,1.0,1.0,3,0.0,24,0.5311683723295224
task2/b1_6-2-1-2,b1,6,2,1,2,omni-2356,1006,30,11567,0.6333333333333333,1.0,1.0,4,0.0,24,0.6059174679829078
task2/b1_6-2-1-2,b1,6,2,1,2,omni-1551,-18910,30,12001,0.0,0.0,0.0,11,0.0,24,0.6020027203442814
task2/b1_6-2-1-2,b1,6,2,1,2,omni-1225,"r = 4, s = 5",30,17038,0.7666666666666667,1.0,1.0,4,0.0,24,0.4796557287412875
task2/b1_6-2-1-2,b1,6,2,1,2,omni-1762,\log _{2} 2015-1,30,14749,0.8,1.0,1.0,8,0.0,24,0.45364093286408175
task2/b1_6-2-1-2,b1,6,2,1,2,omni-944,5,30,12476,0.0,0.0,0.0,5,0.0,24,0.5724682953244877
task2/b1_6-2-1-2,b1,6,2,1,2,omni-1806,1,30,5775,0.7333333333333333,1.0,1.0,4,0.0,24,0.571968737417825
task2/b1_6-2-1-2,b1,6,2,1,2,omni-370,14,30,8202,1.0,1.0,0.0,1,0.0,24,0.48911803898600326
task2/b1_6-2-1-2,b1,6,2,1,2,omni-749,\frac{2}{3},30,9532,0.0,0.0,0.0,7,0.0,24,0.4077655371212396
task2/b1_6-2-1-2,b1,6,2,1,2,omni-3925,"$(p,n)=(p,p),(2,4)$",30,17497,0.0,0.0,0.0,15,0.0,24,0.39926699963071316
task2/b1_6-2-1-2,b1,6,2,1,2,omni-1809,\frac{1+\sqrt{5}}{2},30,11911,0.8333333333333334,1.0,1.0,2,0.0,24,0.5041356889765305
task2/b1_6-2-1-2,b1,6,2,1,2,omni-322,The only possible value for the center is \( 18 \).,30,11457,0.0,0.0,0.0,10,0.0,24,0.741646070612454
task2/b1_6-2-1-2,b1,6,2,1,2,omni-475,144,30,7638,0.0,0.0,0.0,4,0.0,24,0.6072206962911633
task2/b1_6-2-1-2,b1,6,2,1,2,omni-1432,\frac{1005}{1006},30,21542,0.16666666666666666,1.0,1.0,6,0.0,24,0.49731486714096884
task2/b1_6-2-1-2,b1,6,2,1,2,omni-2055,27,30,10966,0.0,0.0,0.0,3,0.0,24,0.43039071276980345
task2/b1_6-2-1-2,b1,6,2,1,2,omni-1104,283,30,30530,0.0,0.0,0.0,7,0.03333333333333333,24,0.41084253923984243
task2/b1_6-2-1-2,b1,6,2,1,2,omni-3178,"The coordinates of $R(x,y)$ are $(x+n,y)$.",30,16654,0.0,0.0,0.0,7,0.0,24,0.40472736055026476
task2/b1_6-2-1-2,b1,6,2,1,2,omni-1827,"Two continuous arcs from the circle with diameter 4,4",30,7032,0.0,0.0,0.0,4,0.0,24,0.5261092830982206
task2/b1_6-2-1-2,b1,6,2,1,2,omni-3648,f(x) = \frac{1}{x},30,17786,0.16666666666666666,1.0,1.0,5,0.0,24,0.503467358860781
task2/b1_6-2-1-2,b1,6,2,1,2,omni-318,\[ 36 \],30,11996,0.0,0.0,0.0,4,0.0,24,0.5756277848789333
task2/b1_6-2-1-2,b1,6,2,1,2,omni-683,\frac{216 \pi^{3}-2187 \sqrt{3}}{8 \pi^{2}},30,15711,0.0,0.0,0.0,8,0.0,24,0.41572823984745827
task2/b1_6-2-1-2,b1,6,2,1,2,omni-19,69,30,12774,0.0,0.0,0.0,3,0.0,24,0.509302931920642
task2/b1_6-2-1-2,b1,6,2,1,2,omni-1492,"(0,0) \text{ and } (1,1)",30,15655,0.9,1.0,1.0,3,0.0,24,0.48903167197699376
task2/b1_6-2-1-2,b1,6,2,1,2,omni-948,\frac{224}{243},30,12455,0.0,0.0,0.0,23,0.0,24,0.46946614198264597
task2/b1_6-2-1-2,b1,6,2,1,2,omni-152,A positive integral solution exists.,30,13773,0.0,0.0,0.0,2,0.0,24,0.46406905904570417
task2/b1_6-2-1-2,b1,6,2,1,2,omni-4050,f(x) = c \log(x) \text{ or } f(x) = cx^k.,30,14098,0.0,0.0,0.0,23,0.0,24,0.5279503421542108
task2/b1_6-2-1-2,b1,6,2,1,2,omni-72,\lceil \frac{n}{t} \rceil,30,11685,0.36666666666666664,1.0,1.0,5,0.0,24,0.3236497924042695
task2/b1_6-2-1-2,b1,6,2,1,2,omni-2770,80,30,8391,0.1,1.0,1.0,8,0.0,24,0.5721891937846533
task2/b1_6-2-1-2,b1,6,2,1,2,omni-3234,\frac{1}{3},30,18024,0.13333333333333333,1.0,1.0,7,0.0,24,0.5192858204377485
task2/b1_6-2-1-2,b1,6,2,1,2,omni-1471,30,30,5871,1.0,1.0,0.0,1,0.0,24,0.48327782309299266
task2/b1_6-2-1-2,b1,6,2,1,2,omni-890,240,30,19640,0.13333333333333333,1.0,1.0,13,0.03333333333333333,24,0.5588483898639572
task2/b1_6-2-1-2,b1,6,2,1,2,omni-4077,$\boxed{2^{19} \cdot 3^{10} \cdot 5^{4} \cdot 3^{3} \cdot 11\cdot 13\cdot 17\cdot 19}$,30,18358,0.0,0.0,0.0,17,0.0,24,0.42417959627382706
task2/b1_6-2-1-2,b1,6,2,1,2,omni-539,12,30,10973,0.0,0.0,0.0,10,0.0,24,0.46129982242971884
task2/b1_6-2-1-2,b1,6,2,1,2,omni-4251,"{x \in \mathbb{Z} \cup \bigcup_{n = 1} ^{\infty} (n, \sqrt{(n-1)^2 + 1} + 1)}",30,19275,0.23333333333333334,1.0,1.0,17,0.0,24,0.5442852563457498
task2/b1_6-2-1-2,b1,6,2,1,2,omni-1803,f(x) = \lfloor x \rfloor,30,24303,0.0,0.0,0.0,7,0.0,24,0.343736575786749
task2/b1_6-2-1-2,b1,6,2,1,2,omni-1652,\frac{19}{18},30,13630,0.26666666666666666,1.0,1.0,13,0.0,24,0.3618846173610794
task2/b1_6-2-1-2,b1,6,2,1,2,omni-3096,236,30,9598,0.9666666666666667,1.0,1.0,2,0.0,24,0.3906604898162214
task2/b1_6-2-1-2,b1,6,2,1,2,omni-4269,"\tan(\sin x) > \sin(\tan x) \text{ for } x \in \left(0, \frac{\pi}{2}\right)",30,14696,0.0,0.0,0.0,5,0.0,24,0.43728460292166876
task2/b1_6-2-1-2,b1,6,2,1,2,omni-2607,7174,30,29225,0.0,0.0,0.0,19,0.16666666666666666,24,0.4664048831482977
task2/b1_6-2-1-2,b1,6,2,1,2,omni-3853,3,30,14406,0.06666666666666667,1.0,1.0,7,0.0,24,0.25363151054274763
task2/b1_6-2-1-2,b1,6,2,1,2,omni-1316,2003,30,12741,1.0,1.0,0.0,1,0.0,24,0.36334961964485574
task2/b1_6-2-1-2,b1,6,2,1,2,omni-275,The function \( f(x) = kx \) for any real value of \( k \).,30,16170,0.0,0.0,0.0,3,0.0,24,0.45230178740341764
task2/b1_6-2-1-2,b1,6,2,1,2,omni-3422,4^{7},30,7368,0.9666666666666667,1.0,1.0,2,0.0,24,0.4974886786563714
task2/b1_6-2-1-2,b1,6,2,1,2,omni-537,33^{\circ},30,10878,0.0,0.0,0.0,7,0.0,24,0.4929289458334174
task2/b1_6-2-1-2,b1,6,2,1,2,omni-1043,20,30,23844,0.16666666666666666,1.0,1.0,12,0.0,24,0.5458500431881778
task2/b1_6-2-1-2,b1,6,2,1,2,omni-1154,\frac{4}{9},30,13793,0.0,0.0,0.0,2,0.0,24,0.5944298256842425
task2/b1_6-2-1-2,b1,6,2,1,2,omni-3167,2\sqrt{2} - 1,30,21123,0.2,1.0,1.0,5,0.0,24,0.3026223134187236
task2/b1_6-2-1-2,b1,6,2,1,2,omni-862,403,30,9667,0.0,0.0,0.0,14,0.0,24,0.6206399302537952
task2/b1_6-2-1-2,b1,6,2,1,2,omni-2767,44,30,10455,0.03333333333333333,1.0,1.0,11,0.0,24,0.5533270671758245
task2/b1_6-2-1-2,b1,6,2,1,2,omni-3211,\frac{\pi \log(2)}{8},30,21553,0.0,0.0,0.0,7,0.0,24,0.4205132408090147
task2/b1_6-2-1-2,b1,6,2,1,2,omni-3982,4,30,15864,0.8,1.0,1.0,3,0.0,24,0.4785771498597448
task2/b1_6-2-1-2,b1,6,2,1,2,omni-4154,"(p, x, y) \in \{(3, 2, 5), (3, 5, 2)\} \cup \{(2, n, 2^k - n) \mid 0 < n < 2^k\}",30,21235,0.13333333333333333,1.0,1.0,14,0.0,24,0.43492241531459624
task2/b1_6-2-1-2,b1,6,2,1,2,omni-812,433755,30,8669,0.0,0.0,0.0,6,0.0,24,0.4654473162772086
task2/b1_6-2-1-2,b1,6,2,1,2,omni-4068,\lambda \ge \frac{1}{n-1},30,11378,0.0,0.0,0.0,4,0.0,24,0.4645489205824735
task2/b1_6-2-1-2,b1,6,2,1,2,omni-240,The composite positive integers \( n \) for which it is possible to arrange all divisors of \( n \) that are greater than 1 in a circle so that no two adjacent divisors are relatively prime are those \( n \) that are not of the form \( pq \) where \( p \) and \( q \) are distinct primes.,30,12927,0.0,0.0,0.0,23,0.0,24,0.5821701034364396
task2/b1_6-2-1-2,b1,6,2,1,2,omni-1173,Yes,30,17903,0.03333333333333333,1.0,1.0,2,0.0,24,0.43446015873797106
task2/b1_6-2-1-2,b1,6,2,1,2,omni-3980,m \text{ is a prime number},30,19799,0.0,0.0,0.0,17,0.0,24,0.43934204957769935
task2/b1_6-2-1-2,b1,6,2,1,2,omni-2308,210,30,12796,0.0,0.0,0.0,11,0.0,24,0.502000431811192
task2/b1_6-2-1-2,b1,6,2,1,2,omni-604,\frac{16}{3},30,13864,0.0,0.0,0.0,10,0.0,24,0.6060583160047622
task2/b1_6-2-1-2,b1,6,2,1,2,omni-3907,\frac{1}{4},30,14482,0.16666666666666666,1.0,1.0,3,0.0,24,0.5778513150631664
task2/b1_6-2-1-2,b1,6,2,1,2,omni-9,561,30,6261,0.0,0.0,0.0,4,0.0,24,0.48862122481859527
task2/b1_6-2-1-2,b1,6,2,1,2,omni-1954,32,30,11800,0.06666666666666667,1.0,1.0,8,0.0,24,0.47466272209201105
task2/b1_6-2-1-2,b1,6,2,1,2,omni-893,1024,30,7862,1.0,1.0,0.0,1,0.0,24,0.3327124236188065
task2/b1_6-2-1-2,b1,6,2,1,2,omni-3645,19,30,16664,0.9333333333333333,1.0,1.0,2,0.0,24,0.49080735174939716
task2/b1_6-2-1-2,b1,6,2,1,2,omni-1529,\frac{79}{20},30,11510,0.0,0.0,0.0,10,0.0,24,0.42462943760158817
task2/b1_6-2-1-2,b1,6,2,1,2,omni-316,\[ f(x) = x + 1 \],30,19032,0.4666666666666667,1.0,1.0,4,0.0,24,0.43814805305334276
task2/b1_6-2-1-2,b1,6,2,1,2,omni-3435,7,30,9337,0.8333333333333334,1.0,1.0,4,0.0,24,0.4865362463957214
task2/b1_6-2-1-2,b1,6,2,1,2,omni-3984,3 \text{ and } 4,30,20411,0.6333333333333333,1.0,1.0,7,0.0,24,0.45459436197814007
task2/b1_6-2-1-2,b1,6,2,1,2,omni-3047,28,30,12988,0.2,1.0,1.0,11,0.03333333333333333,24,0.5110323962111232
task2/b1_6-2-1-2,b1,6,2,1,2,omni-4376,\text{Yes},30,18718,0.3333333333333333,1.0,1.0,6,0.0,24,0.4040088029168376
task2/b1_6-2-1-2,b1,6,2,1,2,omni-3032,3,30,6228,0.9666666666666667,1.0,1.0,2,0.0,24,0.5217740212438556
task2/b1_6-2-1-2,b1,6,2,1,2,omni-1725,16,30,13699,0.03333333333333333,1.0,1.0,20,0.0,24,0.4253710929711812
task2/b1_6-2-1-2,b1,6,2,1,2,omni-589,There is no such function \( f: S \rightarrow S \).,30,13155,0.0,0.0,0.0,3,0.0,24,0.506365468768975
task2/b1_6-2-1-2,b1,6,2,1,2,omni-826,\frac{\sqrt{30}}{2},30,11011,0.0,0.0,0.0,13,0.0,24,0.6333365947238838
task2/b1_6-2-1-2,b1,6,2,1,2,omni-1296,2002,30,15537,0.5666666666666667,1.0,1.0,7,0.0,24,0.4849824833917353
task2/b1_6-2-1-2,b1,6,2,1,2,omni-108,41,30,34646,0.0,0.0,0.0,5,0.03333333333333333,24,0.42224832892744146
task2/b1_6-2-1-2,b1,6,2,1,2,omni-1256,41,30,14744,0.36666666666666664,1.0,1.0,10,0.0,24,0.5267155764880277
task2/b1_6-2-1-2,b1,6,2,1,2,omni-1967,6,30,10092,0.0,0.0,0.0,2,0.0,24,0.34687912230358914
task2/b1_6-2-1-2,b1,6,2,1,2,omni-3394,4,30,5003,1.0,1.0,0.0,1,0.0,24,0.3986154871389309
task2/b1_6-2-1-2,b1,6,2,1,2,omni-3671,\frac{1}{2^{1007}},30,12494,0.1,1.0,1.0,10,0.0,24,0.5291171233639023
task2/b1_6-2-1-2,b1,6,2,1,2,omni-523,(2i-1)/4,30,13717,0.0,0.0,0.0,6,0.0,24,0.40042232490986995
task2/b1_6-2-1-2,b1,6,2,1,2,omni-4051,f(x) = 2x \text{ and } f(x) = 0,30,18926,0.16666666666666666,1.0,1.0,5,0.0,24,0.5216421223428378
task2/b1_6-2-1-2,b1,6,2,1,2,omni-1069,2048,30,6109,0.0,0.0,0.0,2,0.0,24,0.5383280735957465
task2/b1_6-2-1-2,b1,6,2,1,2,omni-4328,"f(x) = \begin{cases}
-(1-x)^c + 1 &\text{ if $x < 1$} \\
1 &\text{ if $x = 1$} \\
k(x-1)^c + 1 &\text{ if $x > 1$}
\end{cases}, \text{ for some real constants }c \geq 0, k > 0",30,17688,0.5333333333333333,1.0,1.0,29,0.0,24,0.4047493733673078
task2/b1_6-2-1-2,b1,6,2,1,2,omni-820,54^{\circ},30,9530,0.5333333333333333,1.0,1.0,4,0.0,24,0.535709636871271
task2/b1_6-2-1-2,b1,6,2,1,2,omni-2101,1019088,30,8928,0.0,0.0,0.0,8,0.0,24,0.5432253930089846
task2/b1_6-2-1-2,b1,6,2,1,2,omni-346,\[ A = -7 \],30,21568,0.03333333333333333,1.0,1.0,15,0.0,24,0.47501893753267027
task2/b1_6-2-1-2,b1,6,2,1,2,omni-3757,\frac{2}{5} \cdot 9^n - \frac{2}{5} \cdot (-1)^n,30,9145,0.0,0.0,0.0,7,0.0,24,0.38016626255336444
task2/b1_6-2-1-2,b1,6,2,1,2,omni-1134,23/144,30,12034,0.0,0.0,0.0,15,0.0,24,0.5805077263536651
task2/b1_6-2-1-2,b1,6,2,1,2,omni-292,"There does not exist a strictly increasing eight-term arithmetic progression \(a_{1}, \ldots, a_{8}\) of odd positive integers such that \(r(a_{1}), \ldots, r(a_{8})\) is an arithmetic progression in that order.",30,16459,0.0,0.0,0.0,2,0.0,24,0.45794156494488664
task2/b1_6-2-1-2,b1,6,2,1,2,omni-1062,45,30,27130,0.06666666666666667,1.0,1.0,23,0.0,24,0.3672362255971778
task2/b1_6-2-1-2,b1,6,2,1,2,omni-4284,\text{Yes},30,15141,0.7666666666666667,1.0,1.0,2,0.0,24,0.3150877910716195
task2/b1_6-2-1-2,b1,6,2,1,2,omni-814,1,30,12606,0.9333333333333333,1.0,1.0,2,0.0,24,0.5313554984178446
task2/b1_6-2-1-2,b1,6,2,1,2,omni-3494,15,30,22802,0.2,1.0,1.0,5,0.2,24,0.5260863117381637
task2/b1_6-2-1-2,b1,6,2,1,2,omni-693,29,30,14707,0.0,0.0,0.0,8,0.0,24,0.6204963147484194
task2/b1_6-2-1-2,b1,6,2,1,2,omni-2374,2^{2013}-6036,30,20533,0.7333333333333333,1.0,1.0,6,0.0,24,0.36088745174784065
task2/b1_6-2-1-2,b1,6,2,1,2,omni-2137,12345,30,12956,0.0,0.0,0.0,17,0.0,24,0.5806878475641556
task2/b1_6-2-1-2,b1,6,2,1,2,omni-4072,$\text{第二个玩家有获胜策略，当且仅当} \displaystyle n \leq \varphi k \text{和}  \displaystyle k \leq \varphi n \text{而且}  \displaystyle \varphi=\frac{\sqrt{5}+1}{2}$,30,9140,0.0,0.0,0.0,8,0.0,24,0.48266263849283836
task2/b1_6-2-1-2,b1,6,2,1,2,omni-2962,8 \text{ p.m. on Saturday},30,3617,0.9666666666666667,1.0,1.0,1,0.0,24,0.5919453846690094
task2/b1_6-2-1-2,b1,6,2,1,2,omni-4058,\text{No},30,17882,0.8,1.0,1.0,2,0.0,24,0.4559404477289803
task2/b1_6-2-1-2,b1,6,2,1,2,omni-2636,2530,30,6423,0.0,0.0,0.0,3,0.0,24,0.5493283081351922
task2/b1_6-2-1-2,b1,6,2,1,2,omni-543,48,30,10488,0.1,1.0,1.0,10,0.0,24,0.35784681041265626
task2/b1_6-2-1-2,b1,6,2,1,2,omni-1219,\frac{19}{28},30,12999,0.0,0.0,0.0,18,0.0,24,0.4540441919007164
task2/b1_6-2-1-2,b1,6,2,1,2,omni-742,2402,30,19784,0.8,1.0,1.0,5,0.03333333333333333,24,0.48107007784676853
task2/b1_6-2-1-2,b1,6,2,1,2,omni-3950,2^n - 1,30,8730,0.1,1.0,1.0,8,0.0,24,0.6548622808720115
task2/b1_6-2-1-2,b1,6,2,1,2,omni-4042,f(x) = c \text{ for any } c > 0.,30,20494,0.03333333333333333,1.0,1.0,23,0.0,24,0.36132701605344475
task2/b1_6-2-1-2,b1,6,2,1,2,omni-1957,60\left(1-\left(\frac{1}{10}\right)^{\frac{1}{9}}\right),30,15804,0.0,0.0,0.0,5,0.0,24,0.5410530791628022
task2/b1_6-2-1-2,b1,6,2,1,2,omni-4029,"\text{For } n = 3, \text{ it is not possible. For } n = 2, \text{ it is possible.}",30,9734,0.0,0.0,0.0,9,0.0,24,0.5656367569488594
task2/b1_6-2-1-2,b1,6,2,1,2,omni-3759,2,30,12644,0.5666666666666667,1.0,1.0,3,0.0,24,0.48285347943065315
task2/b1_6-2-1-2,b1,6,2,1,2,omni-2839,9,30,11954,0.06666666666666667,1.0,1.0,5,0.0,24,0.5997687948965175
task2/b1_6-2-1-2,b1,6,2,1,2,omni-2427,199 \pi,30,4383,1.0,1.0,0.0,1,0.0,24,0.6439968975535587
task2/b1_6-2-1-2,b1,6,2,1,2,omni-3641,f(n) = 1 \text{ for all } n \in \mathbb{N} \text{ or } f(n) = n^2 \text{ for all } n \in \mathbb{N}.,30,13938,0.16666666666666666,1.0,1.0,5,0.0,24,0.5371452445474992
task2/b1_6-2-1-2,b1,6,2,1,2,omni-2092,\frac{189}{2},30,11939,0.0,0.0,0.0,4,0.0,24,0.5613195641092751
task2/b1_6-2-1-2,b1,6,2,1,2,omni-2501,20,30,22035,0.3,1.0,1.0,16,0.0,24,0.468153116211996
task2/b1_6-2-1-2,b1,6,2,1,2,omni-3401,62\%,30,3016,1.0,1.0,0.0,1,0.0,24,0.4668966034501232
task2/b1_6-2-1-2,b1,6,2,1,2,omni-2658,648,30,21735,0.0,0.0,0.0,18,0.0,24,0.4000352727128224
task2/b1_6-2-1-2,b1,6,2,1,2,omni-2829,8,30,3355,1.0,1.0,0.0,1,0.0,24,0.506875476035422
task2/b1_6-2-1-2,b1,6,2,1,2,omni-1703,105,30,10874,0.9666666666666667,1.0,1.0,2,0.0,24,0.49020159800524254
task2/b1_6-2-1-2,b1,6,2,1,2,omni-3317,23097,30,18127,0.0,0.0,0.0,9,0.0,24,0.44582504985774446
task2/b1_6-2-1-2,b1,6,2,1,2,omni-1144,1/5,30,13260,0.16666666666666666,1.0,1.0,12,0.0,24,0.6846952301271613
task2/b1_6-2-1-2,b1,6,2,1,2,omni-2704,9 \mathrm{~km} / \mathrm{h},30,10741,1.0,1.0,0.0,2,0.0,24,0.43317543473681086
task2/b1_6-2-1-2,b1,6,2,1,2,omni-3626,2k - 1,30,9026,0.0,0.0,0.0,6,0.0,24,0.5433960939349141
task2/b1_6-2-1-2,b1,6,2,1,2,omni-4043,"(a, a+1)",30,25999,0.0,0.0,0.0,17,0.0,24,0.37134004135689236
task2/b1_6-2-1-2,b1,6,2,1,2,omni-1167,\frac{A B^{2}}{A C^{2}},30,11017,0.1,1.0,1.0,13,0.0,24,0.3775377404169758
task2/b1_6-2-1-2,b1,6,2,1,2,omni-2469,\sqrt[4]{2},30,8240,1.0,1.0,0.0,3,0.0,24,0.4365510038111238
task2/b1_6-2-1-2,b1,6,2,1,2,omni-750,89,30,11972,1.0,1.0,0.0,1,0.0,24,0.4111275523977025
task2/b1_6-2-1-2,b1,6,2,1,2,omni-270,"The minimal total penalty a player can amass is:
\[ \min(BW, 2WR, 3RB) \]

The number of optimal strategies is:
- If \( BW \neq 2WR \neq 3RB \), there is \( 1 \) optimal strategy.
- If \( BW = 2WR < 3RB \), there are \( W+1 \) strategies.
- If \( 2WR = 3RB < BW \), there are \( R+1 \) strategies.
- If \( 3RB = BW < 2WR \), there are \( B+1 \) strategies.
- If \( BW = 2WR = 3RB \), there are \( R+B+W \) strategies.",30,12908,0.0,0.0,0.0,20,0.0,24,0.4747547585763799
task2/b1_6-2-1-2,b1,6,2,1,2,omni-657,1545,30,21188,0.0,0.0,0.0,25,0.0,24,0.4543374997483227
task2/b1_6-2-1-2,b1,6,2,1,2,omni-2254,"(30,92) \text{ OR } (92,30)",30,20970,0.0,0.0,0.0,11,0.0,24,0.3665195875214969
task2/b1_6-2-1-2,b1,6,2,1,2,omni-2746,1: 2,30,9570,1.0,1.0,0.0,1,0.0,24,0.4207103636295905
task2/b1_6-2-1-2,b1,6,2,1,2,omni-1396,f(n)=\left\{\begin{array}{cl} 0 & \text { if } n \text { is even } \\ \frac{1}{2 n} & \text { if } n \text { is odd } \end{array}\right.,30,17799,0.0,0.0,0.0,6,0.0,24,0.2951043422456631
task2/b1_6-2-1-2,b1,6,2,1,2,omni-606,1+\sqrt{\frac{7}{15}},30,14110,0.0,0.0,0.0,11,0.0,24,0.5754836400058195
task2/b1_6-2-1-2,b1,6,2,1,2,omni-950,\binom{100}{50} 2^{98},30,8005,0.0,0.0,0.0,15,0.0,24,0.5704730889686517
task2/b1_6-2-1-2,b1,6,2,1,2,omni-500,28,30,12582,0.0,0.0,0.0,7,0.03333333333333333,24,0.5342830827839906
task2/b1_6-2-1-2,b1,6,2,1,2,omni-2466,3680,30,13771,0.6666666666666666,1.0,1.0,4,0.0,24,0.5582461434284046
task2/b1_6-2-1-2,b1,6,2,1,2,omni-1633,323,30,7971,0.03333333333333333,1.0,1.0,7,0.0,24,0.4274077405131231
task2/b1_6-2-1-2,b1,6,2,1,2,omni-1326,714,30,8666,0.0,0.0,0.0,3,0.0,24,0.5847082037534239
task2/b1_6-2-1-2,b1,6,2,1,2,omni-3863,59,30,9270,0.0,0.0,0.0,8,0.0,24,0.5082199636124708
task2/b1_6-2-1-2,b1,6,2,1,2,omni-101,7,30,6459,0.0,0.0,0.0,1,0.0,24,0.49472042822021106
task2/b1_6-2-1-2,b1,6,2,1,2,omni-3947,(2n-1)!!,30,9732,0.0,0.0,0.0,3,0.0,24,0.484584543995671
task2/b1_6-2-1-2,b1,6,2,1,2,omni-661,3 \sqrt{3} / 2,30,9616,0.0,0.0,0.0,5,0.0,24,0.3480561733853376
task2/b1_6-2-1-2,b1,6,2,1,2,omni-3101,33,30,12737,0.13333333333333333,1.0,1.0,11,0.0,24,0.36014549421878733
task2/b1_6-2-1-2,b1,6,2,1,2,omni-2123,\frac{21}{2},30,20970,0.23333333333333334,1.0,1.0,12,0.0,24,0.3936303839881365
task2/b1_6-2-1-2,b1,6,2,1,2,omni-2670,19,30,4341,1.0,1.0,0.0,1,0.0,24,0.5513352443923304
task2/b1_6-2-1-2,b1,6,2,1,2,omni-120,199,30,29329,0.0,0.0,0.0,5,0.0,24,0.49535527889104997
task2/b1_6-2-1-2,b1,6,2,1,2,omni-801,\frac{116}{35},30,16644,0.0,0.0,0.0,8,0.03333333333333333,24,0.4416004666603579
task2/b1_6-2-1-2,b1,6,2,1,2,omni-3896,"2, 3, 4, 6, 8, 12, 24",30,14665,0.0,0.0,0.0,10,0.0,24,0.5050047738115506
task2/b1_6-2-1-2,b1,6,2,1,2,omni-1092,192,30,9861,0.03333333333333333,1.0,1.0,3,0.0,24,0.6094978107027955
task2/b1_6-2-1-2,b1,6,2,1,2,omni-333,77,30,24431,0.0,0.0,0.0,20,0.0,24,0.4460618412448855
task2/b1_6-2-1-2,b1,6,2,1,2,omni-3567,y = -\frac{1}{4},30,18561,0.0,0.0,0.0,15,0.0,24,0.3470676760557298
task2/b1_6-2-1-2,b1,6,2,1,2,omni-1237,20,30,13325,0.8333333333333334,1.0,1.0,5,0.0,24,0.46264346536315243
task2/b1_6-2-1-2,b1,6,2,1,2,omni-337,\[ x = 4 \],30,17811,0.9333333333333333,1.0,1.0,3,0.0,24,0.38262393018552054
task2/b1_6-2-1-2,b1,6,2,1,2,omni-2403,\frac{5}{7},30,11345,0.0,0.0,0.0,6,0.0,24,0.48413315610390056
task2/b1_6-2-1-2,b1,6,2,1,2,omni-580,7,30,19284,0.3333333333333333,1.0,1.0,3,0.0,24,0.42647911003324296
task2/b1_6-2-1-2,b1,6,2,1,2,omni-3941,"(2,2)(3,3)(1,2)(2,1)(2,3)(3,2)",30,23339,0.0,0.0,0.0,17,0.0,24,0.43552723858943465
task2/b1_6-2-1-2,b1,6,2,1,2,omni-309,"The simple modules of \( A \) are the 1-dimensional modules \( S_i \) for \( 1 \leq i \leq n \), where \( E_{ii} \) acts by 1 and \( E_{ij}, E_{jj} \) act by 0 for \( j \neq i \).",30,12845,0.0,0.0,0.0,16,0.0,24,0.4018788380088454
task2/b1_6-2-1-2,b1,6,2,1,2,omni-1622,Even,30,15265,0.3333333333333333,1.0,1.0,4,0.0,24,0.5295415351135875
task2/b1_6-2-1-2,b1,6,2,1,2,omni-3674,"(2, 3) \text{ and } (6, 15)",30,19245,0.1,1.0,1.0,17,0.0,24,0.45361297214294544
task2/b1_6-2-1-2,b1,6,2,1,2,omni-3532,The sum diverges.,30,17767,0.0,0.0,0.0,3,0.0,24,0.49420751393188733
task2/b1_6-2-1-2,b1,6,2,1,2,omni-3260,160,30,4442,1.0,1.0,0.0,1,0.0,24,0.5237510948679696
task2/b1_6-2-1-2,b1,6,2,1,2,omni-1239,-6,30,16815,0.8666666666666667,1.0,1.0,5,0.0,24,0.4539858910378369
task2/b1_6-2-1-2,b1,6,2,1,2,omni-2641,7,30,11080,1.0,1.0,0.0,1,0.0,24,0.48497434002209255
task2/b1_6-2-1-2,b1,6,2,1,2,omni-290,\[ 4 \cdot 2007 - 3 = 8025 \],30,11234,0.0,0.0,0.0,13,0.0,24,0.3698668525996233
task2/b1_6-2-1-2,b1,6,2,1,2,omni-4231,$1\text{ for } n=1\text{ and } n^4-n^3\text{ for }n \ge 2$,30,9989,0.0,0.0,0.0,4,0.0,24,0.4010689532384171
task2/b1_6-2-1-2,b1,6,2,1,2,omni-3774,75^\circ,30,10587,0.0,0.0,0.0,4,0.0,24,0.4447069197614491
task2/b1_6-2-1-2,b1,6,2,1,2,omni-4243,"\[
\text{For all } n \geq 2.
\]",30,10874,0.0,0.0,0.0,11,0.0,24,0.41305646807460966
task2/b1_6-2-1-2,b1,6,2,1,2,omni-1913,\frac{1}{2},30,11144,0.2,1.0,1.0,4,0.0,24,0.5137201308873931
task2/b1_6-2-1-2,b1,6,2,1,2,omni-2146,\frac{15 \sqrt{37}-75}{4},30,15318,0.0,0.0,0.0,14,0.0,24,0.4571112753470737
task2/b1_6-2-1-2,b1,6,2,1,2,omni-2351,\frac{13}{3},30,15146,0.0,0.0,0.0,13,0.0,24,0.4710022952567381
task2/b1_6-2-1-2,b1,6,2,1,2,omni-668,41,30,16048,0.0,0.0,0.0,6,0.0,24,0.4737315375031972
task2/b1_6-2-1-2,b1,6,2,1,2,omni-385,1,30,21233,0.8,1.0,1.0,2,0.0,24,0.5149214797730561
task2/b1_6-2-1-2,b1,6,2,1,2,omni-1597,"(995,1),(176,10),(80,21)",30,14323,0.0,0.0,0.0,10,0.0,24,0.43740533233474593
task2/b1_6-2-1-2,b1,6,2,1,2,omni-1041,\binom{43}{21}-1,30,17710,0.0,0.0,0.0,15,0.03333333333333333,24,0.4770795743211573
task2/b1_6-2-1-2,b1,6,2,1,2,omni-3043,5,30,6802,1.0,1.0,0.0,1,0.0,24,0.4916973980503656
task2/b1_6-2-1-2,b1,6,2,1,2,omni-4260,"$\boxed{(1,2,1,0), (2,0,2,0), (2,1,2,0,0), (x-3,2,1,0,0,\ldots, 0,1,0,0,0)} \text{ for any } x \ge 6$",30,20470,0.0,0.0,0.0,25,0.0,24,0.4621015142889468
task2/b1_6-2-1-2,b1,6,2,1,2,omni-929,1149852,30,15412,0.0,0.0,0.0,15,0.0,24,0.5241051551325976
task2/b1_6-2-1-2,b1,6,2,1,2,omni-1279,"\[
\sup \{V \mid V \text{ is good} \} = \frac{1}{4}
\]",30,10576,0.0,0.0,0.0,2,0.0,24,0.48239467482017284
task2/b1_6-2-1-2,b1,6,2,1,2,omni-2069,1026,30,19347,0.0,0.0,0.0,12,0.0,24,0.5489114127003402
task2/b1_6-2-1-2,b1,6,2,1,2,omni-2849,-y,30,3427,1.0,1.0,0.0,1,0.0,24,0.5222124869073053
task2/b1_6-2-1-2,b1,6,2,1,2,omni-26,n - 1,30,13292,0.0,0.0,0.0,2,0.0,24,0.5766990250745464
task2/b1_6-2-1-2,b1,6,2,1,2,omni-2484,25,30,25434,0.06666666666666667,1.0,1.0,20,0.0,24,0.4173914312332996
task2/b1_6-2-1-2,b1,6,2,1,2,omni-776,178,30,11794,0.36666666666666664,1.0,1.0,5,0.0,24,0.6444951356698186
task2/b1_6-2-1-2,b1,6,2,1,2,omni-3867,f(x) = -1 \text{ and } f(x) = x - 1.,30,22134,0.03333333333333333,1.0,1.0,12,0.0,24,0.4352933962572724
task2/b1_6-2-1-2,b1,6,2,1,2,omni-4270,"\[
a_{u+vn} = 
\begin{cases} 
0, & u+v \le n, \\ 
1, & u+v \ge n+1 
\end{cases} 
\quad \text{for all } 1 \le u \le n \text{ and } 0 \le v \le n.
\]
\[
\text{The terms can be arranged into blocks of length } n \text{ as}
\]
\[
\underbrace{(0 \cdots 0)}_{n} \underbrace{(0 \cdots 0 \ 1)}_{n-1} \underbrace{(0 \cdots 0 \ 1 \ 1)}_{n-2} \cdots \underbrace{(0 \cdots 0 \ 1 \cdots 1)}_{n-v} \underbrace{(0 \ 1 \cdots 1)}_{v} \cdots \underbrace{(0 \ 1 \cdots 1)}_{n-1} \underbrace{(1 \cdots 1)}_{n}.
\]",30,13986,0.7,1.0,1.0,18,0.0,24,0.5983298477898432
task2/b1_6-2-1-2,b1,6,2,1,2,omni-2729,2,30,4290,1.0,1.0,0.0,1,0.0,24,0.6763961406025949
task2/b1_6-2-1-2,b1,6,2,1,2,omni-3669,12,30,18797,0.06666666666666667,1.0,1.0,8,0.0,24,0.35342873093098875
task2/b1_6-2-1-2,b1,6,2,1,2,omni-2384,257,30,11867,0.0,0.0,0.0,8,0.0,24,0.4592280996561214
task2/b1_6-2-1-2,b1,6,2,1,2,omni-3153,18,30,12742,0.0,0.0,0.0,8,0.0,24,0.3984923473127604
task2/b1_6-2-1-2,b1,6,2,1,2,omni-2130,64912347,30,11764,0.0,0.0,0.0,21,0.0,24,0.5790840652468591
task2/b1_6-2-1-2,b1,6,2,1,2,omni-3205,8,30,5064,0.0,0.0,0.0,3,0.0,24,0.46387765482327437
task2/b1_6-2-1-2,b1,6,2,1,2,omni-3691,P(x) = x + 1,30,16112,0.16666666666666666,1.0,1.0,15,0.0,24,0.4728234733401177
task2/b1_6-2-1-2,b1,6,2,1,2,omni-1559,"-6,0,2,8",30,21177,0.0,0.0,0.0,11,0.0,24,0.46172364531384
task2/b1_6-2-1-2,b1,6,2,1,2,omni-2724,181,30,17843,0.0,0.0,0.0,20,0.0,24,0.38391627633529185
task2/b1_6-2-1-2,b1,6,2,1,2,omni-218,"\[
\boxed{\left(\frac{c^2+c-1}{c^2}, \frac{c}{c-1}, c\right)}
\]",30,22558,0.0,0.0,0.0,5,0.0,24,0.46040781612478204
task2/b1_6-2-1-2,b1,6,2,1,2,omni-298,"The pairs of positive integers \((x, y)\) that satisfy the equation \(x^y = y^{x - y}\) are:

\[
(x, y) = (9, 3) \quad \text{and} \quad (x, y) = (8, 2)
\]",30,16153,0.0,0.0,0.0,12,0.0,24,0.5137678183118132
task2/b1_6-2-1-2,b1,6,2,1,2,omni-186,\text{There exist infinitely many such sets } A \text{ and } B.,30,19119,0.0,0.0,0.0,13,0.0,24,0.43913676313403255
task2/b1_6-2-1-2,b1,6,2,1,2,omni-2869,12,30,8302,1.0,1.0,0.0,1,0.0,24,0.36341398771111666
task2/b1_6-2-1-2,b1,6,2,1,2,omni-2131,-\frac{2016}{2017},30,14513,0.16666666666666666,1.0,1.0,9,0.0,24,0.40818135132675254
task2/b1_6-2-1-2,b1,6,2,1,2,omni-2804,20,30,15877,0.13333333333333333,1.0,1.0,8,0.0,24,0.4804417620352537
task2/b1_6-2-1-2,b1,6,2,1,2,omni-3357,\log _{2008} 2009,30,12277,0.8333333333333334,1.0,1.0,4,0.0,24,0.5615876797852289
task2/b1_6-2-1-2,b1,6,2,1,2,omni-3751,\frac{1}{99},30,23665,0.0,0.0,0.0,6,0.0,24,0.41352813206764744
task2/b1_6-2-1-2,b1,6,2,1,2,omni-2885,11,30,19780,0.06666666666666667,1.0,1.0,15,0.0,24,0.5670999873953323
task2/b1_6-2-1-2,b1,6,2,1,2,omni-12,n \neq 5,30,15302,0.0,0.0,0.0,7,0.0,24,0.3061286495661442
task2/b1_6-2-1-2,b1,6,2,1,2,omni-258,\[ N = 2k^3 + 3k^2 + 3k \],30,16239,0.0,0.0,0.0,20,0.0,24,0.6090338836635418
task2/b1_6-2-1-2,b1,6,2,1,2,omni-1291,\frac{7}{33},30,10139,0.3333333333333333,1.0,1.0,12,0.0,24,0.4673138391913545
task2/b1_6-2-1-2,b1,6,2,1,2,omni-2556,\frac{91 \sqrt{3}}{4},30,22031,0.0,0.0,0.0,12,0.0,24,0.4086670929480951
task2/b1_6-2-1-2,b1,6,2,1,2,omni-3291,The length of the altitude of the tetrahedron from vertex \(A\) can be constructed as \(\sqrt{|A_BY'|^2 - |X'Y'|^2}\).,30,10977,0.0,0.0,0.0,15,0.0,24,0.48260595776011367
task2/b1_6-2-1-2,b1,6,2,1,2,omni-1560,4,30,19166,0.2,1.0,1.0,2,0.0,24,0.48683645101863343
task2/b1_6-2-1-2,b1,6,2,1,2,omni-3249,"$(a,b,c) = (9,8,7)$",30,10319,0.0,0.0,0.0,7,0.0,24,0.5087802698585675
task2/b1_6-2-1-2,b1,6,2,1,2,omni-4266,\text{Yes},30,9070,0.9333333333333333,1.0,1.0,2,0.0,24,0.43003041921453256
task2/b1_6-2-1-2,b1,6,2,1,2,omni-1685,\frac{2009}{2},30,9244,1.0,1.0,0.0,1,0.0,24,0.5236989318083345
task2/b1_6-2-1-2,b1,6,2,1,2,omni-3051,17,30,8769,1.0,1.0,0.0,1,0.0,24,0.4164784930036254
task2/b1_6-2-1-2,b1,6,2,1,2,omni-2223,\frac{2013}{2014},30,5020,0.0,0.0,0.0,2,0.0,24,0.620866500153846
task2/b1_6-2-1-2,b1,6,2,1,2,omni-2208,\frac{39}{67},30,12718,0.0,0.0,0.0,2,0.0,24,0.495707885434252
task2/b1_6-2-1-2,b1,6,2,1,2,omni-941,144,30,15265,0.06666666666666667,1.0,1.0,12,0.0,24,0.5114937203948396
task2/b1_6-2-1-2,b1,6,2,1,2,omni-2479,36 \cdot 2^{2009}+36,30,12750,0.0,0.0,0.0,16,0.0,24,0.549822097333643
task2/b1_6-2-1-2,b1,6,2,1,2,omni-3883,f(x) = 1 \text{ for all } x \in \mathbb{Q}_{>0}.,30,16872,0.4,1.0,1.0,6,0.0,24,0.48676646978445987
task2/b1_6-2-1-2,b1,6,2,1,2,omni-2473,49,30,12067,0.2,1.0,1.0,7,0.0,24,0.5652651822535283
task2/b1_6-2-1-2,b1,6,2,1,2,omni-1810,"(3,3),(-4,-4),\left(\frac{1+3 \sqrt{5}}{2}, \frac{1-3 \sqrt{5}}{2}\right),\left(\frac{1-3 \sqrt{5}}{2}, \frac{1+3 \sqrt{5}}{2}\right)",30,24322,0.8333333333333334,1.0,1.0,7,0.0,24,0.27996089624192405
task2/b1_6-2-1-2,b1,6,2,1,2,omni-4002,\text{No},30,8736,0.03333333333333333,1.0,1.0,2,0.0,24,0.4031861772942134
task2/b1_6-2-1-2,b1,6,2,1,2,omni-1572,8+5 \sqrt{3},30,24332,0.0,0.0,0.0,5,0.0,24,0.5024347343835046
task2/b1_6-2-1-2,b1,6,2,1,2,omni-1697,65536,30,3715,1.0,1.0,0.0,1,0.0,24,0.5500417194589068
task2/b1_6-2-1-2,b1,6,2,1,2,omni-858,945,30,10841,1.0,1.0,0.0,1,0.0,24,0.5142721921937362
task2/b1_6-2-1-2,b1,6,2,1,2,omni-4083,{\frac{2\left(\sin\frac{\pi}{3\cdot 2^{99}}\right)\left(1-\cos\frac{\pi}{2^{98}}\right)}{\sin \frac{\pi}{2^{99}}}},30,11374,0.0,0.0,0.0,8,0.0,24,0.5398586303845759
task2/b1_6-2-1-2,b1,6,2,1,2,omni-4301,1023,30,21638,0.0,0.0,0.0,8,0.0,24,0.2962081171204303
task2/b1_6-2-1-2,b1,6,2,1,2,omni-1843,2^{2000},30,11524,0.0,0.0,0.0,16,0.0,24,0.6088795904318334
task2/b1_6-2-1-2,b1,6,2,1,2,omni-3041,5,30,30746,0.7,1.0,1.0,3,0.16666666666666666,24,0.43498238476444007
task2/b1_6-2-1-2,b1,6,2,1,2,omni-625,-26,30,19142,0.0,0.0,0.0,9,0.0,24,0.5472823489526036
task2/b1_6-2-1-2,b1,6,2,1,2,omni-167,The assertion is false; \( n = 25 \) is a counter-example.,30,13188,0.0,0.0,0.0,6,0.0,24,0.5153861012418569
task2/b1_6-2-1-2,b1,6,2,1,2,omni-2480,924,30,13519,0.0,0.0,0.0,12,0.0,24,0.5578771666513315
task2/b1_6-2-1-2,b1,6,2,1,2,omni-2736,20,30,3517,1.0,1.0,0.0,1,0.0,24,0.6125566565398701
task2/b1_6-2-1-2,b1,6,2,1,2,omni-1240,899,30,18611,0.6,1.0,1.0,9,0.0,24,0.3954293092597585
task2/b1_6-2-1-2,b1,6,2,1,2,omni-3857,"{P(0) \in (-\infty,0)\cup \{1\} }",30,11240,0.0,0.0,0.0,1,0.0,24,0.5731721247396075
task2/b1_6-2-1-2,b1,6,2,1,2,omni-3140,777.5,30,24563,0.0,0.0,0.0,10,0.0,24,0.43415563554577313
task2/b1_6-2-1-2,b1,6,2,1,2,omni-3175,12,30,9405,0.03333333333333333,1.0,1.0,13,0.0,24,0.44834624390779737
task2/b1_6-2-1-2,b1,6,2,1,2,omni-3731,\frac{y \pm \sqrt{y^2 - 4}}{2} \text{ where } y \text{ is an integer with } |y| \geq 2,30,19919,0.03333333333333333,1.0,1.0,10,0.0,24,0.4058156550879119
task2/b1_6-2-1-2,b1,6,2,1,2,omni-1769,26,30,26659,0.0,0.0,0.0,17,0.0,24,0.44649095739434946
task2/b1_6-2-1-2,b1,6,2,1,2,omni-1193,7/15,30,23119,0.03333333333333333,1.0,1.0,21,0.0,24,0.44954510779849
task2/b1_6-2-1-2,b1,6,2,1,2,omni-251,\text{No solutions},30,26002,0.16666666666666666,1.0,1.0,9,0.0,24,0.5515065206195963
task2/b1_6-2-1-2,b1,6,2,1,2,omni-643,\frac{9}{10},30,26266,0.2,1.0,1.0,15,0.0,24,0.19705741526385187
task2/b1_6-2-1-2,b1,6,2,1,2,omni-1457,"There are two families of answers: (a) $a_{n}=c(n+2) n!$ for all $n \geq 1$ and $a_{0}=c+1$ for some integer $c \geq 2014$, and (b) $a_{n}=c(n+2) n!$ for all $n \geq 1$ and $a_{0}=c-1$ for some integer $c \geq 2016$.",30,20132,0.1,1.0,1.0,22,0.0,24,0.5249338691350888
task2/b1_6-2-1-2,b1,6,2,1,2,omni-1677,\frac{55}{81},30,21449,0.0,0.0,0.0,19,0.0,24,0.4882470425098803
task2/b1_8-4-2-2,b1,8,4,2,2,omni-3155,n=2^k-1 \text{ for some integer } k\geq 1,136,68917,0.0,0.0,0.0,13,0.007352941176470588,128,0.5343884412354062
task2/b1_8-4-2-2,b1,8,4,2,2,omni-3904,"f(x) = C, \quad f(x) = \pm x + C, \quad \text{or} \quad f(x) = \pm x^3 + C",136,74124,0.0,0.0,0.0,23,0.0,128,0.5375987004817552
task2/b1_8-4-2-2,b1,8,4,2,2,omni-2052,-\frac{1}{2},136,34949,0.9558823529411765,1.0,1.0,4,0.0,128,0.6082782558638767
task2/b1_8-4-2-2,b1,8,4,2,2,omni-824,2005^{1002} / 2004!,136,54370,0.11764705882352941,1.0,1.0,18,0.0,128,0.5759526118661734
task2/b1_8-4-2-2,b1,8,4,2,2,omni-2133,2017,136,25576,0.8014705882352942,1.0,1.0,6,0.0,128,0.6200274600159343
task2/b1_8-4-2-2,b1,8,4,2,2,omni-1998,\frac{5}{12},136,53165,0.0,0.0,0.0,31,0.0,128,0.5629751144930761
task2/b1_8-4-2-2,b1,8,4,2,2,omni-747,477,136,36909,0.0,0.0,0.0,11,0.0,128,0.4878801029870668
task2/b1_8-4-2-2,b1,8,4,2,2,omni-1022,1/2,136,74888,0.029411764705882353,1.0,1.0,38,0.0,128,0.6011412155270569
task2/b1_8-4-2-2,b1,8,4,2,2,omni-2597,13,136,93930,0.058823529411764705,1.0,1.0,23,0.014705882352941176,128,0.5171184438038487
task2/b1_8-4-2-2,b1,8,4,2,2,omni-3903,"2, 128, 2000",136,77854,0.0,0.0,0.0,23,0.0,128,0.5398200960148267
task2/b1_8-4-2-2,b1,8,4,2,2,omni-4297,\text{Yes},136,57830,0.19117647058823528,1.0,1.0,2,0.0,128,0.5097362580640553
task2/b1_8-4-2-2,b1,8,4,2,2,omni-4035,\text{Further combinatorial analysis required},136,47377,0.0,0.0,0.0,66,0.0,128,0.5999119518112971
task2/b1_8-4-2-2,b1,8,4,2,2,omni-1990,1481480,136,109299,0.0,0.0,0.0,63,0.0,128,0.5125044321446924
task2/b1_8-4-2-2,b1,8,4,2,2,omni-3490,8n,136,23298,1.0,1.0,0.0,1,0.0,128,0.5308401685726624
task2/b1_8-4-2-2,b1,8,4,2,2,omni-1019,\frac{11}{4},136,87465,0.0,0.0,0.0,53,0.0,128,0.5093961391685812
task2/b1_8-4-2-2,b1,8,4,2,2,omni-177,"\[ n = 2^{a+1} + 2^b, \quad a, b \ge 0 \]

Alternatively, this condition can be expressed as either \( n = 2^k, \, k \ge 2 \) or \( n \) is the sum of two distinct powers of 2.",136,48810,0.0,0.0,0.0,33,0.0,128,0.49761873121767686
task2/b1_8-4-2-2,b1,8,4,2,2,omni-3486,131,136,34822,1.0,1.0,0.0,1,0.0,128,0.5299925129080469
task2/b1_8-4-2-2,b1,8,4,2,2,omni-3572,"(0, 0, 0)",136,58917,0.9264705882352942,1.0,1.0,9,0.0,128,0.5533515637105004
task2/b1_8-4-2-2,b1,8,4,2,2,omni-2937,15,136,21599,0.8308823529411765,1.0,1.0,3,0.0,128,0.6463234530192182
task2/b1_8-4-2-2,b1,8,4,2,2,omni-4337,1,136,55848,0.9852941176470589,1.0,1.0,3,0.0,128,0.5276299635590866
task2/b1_8-4-2-2,b1,8,4,2,2,omni-4166,\text{yes},136,43957,0.7205882352941176,1.0,1.0,4,0.0,128,0.5306336172901328
task2/b1_8-4-2-2,b1,8,4,2,2,omni-647,4,136,53320,0.8455882352941176,1.0,1.0,4,0.0,128,0.4940813215703409
task2/b1_8-4-2-2,b1,8,4,2,2,omni-2358,10,136,71414,0.014705882352941176,1.0,1.0,25,0.0,128,0.5966794152632394
task2/b1_8-4-2-2,b1,8,4,2,2,omni-1575,516,136,35157,0.0,0.0,0.0,32,0.0,128,0.5631311902655177
task2/b1_8-4-2-2,b1,8,4,2,2,omni-3295,\[ k \neq 1 \],136,54976,0.08088235294117647,1.0,1.0,29,0.0,128,0.5064464122652281
task2/b1_8-4-2-2,b1,8,4,2,2,omni-3656,"(a, b, p, n) = (2^k, 2^k, 2, 2013k + 1)",136,56365,0.058823529411764705,1.0,1.0,56,0.0,128,0.5477370086290265
task2/b1_8-4-2-2,b1,8,4,2,2,omni-3824,(-1)^n 2^{n-1} d^n (2a + nd),136,58673,0.0,0.0,0.0,41,0.0,128,0.5844412928043798
task2/b1_8-4-2-2,b1,8,4,2,2,omni-3420,Tuesday,136,28210,0.8014705882352942,1.0,1.0,7,0.0,128,0.572669469101021
task2/b1_8-4-2-2,b1,8,4,2,2,omni-974,1-\ln (e-1),136,49735,0.029411764705882353,1.0,1.0,9,0.0,128,0.5295893709961332
task2/b1_8-4-2-2,b1,8,4,2,2,omni-666,\pi / 2,136,59645,0.6911764705882353,1.0,1.0,12,0.0,128,0.48324051823376996
task2/b1_8-4-2-2,b1,8,4,2,2,omni-2843,24,136,89029,0.014705882352941176,1.0,1.0,38,0.0,128,0.534695926425571
task2/b1_8-4-2-2,b1,8,4,2,2,omni-2127,\frac{8}{17},136,54789,0.0,0.0,0.0,23,0.007352941176470588,128,0.5645954686811906
task2/b1_8-4-2-2,b1,8,4,2,2,omni-4406,"{x=m\pi-\frac{\pi}{4}\ ,\ m\in Z}",136,69435,0.0,0.0,0.0,66,0.0,128,0.5616662375420042
task2/b1_8-4-2-2,b1,8,4,2,2,omni-2731,15,136,33660,0.41911764705882354,1.0,1.0,7,0.0,128,0.6593723516467225
task2/b1_8-4-2-2,b1,8,4,2,2,omni-1342,2013^{4025},136,45616,0.0,0.0,0.0,25,0.0,128,0.5364921039530429
task2/b1_8-4-2-2,b1,8,4,2,2,omni-3916,\lceil \log_a d \rceil,136,45984,0.0,0.0,0.0,11,0.0,128,0.5624851407495954
task2/b1_8-4-2-2,b1,8,4,2,2,omni-3302,The game is winnable if and only if \( n > k \ge 2 \).,136,38839,0.0,0.0,0.0,26,0.0,128,0.5125719746275091
task2/b1_8-4-2-2,b1,8,4,2,2,omni-2761,15,136,35787,0.3014705882352941,1.0,1.0,19,0.0,128,0.5401367272971896
task2/b1_8-4-2-2,b1,8,4,2,2,omni-2744,24,136,67008,0.0,0.0,0.0,6,0.0,128,0.5241327277699932
task2/b1_8-4-2-2,b1,8,4,2,2,omni-3152,24,136,14933,1.0,1.0,0.0,1,0.0,128,0.5889101037209455
task2/b1_8-4-2-2,b1,8,4,2,2,omni-1779,5994,136,82205,0.007352941176470588,1.0,1.0,103,0.0,128,0.585285997928996
task2/b1_8-4-2-2,b1,8,4,2,2,omni-2936,2.2,136,32363,0.0,0.0,0.0,7,0.0,128,0.5050606024871107
task2/b1_8-4-2-2,b1,8,4,2,2,omni-1768,6,136,24914,0.0,0.0,0.0,2,0.0,128,0.5899981169050814
task2/b1_8-4-2-2,b1,8,4,2,2,omni-3996,121,136,59665,0.0,0.0,0.0,54,0.0,128,0.526291222039834
task2/b1_8-4-2-2,b1,8,4,2,2,omni-4084,2^{n+1} - 2,136,32940,0.0,0.0,0.0,22,0.0,128,0.6308165196858885
task2/b1_8-4-2-2,b1,8,4,2,2,omni-2104,974,136,43529,0.11764705882352941,1.0,1.0,62,0.0,128,0.6195564221773178
task2/b1_8-4-2-2,b1,8,4,2,2,omni-332,Cathy can win if and only if \( n \leq 2^{k-1} \).,136,42258,0.0,0.0,0.0,23,0.0,128,0.5237367268091702
task2/b1_8-4-2-2,b1,8,4,2,2,omni-4136,"(x,y) = (11,1), (49,1), (7t^2,7t), t \text{ is an interge}",136,77526,0.0,0.0,0.0,25,0.0,128,0.5959820078627365
task2/b1_8-4-2-2,b1,8,4,2,2,omni-3492,60 \mathrm{~g},136,15310,0.8529411764705882,1.0,1.0,2,0.0,128,0.600648822034816
task2/b1_8-4-2-2,b1,8,4,2,2,omni-1,1,136,29202,0.6764705882352942,1.0,1.0,2,0.0,128,0.6212989732825336
task2/b1_8-4-2-2,b1,8,4,2,2,omni-3342,39601,136,62486,0.0,0.0,0.0,29,0.0,128,0.6214001178094726
task2/b1_8-4-2-2,b1,8,4,2,2,omni-454,132,136,23380,1.0,1.0,0.0,1,0.0,128,0.5648817419543342
task2/b1_8-4-2-2,b1,8,4,2,2,omni-2889,26,136,32520,0.9926470588235294,1.0,1.0,2,0.0,128,0.5119077818801928
task2/b1_8-4-2-2,b1,8,4,2,2,omni-165,\[ 1 \],136,47126,0.5882352941176471,1.0,1.0,9,0.0,128,0.6102271965116921
task2/b1_8-4-2-2,b1,8,4,2,2,omni-4016,"110,143,242,341,440,164,263,362,461,560,198,297,396,495,594,693,792,891,990",136,140826,0.0,0.0,0.0,87,0.007352941176470588,128,0.5245340840940153
task2/b1_8-4-2-2,b1,8,4,2,2,omni-2406,60,136,45709,0.022058823529411766,1.0,1.0,10,0.0,128,0.6229368697883392
task2/b1_8-4-2-2,b1,8,4,2,2,omni-2920,64,136,16524,0.9485294117647058,1.0,1.0,5,0.0,128,0.5764493609657213
task2/b1_8-4-2-2,b1,8,4,2,2,omni-1881,1516,136,80513,0.007352941176470588,1.0,1.0,58,0.0,128,0.5541988468868246
task2/b1_8-4-2-2,b1,8,4,2,2,omni-3489,113,136,50430,0.022058823529411766,1.0,1.0,17,0.014705882352941176,128,0.47511096504161127
task2/b1_8-4-2-2,b1,8,4,2,2,omni-3659,501,136,34333,0.04411764705882353,1.0,1.0,4,0.0,128,0.5849896810207693
task2/b1_8-4-2-2,b1,8,4,2,2,omni-2887,32,136,56986,0.9779411764705882,1.0,1.0,3,0.0,128,0.042020769233029165
task2/b1_8-4-2-2,b1,8,4,2,2,omni-81,\frac{97 \sqrt{2} + 40 \sqrt{3}}{15},136,57073,0.0,0.0,0.0,56,0.0,128,0.5686214276997399
task2/b1_8-4-2-2,b1,8,4,2,2,omni-1009,4,136,24996,0.0,0.0,0.0,11,0.0,128,0.5776072581610805
task2/b1_8-4-2-2,b1,8,4,2,2,omni-3445,2004,136,46875,0.5367647058823529,1.0,1.0,10,0.0,128,0.5488755428266704
task2/b1_8-4-2-2,b1,8,4,2,2,omni-2933,42,136,24092,1.0,1.0,0.0,1,0.0,128,0.601862573467744
task2/b1_8-4-2-2,b1,8,4,2,2,omni-4362,\text{No},136,65170,0.8970588235294118,1.0,1.0,2,0.0,128,0.4788715121001407
task2/b1_8-4-2-2,b1,8,4,2,2,omni-2898,16,136,17334,1.0,1.0,0.0,2,0.0,128,0.5323018547411983
task2/b1_8-4-2-2,b1,8,4,2,2,omni-510,\frac{13}{30},136,37301,0.0,0.0,0.0,14,0.0,128,0.6318711383420877
task2/b1_8-4-2-2,b1,8,4,2,2,omni-2664,4180,136,34389,1.0,1.0,0.0,1,0.0,128,0.5053609494531508
task2/b1_8-4-2-2,b1,8,4,2,2,omni-659,6,136,50214,0.5882352941176471,1.0,1.0,7,0.0,128,0.6282276711552498
task2/b1_8-4-2-2,b1,8,4,2,2,omni-2725,15,136,20145,1.0,1.0,0.0,1,0.0,128,0.6369289239476787
task2/b1_8-4-2-2,b1,8,4,2,2,omni-1983,\frac{4}{\sqrt{5}} \text{ OR } \frac{4 \sqrt{5}}{5},136,67436,0.0,0.0,0.0,2,0.007352941176470588,128,0.6051187050345073
task2/b1_8-4-2-2,b1,8,4,2,2,omni-565,52,136,52688,0.0,0.0,0.0,16,0.03676470588235294,128,0.5234131907027215
task2/b1_8-4-2-2,b1,8,4,2,2,omni-2257,\frac{\sqrt{6}}{2},136,73779,0.0,0.0,0.0,10,0.0,128,0.565292552255499
task2/b1_8-4-2-2,b1,8,4,2,2,omni-2927,4.309,136,17664,1.0,1.0,0.0,1,0.0,128,0.6172551374961858
task2/b1_8-4-2-2,b1,8,4,2,2,omni-132,\text{There are infinitely many positive integers } n \text{ such that } d(n!) - 1 \text{ is a composite number.},136,64633,0.6691176470588235,1.0,1.0,13,0.007352941176470588,128,0.4633957200166558
task2/b1_8-4-2-2,b1,8,4,2,2,omni-509,96,136,30609,0.0,0.0,0.0,8,0.0,128,0.6059937981152153
task2/b1_8-4-2-2,b1,8,4,2,2,omni-1544,\frac{1}{2},136,65954,0.875,1.0,1.0,8,0.0,128,0.5485741763454565
task2/b1_8-4-2-2,b1,8,4,2,2,omni-1594,"n=6, 66, 946",136,88876,0.0,0.0,0.0,38,0.0,128,0.47919605576633756
task2/b1_8-4-2-2,b1,8,4,2,2,omni-831,\frac{41}{512},136,66592,0.0,0.0,0.0,26,0.0,128,0.5647440673181384
task2/b1_8-4-2-2,b1,8,4,2,2,omni-1477,4018,136,73380,0.10294117647058823,1.0,1.0,63,0.08088235294117647,128,0.5229138006458207
task2/b1_8-4-2-2,b1,8,4,2,2,omni-3852,{\frac{n(n+1)(2n+1)}{6}},136,38286,0.0,0.0,0.0,15,0.0,128,0.5260403067195428
task2/b1_8-4-2-2,b1,8,4,2,2,omni-2053,71.8,136,35712,0.0,0.0,0.0,19,0.0,128,0.5172063948995348
task2/b1_8-4-2-2,b1,8,4,2,2,omni-2551,72^{\circ},136,21828,0.9338235294117647,1.0,1.0,5,0.0,128,0.5163726832530957
task2/b1_8-4-2-2,b1,8,4,2,2,omni-2751,8,136,47920,0.9191176470588235,1.0,1.0,3,0.0,128,0.5356091071656492
task2/b1_8-4-2-2,b1,8,4,2,2,omni-2942,113,136,25803,0.0,0.0,0.0,7,0.0,128,0.5883504956942072
task2/b1_8-4-2-2,b1,8,4,2,2,omni-2739,8,136,23690,1.0,1.0,0.0,1,0.0,128,0.5484312195534065
task2/b1_8-4-2-2,b1,8,4,2,2,omni-3426,a^{2}<a<rac{1}{a},136,32290,0.0,0.0,0.0,19,0.0,128,0.5229096105205612
task2/b1_8-4-2-2,b1,8,4,2,2,omni-4321,\text{Yes},136,21491,0.007352941176470588,1.0,1.0,2,0.0,128,0.5385391585497857
task2/b1_8-4-2-2,b1,8,4,2,2,omni-408,15,136,45637,0.0,0.0,0.0,18,0.007352941176470588,128,0.5902352979199877
task2/b1_8-4-2-2,b1,8,4,2,2,omni-27,"(2, 6), (2^k - 1, 2), (1, n) \text{ for any } n \ge 1",136,43061,0.25735294117647056,1.0,1.0,53,0.0,128,0.5447473659186866
task2/b1_8-4-2-2,b1,8,4,2,2,omni-1626,21,136,107762,0.08823529411764706,1.0,1.0,27,0.0,128,0.5455046720790604
task2/b1_8-4-2-2,b1,8,4,2,2,omni-178,"\[
\boxed{\frac{\pi}{4}}
\]",136,47014,0.0,0.0,0.0,4,0.0,128,0.524249386609692
task2/b1_8-4-2-2,b1,8,4,2,2,omni-942,673,136,63168,0.10294117647058823,1.0,1.0,41,0.0,128,0.5370601296929753
task2/b1_8-4-2-2,b1,8,4,2,2,omni-2578,33725,136,70126,0.0,0.0,0.0,43,0.0,128,0.4977320347832038
task2/b1_8-4-2-2,b1,8,4,2,2,omni-1460,\frac{25}{49},136,60630,0.0,0.0,0.0,13,0.0,128,0.5347339452948531
task2/b1_8-4-2-2,b1,8,4,2,2,omni-2764,\frac{89}{243},136,49429,0.0,0.0,0.0,47,0.0,128,0.5594867843789785
task2/b1_8-4-2-2,b1,8,4,2,2,omni-1224,61,136,63529,0.0,0.0,0.0,44,0.0,128,0.5463552197476513
task2/b1_8-4-2-2,b1,8,4,2,2,omni-1963,\frac{1}{1006},136,44365,0.7205882352941176,1.0,1.0,5,0.0,128,0.5601700710250511
task2/b1_8-4-2-2,b1,8,4,2,2,omni-2691,232,136,21569,1.0,1.0,0.0,1,0.0,128,0.5468668529497381
task2/b1_8-4-2-2,b1,8,4,2,2,omni-2815,-36,136,56114,1.0,1.0,0.0,1,0.0,128,0.507610734776542
task2/b1_8-4-2-2,b1,8,4,2,2,omni-1275,\frac{1}{1-x},136,47107,0.9485294117647058,1.0,1.0,3,0.014705882352941176,128,0.5259997623500946
task2/b1_8-4-2-2,b1,8,4,2,2,omni-64,\text{No such } n \text{ exists},136,79027,0.0,0.0,0.0,28,0.007352941176470588,128,0.4742109362570511
task2/b1_8-4-2-2,b1,8,4,2,2,omni-3465,39\%,136,69675,0.0,0.0,0.0,13,0.051470588235294115,128,0.5000944877156895
task2/b1_8-4-2-2,b1,8,4,2,2,omni-226,\frac{1}{x^2},136,67258,0.6397058823529411,1.0,1.0,19,0.0,128,0.5630489170276597
task2/b1_8-4-2-2,b1,8,4,2,2,omni-857,80,136,63929,0.007352941176470588,1.0,1.0,17,0.0,128,0.5365229208919894
task2/b1_8-4-2-2,b1,8,4,2,2,omni-1215,120,136,25948,0.8529411764705882,1.0,1.0,2,0.0,128,0.5213643033912426
task2/b1_8-4-2-2,b1,8,4,2,2,omni-1654,10201,136,44211,0.2647058823529412,1.0,1.0,17,0.007352941176470588,128,0.5189308209287118
task2/b1_8-4-2-2,b1,8,4,2,2,omni-1277,43,136,52271,0.0,0.0,0.0,24,0.03676470588235294,128,0.530320977760159
task2/b1_8-4-2-2,b1,8,4,2,2,omni-2461,51,136,49779,0.029411764705882353,1.0,1.0,11,0.0,128,0.5539883009675566
task2/b1_8-4-2-2,b1,8,4,2,2,omni-3131,18\%,136,26949,1.0,1.0,0.0,2,0.0,128,0.6112013583787866
task2/b1_8-4-2-2,b1,8,4,2,2,omni-1688,2^{2009},136,39564,0.5808823529411765,1.0,1.0,7,0.0,128,0.553076140792349
task2/b1_8-4-2-2,b1,8,4,2,2,omni-1490,139,136,115415,0.0,0.0,0.0,33,0.0,128,0.5548185917679938
task2/b1_8-4-2-2,b1,8,4,2,2,omni-3147,\frac{19}{35},136,35040,0.0,0.0,0.0,15,0.0,128,0.5949318071344727
task2/b1_8-4-2-2,b1,8,4,2,2,omni-294,"The real roots of the equation \(x^4-(2\cdot10^{10}+1)x^2-x+10^{20}+10^{10}-1=0\) correct to four decimal places are approximately:
\[ x_1 \approx 10^5 - \frac{1 - \sqrt{1 + 4(10^5 + 1)}}{2 \cdot 2 \cdot 10^5} \]
\[ x_2 \approx 10^5 + \frac{1 + \sqrt{1 + 4(10^5 + 1)}}{2 \cdot 2 \cdot 10^5} \]

Given the approximations:
\[ x_1 \approx 99999.5000 \]
\[ x_2 \approx 100000.5000 \]",136,73918,0.0,0.0,0.0,46,0.022058823529411766,128,0.5581719929207482
task2/b1_8-4-2-2,b1,8,4,2,2,omni-3368,60,136,42732,0.0,0.0,0.0,17,0.0,128,0.6112463696282103
task2/b1_8-4-2-2,b1,8,4,2,2,omni-265,"\[
|S| \ge 8
\]",136,60539,0.0,0.0,0.0,12,0.0,128,0.5734270429885768
task2/b1_8-4-2-2,b1,8,4,2,2,omni-909,56,136,27181,0.6838235294117647,1.0,1.0,8,0.0,128,0.5869909075940597
task2/b1_8-4-2-2,b1,8,4,2,2,omni-995,p=2 \text{ and } p \equiv 3(\bmod 4),136,69340,0.0,0.0,0.0,15,0.0,128,0.5089493039829587
task2/b1_8-4-2-2,b1,8,4,2,2,omni-617,\frac{\ln 7}{4},136,110470,0.029411764705882353,1.0,1.0,70,0.0,128,0.5513520122116622
task2/b1_8-4-2-2,b1,8,4,2,2,omni-765,1024,136,18727,0.0,0.0,0.0,4,0.0,128,0.5814607004958767
task2/b1_8-4-2-2,b1,8,4,2,2,omni-3457,7x+4,136,38624,0.0,0.0,0.0,4,0.0,128,0.5743434059324032
task2/b1_8-4-2-2,b1,8,4,2,2,omni-3531,"\frac{5}{2}, 3, \sqrt{10}",136,21295,1.0,1.0,0.0,2,0.0,128,0.5892320917835141
task2/b1_8-4-2-2,b1,8,4,2,2,omni-576,e^{e}-1,136,54689,0.0,0.0,0.0,12,0.0,128,0.5453397439286676
task2/b1_8-4-2-2,b1,8,4,2,2,omni-1888,\frac{2}{9},136,44780,0.0,0.0,0.0,8,0.0,128,0.5493016139763441
task2/b1_8-4-2-2,b1,8,4,2,2,omni-58,\text{Every sufficiently large number appears in the sequence},136,49064,0.0,0.0,0.0,19,0.0,128,0.49582329172217754
task2/b1_8-4-2-2,b1,8,4,2,2,omni-331,There are no polynomials of degree 1 with rational coefficients that satisfy the given conditions.,136,33756,0.0,0.0,0.0,29,0.0,128,0.511044660641193
task2/b1_8-4-2-2,b1,8,4,2,2,omni-1789,76,136,52889,0.9044117647058824,1.0,1.0,3,0.0,128,0.5878195062029473
task2/b1_8-4-2-2,b1,8,4,2,2,omni-1203,30212,136,44780,0.0,0.0,0.0,19,0.014705882352941176,128,0.5186031862887123
task2/b1_8-4-2-2,b1,8,4,2,2,omni-3556,946,136,84690,0.0,0.0,0.0,42,0.04411764705882353,128,0.5541000263621876
task2/b1_8-4-2-2,b1,8,4,2,2,omni-115,45^\circ,136,60452,0.9191176470588235,1.0,1.0,3,0.0,128,0.5996304754367078
task2/b1_8-4-2-2,b1,8,4,2,2,omni-515,\frac{11}{65},136,77742,0.014705882352941176,1.0,1.0,16,0.0,128,0.582485539888235
task2/b1_8-4-2-2,b1,8,4,2,2,omni-2621,540,136,46024,0.41911764705882354,1.0,1.0,17,0.0,128,0.573426399155276
task2/b1_8-4-2-2,b1,8,4,2,2,omni-4426,"\text{Kolya wins if Dima starts, and Dima wins if Kolya starts.}",136,49153,0.0,0.0,0.0,12,0.0,128,0.4869115481472635
task2/b1_8-4-2-2,b1,8,4,2,2,omni-2378,\frac{80\sqrt{3}}{9},136,28992,0.9338235294117647,1.0,1.0,7,0.0,128,0.5351894122149584
task2/b1_8-4-2-2,b1,8,4,2,2,omni-735,4 \cdot 3^{2011},136,46255,0.16176470588235295,1.0,1.0,42,0.007352941176470588,128,0.6101918206165817
task2/b1_8-4-2-2,b1,8,4,2,2,omni-4274,\text{Alice},136,48249,0.6838235294117647,1.0,1.0,3,0.0,128,0.5031759725883461
task2/b1_8-4-2-2,b1,8,4,2,2,omni-674,50,136,27877,0.0,0.0,0.0,8,0.0,128,0.5979666939558765
task2/b1_8-4-2-2,b1,8,4,2,2,omni-2220,65,136,47435,0.0,0.0,0.0,32,0.0,128,0.5960459886121692
task2/b1_8-4-2-2,b1,8,4,2,2,omni-1198,93,136,51045,0.0,0.0,0.0,15,0.0,128,0.5305134193317456
task2/b1_8-4-2-2,b1,8,4,2,2,omni-980,17,136,36476,0.0,0.0,0.0,28,0.0,128,0.5556644889263307
task2/b1_8-4-2-2,b1,8,4,2,2,omni-1515,34,136,79673,0.0,0.0,0.0,9,0.0,128,0.5074625227228183
task2/b1_8-4-2-2,b1,8,4,2,2,omni-2129,252,136,67882,0.022058823529411766,1.0,1.0,21,0.007352941176470588,128,0.5808777428436205
task2/b1_8-4-2-2,b1,8,4,2,2,omni-4125,(n-2)2^n + 1,136,45148,0.0,0.0,0.0,13,0.0,128,0.5587469306913756
task2/b1_8-4-2-2,b1,8,4,2,2,omni-1387,-9+3\sqrt{13},136,67934,0.0,0.0,0.0,10,0.0,128,0.5940297486367657
task2/b1_8-4-2-2,b1,8,4,2,2,omni-960,90,136,53471,0.014705882352941176,1.0,1.0,12,0.0,128,0.5202911400098164
task2/b1_8-4-2-2,b1,8,4,2,2,omni-2925,600,136,36930,0.0,0.0,0.0,4,0.0,128,0.5085492154539462
task2/b1_8-4-2-2,b1,8,4,2,2,omni-374,\[ MA \cdot NA + MB \cdot NB + MC \cdot NC \geq MD \cdot ND \],136,88510,0.7352941176470589,1.0,1.0,16,0.0,128,0.4884271553739741
task2/b1_8-4-2-2,b1,8,4,2,2,omni-1084,2 \sqrt[4]{6},136,47706,0.0,0.0,0.0,13,0.0,128,0.5862201969726015
task2/b1_8-4-2-2,b1,8,4,2,2,omni-1311,45,136,50386,0.0,0.0,0.0,8,0.0,128,0.5938416606607273
task2/b1_8-4-2-2,b1,8,4,2,2,omni-383,6,136,17873,0.0,0.0,0.0,2,0.0,128,0.5254536468990729
task2/b1_8-4-2-2,b1,8,4,2,2,omni-3991,$\frac{13}{4}$,136,50258,0.0,0.0,0.0,2,0.0,128,0.5629961980631113
task2/b1_8-4-2-2,b1,8,4,2,2,omni-3400,160,136,23234,0.9852941176470589,1.0,1.0,2,0.0,128,0.5788622889836941
task2/b1_8-4-2-2,b1,8,4,2,2,omni-1749,47,136,96716,0.08823529411764706,1.0,1.0,26,0.0,128,0.5214297718828773
task2/b1_8-4-2-2,b1,8,4,2,2,omni-2477,\binom{34}{9},136,44438,0.22058823529411764,1.0,1.0,15,0.0,128,0.5210417620220823
task2/b1_8-4-2-2,b1,8,4,2,2,omni-2250,\frac{3}{10},136,39850,0.0,0.0,0.0,41,0.0,128,0.5504436377057218
task2/b1_8-4-2-2,b1,8,4,2,2,omni-1265,\frac{\binom{4030}{2016}}{2^{4030}},136,45870,0.007352941176470588,1.0,1.0,28,0.0,128,0.5988374554365348
task2/b1_8-4-2-2,b1,8,4,2,2,omni-3005,19,136,35499,0.9926470588235294,1.0,1.0,2,0.0,128,0.5929005937009039
task2/b1_8-4-2-2,b1,8,4,2,2,omni-1702,n=3,136,59281,0.9117647058823529,1.0,1.0,8,0.0,128,0.5272560269581588
task2/b1_8-4-2-2,b1,8,4,2,2,omni-3008,7,136,24872,0.0,0.0,0.0,17,0.0,128,0.5124388083137706
task2/b1_8-4-2-2,b1,8,4,2,2,omni-2371,18.5285921,136,54631,0.0,0.0,0.0,45,0.0,128,0.01514331540148455
task2/b1_8-4-2-2,b1,8,4,2,2,omni-395,"6,-\frac{10}{3}",136,58065,0.3602941176470588,1.0,1.0,4,0.0,128,0.6414493754736413
task2/b1_8-4-2-2,b1,8,4,2,2,omni-2451,109368,136,40910,0.014705882352941176,1.0,1.0,114,0.0,128,0.536491433120622
task2/b1_8-4-2-2,b1,8,4,2,2,omni-1018,"1, 2, 3, 4",136,69162,0.20588235294117646,1.0,1.0,18,0.0,128,0.5381753477615893
task2/b1_8-4-2-2,b1,8,4,2,2,omni-1364,\frac{7}{2},136,42295,0.3161764705882353,1.0,1.0,4,0.0,128,0.5704532958660987
task2/b1_8-4-2-2,b1,8,4,2,2,omni-803,1,136,24035,1.0,1.0,0.0,1,0.0,128,0.5779159091129167
task2/b1_8-4-2-2,b1,8,4,2,2,omni-685,\begin{tabular}{ll} 00000000 & 00110101 \ 11001010 & 10011110 \ 11100001 & 01101011 \ 11010100 & 01100110 \ 10111001 & 10010011 \ 01111100 & 11001101 \ 00111010 & 10101100 \ 01010111 & 11110010 \ 00001111 & 01011001 \ 10100111 & 11111111 \ \end{tabular},136,41798,0.0,0.0,0.0,4,0.0,128,0.5422879153306319
task2/b1_8-4-2-2,b1,8,4,2,2,omni-4307,"(m, n) = (36, 6)",136,71145,0.0,0.0,0.0,27,0.007352941176470588,128,0.5736559918752314
task2/b1_8-4-2-2,b1,8,4,2,2,omni-1621,89,136,58344,0.029411764705882353,1.0,1.0,31,0.007352941176470588,128,0.5661652123946918
task2/b1_8-4-2-2,b1,8,4,2,2,omni-3325,2015.318180 \ldots,136,66701,0.0,0.0,0.0,36,0.0,128,0.5884559278587865
task2/b1_8-4-2-2,b1,8,4,2,2,omni-79,18,136,43493,0.0,0.0,0.0,7,0.0,128,0.586856088131628
task2/b1_8-4-2-2,b1,8,4,2,2,omni-3104,120,136,20294,1.0,1.0,0.0,1,0.0,128,0.5822344574897216
task2/b1_8-4-2-2,b1,8,4,2,2,omni-125,"\left( \frac{1}{n+1}, \frac{1}{n+1}, \ldots, \frac{1}{n+1} \right)",136,57818,0.014705882352941176,1.0,1.0,14,0.0,128,0.5422541201749366
task2/b1_8-4-2-2,b1,8,4,2,2,omni-4340,\text{No},136,38328,0.022058823529411766,1.0,1.0,2,0.0,128,0.45138175627256283
task2/b1_8-4-2-2,b1,8,4,2,2,omni-2372,\frac{45}{14},136,63116,0.0,0.0,0.0,46,0.0,128,0.5785366385480103
task2/b1_8-4-2-2,b1,8,4,2,2,omni-4152,1,136,52448,0.029411764705882353,1.0,1.0,9,0.0,128,0.48599371347464254
task2/b1_8-4-2-2,b1,8,4,2,2,omni-3143,"f(x) = cx^d, c,d > 0, c=1 \text{ if } d=1",136,59164,0.0,0.0,0.0,34,0.0,128,0.6058157083915938
task2/b1_8-4-2-2,b1,8,4,2,2,omni-3943,3^{100},136,35241,0.029411764705882353,1.0,1.0,10,0.0,128,0.5361506109004274
task2/b1_8-4-2-2,b1,8,4,2,2,omni-288,The area of triangle $OO_1O_2$ is minimized if $CX \perp AB$.,136,43032,0.0,0.0,0.0,18,0.0,128,0.49215538078531657
task2/b1_8-4-2-2,b1,8,4,2,2,omni-1087,1+\sqrt{2}+\sqrt{6},136,52644,0.04411764705882353,1.0,1.0,15,0.0,128,0.5760078873345682
task2/b1_8-4-2-2,b1,8,4,2,2,omni-492,3,136,42169,0.007352941176470588,1.0,1.0,21,0.0,128,0.6078977540396149
task2/b1_8-4-2-2,b1,8,4,2,2,omni-1549,318,136,72301,0.0,0.0,0.0,40,0.0,128,0.5229373686771137
task2/b1_8-4-2-2,b1,8,4,2,2,omni-365,11,136,29155,0.0,0.0,0.0,1,0.0,128,0.6049162878955572
task2/b1_8-4-2-2,b1,8,4,2,2,omni-4290,"(a, b, c) = (10, 10, 1), (10, 1, 10), (1, 10, 10)",136,120306,0.125,1.0,1.0,22,0.0,128,0.5403640900392229
task2/b1_8-4-2-2,b1,8,4,2,2,omni-688,"(1,1), (3,3)",136,48911,1.0,1.0,0.0,2,0.0,128,0.5717894723444057
task2/b1_8-4-2-2,b1,8,4,2,2,omni-3416,40 \text{ minutes},136,33440,0.0,0.0,0.0,20,0.0,128,0.5751311950348202
task2/b1_8-4-2-2,b1,8,4,2,2,omni-994,\frac{1999008}{1999012},136,45483,0.0,0.0,0.0,57,0.0,128,0.589054107158439
task2/b1_8-4-2-2,b1,8,4,2,2,omni-2996,rac{3}{8},136,20589,0.0,0.0,0.0,1,0.0,128,0.6190183257532836
task2/b1_8-4-2-2,b1,8,4,2,2,omni-2402,6,136,38523,0.0,0.0,0.0,20,0.0,128,0.5654559386801741
task2/b1_8-4-2-2,b1,8,4,2,2,omni-2121,13,136,76363,0.7794117647058824,1.0,1.0,12,0.0,128,0.5982258894605194
task2/b1_8-4-2-2,b1,8,4,2,2,omni-4134,k = \left\lfloor \sqrt{n - 1}\right\rfloor,136,48359,0.014705882352941176,1.0,1.0,16,0.0,128,0.5275528377401705
task2/b1_8-4-2-2,b1,8,4,2,2,omni-2540,3633,136,40709,0.0,0.0,0.0,18,0.0,128,0.5166215595242215
task2/b1_8-4-2-2,b1,8,4,2,2,omni-2590,5,136,38877,0.0,0.0,0.0,4,0.0,128,0.6081131063836865
task2/b1_8-4-2-2,b1,8,4,2,2,omni-764,60^{\circ},136,22127,0.014705882352941176,1.0,1.0,5,0.0,128,0.5269260168699069
task2/b1_8-4-2-2,b1,8,4,2,2,omni-1565,"(2,2),(3,3),(1,2),(2,3),(2,1),(3,2)",136,69926,0.007352941176470588,1.0,1.0,32,0.0,128,0.6221346936312941
task2/b1_8-4-2-2,b1,8,4,2,2,omni-4161,\text{All odd integers } n \geq 3.,136,51791,0.22794117647058823,1.0,1.0,33,0.0,128,0.5739924739981024
task2/b1_8-4-2-2,b1,8,4,2,2,omni-1664,n^{2}+c^{2}-nc-c,136,121797,0.0,0.0,0.0,36,0.19852941176470587,128,0.4881999986265923
task2/b1_8-4-2-2,b1,8,4,2,2,omni-1506,14034,136,50731,0.0,0.0,0.0,73,0.0,128,0.5423001304546934
task2/b1_8-4-2-2,b1,8,4,2,2,omni-1066,2^{32},136,63114,0.051470588235294115,1.0,1.0,55,0.0,128,0.5177895075151069
task2/b1_8-4-2-2,b1,8,4,2,2,omni-1929,28,136,76722,0.15441176470588236,1.0,1.0,43,0.0,128,0.5120010357432496
task2/b1_8-4-2-2,b1,8,4,2,2,omni-2656,109,136,65338,0.03676470588235294,1.0,1.0,22,0.0,128,0.4988066564051547
task2/b1_8-4-2-2,b1,8,4,2,2,omni-959,\frac{1}{8},136,32389,0.5441176470588235,1.0,1.0,15,0.0,128,0.582223095702967
task2/b1_8-4-2-2,b1,8,4,2,2,omni-1792,7521,136,55404,0.007352941176470588,1.0,1.0,51,0.0,128,0.5326482138651533
task2/b1_8-4-2-2,b1,8,4,2,2,omni-3204,\frac{480}{49},136,67364,0.0,0.0,0.0,12,0.0,128,0.5786789292231291
task2/b1_8-4-2-2,b1,8,4,2,2,omni-1014,31486,136,84548,0.0,0.0,0.0,92,0.0,128,0.609924279733356
task2/b1_8-4-2-2,b1,8,4,2,2,omni-573,\frac{5}{6},136,52831,0.125,1.0,1.0,8,0.0,128,0.5264671583203602
task2/b1_8-4-2-2,b1,8,4,2,2,omni-3826,120^\circ,136,48982,0.07352941176470588,1.0,1.0,7,0.0,128,0.5605833867215808
task2/b1_8-4-2-2,b1,8,4,2,2,omni-1666,8,136,29511,0.051470588235294115,1.0,1.0,7,0.0,128,0.5949403811990076
task2/b1_8-4-2-2,b1,8,4,2,2,omni-3623,150,136,58929,0.6838235294117647,1.0,1.0,8,0.0,128,0.5963605074344289
task2/b1_8-4-2-2,b1,8,4,2,2,omni-3183,No,136,57361,0.6691176470588235,1.0,1.0,2,0.0,128,0.5015029041607414
task2/b1_8-4-2-2,b1,8,4,2,2,omni-2300,"(p, q, r)=\left(\frac{2}{5}, \frac{3}{10}, \frac{3}{10}\right)",136,56702,0.0,0.0,0.0,4,0.007352941176470588,128,0.5576062632471368
task2/b1_8-4-2-2,b1,8,4,2,2,omni-2541,6,136,42980,0.19117647058823528,1.0,1.0,9,0.0,128,0.603634973238236
task2/b1_8-4-2-2,b1,8,4,2,2,omni-1961,2 \sqrt{30},136,47488,0.0,0.0,0.0,9,0.0,128,0.5848733859786396
task2/b1_8-4-2-2,b1,8,4,2,2,omni-1357,209,136,42617,0.03676470588235294,1.0,1.0,38,0.0,128,0.5605891719777308
task2/b1_8-4-2-2,b1,8,4,2,2,omni-0,1 + \left\lceil \frac{n}{2} \right\rceil,136,53084,0.0,0.0,0.0,11,0.0,128,0.5252998880792277
task2/b1_8-4-2-2,b1,8,4,2,2,omni-1540,1/2,136,64426,0.7426470588235294,1.0,1.0,5,0.0,128,0.5451776741701099
task2/b1_8-4-2-2,b1,8,4,2,2,omni-117,n \text{ must be odd},136,42524,0.007352941176470588,1.0,1.0,15,0.0,128,0.560221904855805
task2/b1_8-4-2-2,b1,8,4,2,2,omni-2293,168089,136,89697,0.0,0.0,0.0,73,0.0,128,0.42784272911460364
task2/b1_8-4-2-2,b1,8,4,2,2,omni-3710,\text{No},136,49595,0.9852941176470589,1.0,1.0,2,0.0,128,0.605648198064865
task2/b1_8-4-2-2,b1,8,4,2,2,omni-2280,9,136,46098,0.9264705882352942,1.0,1.0,5,0.0,128,0.6101794773412302
task2/b1_8-4-2-2,b1,8,4,2,2,omni-344,"\[
\frac{63}{64}
\]",136,33697,0.0,0.0,0.0,6,0.0,128,0.5826757759017988
task2/b1_8-4-2-2,b1,8,4,2,2,omni-3076,44,136,27084,1.0,1.0,0.0,1,0.0,128,0.5547475985201379
task2/b1_8-4-2-2,b1,8,4,2,2,omni-767,\binom{109}{10},136,61958,0.0,0.0,0.0,78,0.0,128,0.4829534990693657
task2/b1_8-4-2-2,b1,8,4,2,2,omni-2956,2,136,24770,0.022058823529411766,1.0,1.0,16,0.0,128,0.5446605536826383
task2/b1_8-4-2-2,b1,8,4,2,2,omni-2522,1205,136,41346,0.007352941176470588,1.0,1.0,69,0.0,128,0.5412677002005553
task2/b1_8-4-2-2,b1,8,4,2,2,omni-3397,y=-x+4,136,45701,0.03676470588235294,1.0,1.0,18,0.0,128,0.5346661497366967
task2/b1_8-4-2-2,b1,8,4,2,2,omni-3924,C \ge 2 \ln 2,136,51222,0.0,0.0,0.0,10,0.0,128,0.539980832192848
task2/b1_8-4-2-2,b1,8,4,2,2,omni-712,123+6\sqrt{119},136,66160,0.0,0.0,0.0,20,0.007352941176470588,128,0.5809544948136144
task2/b1_8-4-2-2,b1,8,4,2,2,omni-3226,27,136,26864,1.0,1.0,0.0,1,0.0,128,0.559723198428898
task2/b1_8-4-2-2,b1,8,4,2,2,omni-3017,1,136,18610,1.0,1.0,0.0,1,0.0,128,0.5561614839920651
task2/b1_8-4-2-2,b1,8,4,2,2,omni-3699,100902018,136,80156,0.0,0.0,0.0,37,0.007352941176470588,128,0.5798489770699945
task2/b1_8-4-2-2,b1,8,4,2,2,omni-3755,"{6,7,7.5,8,8.5,9,10}",136,63442,0.0,0.0,0.0,48,0.0,128,0.5956865547888531
task2/b1_8-4-2-2,b1,8,4,2,2,omni-3467,3,136,46610,0.11029411764705882,1.0,1.0,10,0.0,128,0.5843812600030679
task2/b1_8-4-2-2,b1,8,4,2,2,omni-2787,6,136,22996,1.0,1.0,0.0,1,0.0,128,0.5772283611433183
task2/b1_8-4-2-2,b1,8,4,2,2,omni-2411,\frac{20}{3},136,59335,0.0,0.0,0.0,11,0.0,128,0.5586891549899388
task2/b1_8-4-2-2,b1,8,4,2,2,omni-2708,7,136,23347,1.0,1.0,0.0,1,0.0,128,0.5397891258741777
task2/b1_8-4-2-2,b1,8,4,2,2,omni-4115,"$f(x)= 0,f(x)= 2-x, f(x)=-x$",136,53388,0.014705882352941176,1.0,1.0,15,0.0,128,0.6452678505992321
task2/b1_8-4-2-2,b1,8,4,2,2,omni-4386,\text{yes},136,45974,0.3897058823529412,1.0,1.0,2,0.0,128,0.519512100296091
task2/b1_8-4-2-2,b1,8,4,2,2,omni-2084,12,136,58636,0.125,1.0,1.0,17,0.0,128,0.6170903729360416
task2/b1_8-4-2-2,b1,8,4,2,2,omni-1341,581,136,101911,0.0,0.0,0.0,50,0.0,128,0.5716596157044883
task2/b1_8-4-2-2,b1,8,4,2,2,omni-3423,37.5\%,136,31762,0.051470588235294115,1.0,1.0,2,0.0,128,0.5007016251557325
task2/b1_8-4-2-2,b1,8,4,2,2,omni-3819,"f(x) = \begin{cases}
\frac{2}{2 - x}, & 0 \leq x < 2, \\
0, & x \geq 2.
\end{cases}",136,64536,0.9044117647058824,1.0,1.0,20,0.0,128,0.5629994106557814
task2/b1_8-4-2-2,b1,8,4,2,2,omni-2653,932,136,75783,0.0,0.0,0.0,28,0.0,128,0.5300353808095644
task2/b1_8-4-2-2,b1,8,4,2,2,omni-3827,f(x) = 0 \text{ and } f(x) = x - 1.,136,73672,0.0,0.0,0.0,9,0.0,128,0.4575836083001447
task2/b1_8-4-2-2,b1,8,4,2,2,omni-312,"The largest integer \( n \) such that there exist monic quadratic polynomials \( p_{1}(x), p_{2}(x), p_{3}(x) \) with integer coefficients so that for all integers \( i \in[1, n] \) there exists some \( j \in[1,3] \) and \( m \in \mathbb{Z} \) such that \( p_{j}(m)=i \) is \( \boxed{9} \).",136,54486,0.19117647058823528,1.0,1.0,11,0.0,128,0.5794320301972791
task2/b1_8-4-2-2,b1,8,4,2,2,omni-327,\[ 1979 \],136,32727,0.10294117647058823,1.0,1.0,16,0.0,128,0.6272809222092187
task2/b1_8-4-2-2,b1,8,4,2,2,omni-3441,10^{3} \text{ and } 10^{4},136,17811,0.9558823529411765,1.0,1.0,2,0.0,128,0.5559485061160278
task2/b1_8-4-2-2,b1,8,4,2,2,omni-3404,\frac{5}{12},136,28322,0.39705882352941174,1.0,1.0,11,0.0,128,0.609788362673239
task2/b1_8-4-2-2,b1,8,4,2,2,omni-246,\[\frac{(m+n)!}{(m-n)!} = \prod_{i=1}^{n}\left(m^{2}+m-i^{2}+i\right)\],136,76318,1.0,1.0,0.0,2,0.0,128,0.4560534495529734
task2/b1_8-4-2-2,b1,8,4,2,2,omni-2943,3,136,31296,1.0,1.0,0.0,1,0.0,128,0.5377702320743678
task2/b1_8-4-2-2,b1,8,4,2,2,omni-577,"(16,4,1),(1,16,4)",136,107476,0.0,0.0,0.0,43,0.0,128,0.5431781269939298
task2/b1_8-4-2-2,b1,8,4,2,2,omni-3023,9,136,32814,0.9044117647058824,1.0,1.0,5,0.0,128,0.6425548072650259
task2/b1_8-4-2-2,b1,8,4,2,2,omni-4188,$\text { We conclude that } I\star (M\star O) = (O\star I)\star M \text { if } \triangle IMO \text{ is positively oriented and is isosceles with } OI = OM \text { and } \angle IOM=\frac{2\pi}{3}.$,136,95099,0.0,0.0,0.0,30,0.11029411764705882,128,0.5184795311441441
task2/b1_8-4-2-2,b1,8,4,2,2,omni-1140,20,136,37118,0.38235294117647056,1.0,1.0,16,0.007352941176470588,128,0.5387801946816443
task2/b1_8-4-2-2,b1,8,4,2,2,omni-809,96,136,74530,0.21323529411764705,1.0,1.0,42,0.029411764705882353,128,0.5765200578067484
task2/b1_8-4-2-2,b1,8,4,2,2,omni-1675,21,136,81805,0.18382352941176472,1.0,1.0,26,0.0,128,0.557630353799594
task2/b1_8-4-2-2,b1,8,4,2,2,omni-3267,"(j,k) = (2019, 1010)",136,53655,0.0,0.0,0.0,22,0.029411764705882353,128,0.545045955870769
task2/b1_8-4-2-2,b1,8,4,2,2,omni-1816,35,136,35232,0.007352941176470588,1.0,1.0,28,0.0,128,0.5401595647160364
task2/b1_8-4-2-2,b1,8,4,2,2,omni-4008,-\frac{1}{8},136,56519,0.8455882352941176,1.0,1.0,3,0.0,128,0.508821437794403
task2/b1_8-4-2-2,b1,8,4,2,2,omni-2356,1006,136,38142,0.49264705882352944,1.0,1.0,2,0.0,128,0.5903846682481753
task2/b1_8-4-2-2,b1,8,4,2,2,omni-1551,-18910,136,56604,0.007352941176470588,1.0,1.0,34,0.0,128,0.5289425823669988
task2/b1_8-4-2-2,b1,8,4,2,2,omni-1225,"r = 4, s = 5",136,59076,0.9117647058823529,1.0,1.0,4,0.0,128,0.48440515786209287
task2/b1_8-4-2-2,b1,8,4,2,2,omni-1762,\log _{2} 2015-1,136,44031,0.8823529411764706,1.0,1.0,17,0.0,128,0.5930756062645748
task2/b1_8-4-2-2,b1,8,4,2,2,omni-944,5,136,38984,0.007352941176470588,1.0,1.0,6,0.0,128,0.6623995905757695
task2/b1_8-4-2-2,b1,8,4,2,2,omni-1806,1,136,29831,0.6029411764705882,1.0,1.0,8,0.0,128,0.5364998178516978
task2/b1_8-4-2-2,b1,8,4,2,2,omni-370,14,136,32814,0.8161764705882353,1.0,1.0,10,0.0,128,0.5731319444175881
task2/b1_8-4-2-2,b1,8,4,2,2,omni-749,\frac{2}{3},136,34360,0.0,0.0,0.0,24,0.0,128,0.6210583410364222
task2/b1_8-4-2-2,b1,8,4,2,2,omni-3925,"$(p,n)=(p,p),(2,4)$",136,59504,0.0,0.0,0.0,28,0.0,128,0.5439690210434415
task2/b1_8-4-2-2,b1,8,4,2,2,omni-1809,\frac{1+\sqrt{5}}{2},136,33900,0.9632352941176471,1.0,1.0,2,0.0,128,0.6216365041625738
task2/b1_8-4-2-2,b1,8,4,2,2,omni-322,The only possible value for the center is \( 18 \).,136,60802,0.0,0.0,0.0,12,0.0,128,0.585463612905481
task2/b1_8-4-2-2,b1,8,4,2,2,omni-475,144,136,35548,0.0,0.0,0.0,10,0.0,128,0.567226344761839
task2/b1_8-4-2-2,b1,8,4,2,2,omni-1432,\frac{1005}{1006},136,59614,0.029411764705882353,1.0,1.0,12,0.0,128,0.6394175469728914
task2/b1_8-4-2-2,b1,8,4,2,2,omni-2055,27,136,36300,0.007352941176470588,1.0,1.0,12,0.0,128,0.5822716429847362
task2/b1_8-4-2-2,b1,8,4,2,2,omni-1104,283,136,102958,0.0,0.0,0.0,12,0.0,128,0.5429727433544462
task2/b1_8-4-2-2,b1,8,4,2,2,omni-3178,"The coordinates of $R(x,y)$ are $(x+n,y)$.",136,57544,0.014705882352941176,1.0,1.0,16,0.0,128,0.5331516786349086
task2/b1_8-4-2-2,b1,8,4,2,2,omni-1827,"Two continuous arcs from the circle with diameter 4,4",136,37814,0.0,0.0,0.0,20,0.0,128,0.514970352612524
task2/b1_8-4-2-2,b1,8,4,2,2,omni-3648,f(x) = \frac{1}{x},136,59814,0.27941176470588236,1.0,1.0,9,0.0,128,0.5955535750848949
task2/b1_8-4-2-2,b1,8,4,2,2,omni-318,\[ 36 \],136,43461,0.0,0.0,0.0,10,0.0,128,0.598486213988657
task2/b1_8-4-2-2,b1,8,4,2,2,omni-683,\frac{216 \pi^{3}-2187 \sqrt{3}}{8 \pi^{2}},136,60583,0.0,0.0,0.0,24,0.0,128,0.5519843187931452
task2/b1_8-4-2-2,b1,8,4,2,2,omni-19,69,136,51436,0.0,0.0,0.0,6,0.0,128,0.5224500994046187
task2/b1_8-4-2-2,b1,8,4,2,2,omni-1492,"(0,0) \text{ and } (1,1)",136,55761,0.7720588235294118,1.0,1.0,4,0.007352941176470588,128,0.6623345039333414
task2/b1_8-4-2-2,b1,8,4,2,2,omni-948,\frac{224}{243},136,61779,0.0,0.0,0.0,102,0.0,128,0.4334905076593499
task2/b1_8-4-2-2,b1,8,4,2,2,omni-152,A positive integral solution exists.,136,51897,0.0,0.0,0.0,3,0.0,128,0.5452902892787778
task2/b1_8-4-2-2,b1,8,4,2,2,omni-4050,f(x) = c \log(x) \text{ or } f(x) = cx^k.,136,57646,0.0,0.0,0.0,55,0.0,128,0.5319227604651702
task2/b1_8-4-2-2,b1,8,4,2,2,omni-72,\lceil \frac{n}{t} \rceil,136,37172,0.3382352941176471,1.0,1.0,10,0.0,128,0.5258175874079948
task2/b1_8-4-2-2,b1,8,4,2,2,omni-2770,80,136,32300,0.11764705882352941,1.0,1.0,8,0.0,128,0.5793930369272345
task2/b1_8-4-2-2,b1,8,4,2,2,omni-3234,\frac{1}{3},136,86878,0.4632352941176471,1.0,1.0,11,0.0,128,0.5247949696813107
task2/b1_8-4-2-2,b1,8,4,2,2,omni-1471,30,136,19110,1.0,1.0,0.0,1,0.0,128,0.5927999393026976
task2/b1_8-4-2-2,b1,8,4,2,2,omni-890,240,136,93486,0.19117647058823528,1.0,1.0,24,0.0,128,0.5214956145423834
task2/b1_8-4-2-2,b1,8,4,2,2,omni-4077,$\boxed{2^{19} \cdot 3^{10} \cdot 5^{4} \cdot 3^{3} \cdot 11\cdot 13\cdot 17\cdot 19}$,136,66535,0.0,0.0,0.0,48,0.0,128,0.5513363188220419
task2/b1_8-4-2-2,b1,8,4,2,2,omni-539,12,136,48686,0.03676470588235294,1.0,1.0,26,0.0,128,0.4890165881851854
task2/b1_8-4-2-2,b1,8,4,2,2,omni-4251,"{x \in \mathbb{Z} \cup \bigcup_{n = 1} ^{\infty} (n, \sqrt{(n-1)^2 + 1} + 1)}",136,76399,0.04411764705882353,1.0,1.0,57,0.0,128,0.5515009672310824
task2/b1_8-4-2-2,b1,8,4,2,2,omni-1803,f(x) = \lfloor x \rfloor,136,68652,0.007352941176470588,1.0,1.0,11,0.0,128,0.5490494146462621
task2/b1_8-4-2-2,b1,8,4,2,2,omni-1652,\frac{19}{18},136,60761,0.11029411764705882,1.0,1.0,40,0.007352941176470588,128,0.5428519762705131
task2/b1_8-4-2-2,b1,8,4,2,2,omni-3096,236,136,27264,0.7573529411764706,1.0,1.0,2,0.0,128,0.6245304554521545
task2/b1_8-4-2-2,b1,8,4,2,2,omni-4269,"\tan(\sin x) > \sin(\tan x) \text{ for } x \in \left(0, \frac{\pi}{2}\right)",136,54105,0.0,0.0,0.0,18,0.0,128,0.5267740801923106
task2/b1_8-4-2-2,b1,8,4,2,2,omni-2607,7174,136,56924,0.0,0.0,0.0,70,0.0,128,0.6438542984784889
task2/b1_8-4-2-2,b1,8,4,2,2,omni-3853,3,136,45041,0.08823529411764706,1.0,1.0,6,0.0,128,0.5335472639336456
task2/b1_8-4-2-2,b1,8,4,2,2,omni-1316,2003,136,34722,1.0,1.0,0.0,1,0.0,128,0.5925885434225064
task2/b1_8-4-2-2,b1,8,4,2,2,omni-275,The function \( f(x) = kx \) for any real value of \( k \).,136,54550,0.0,0.0,0.0,12,0.0,128,0.5613716615027318
task2/b1_8-4-2-2,b1,8,4,2,2,omni-3422,4^{7},136,27288,1.0,1.0,0.0,1,0.0,128,0.5424496100846182
task2/b1_8-4-2-2,b1,8,4,2,2,omni-537,33^{\circ},136,39013,0.0,0.0,0.0,14,0.014705882352941176,128,0.620476506483881
task2/b1_8-4-2-2,b1,8,4,2,2,omni-1043,20,136,111231,0.029411764705882353,1.0,1.0,19,0.0,128,0.5160264809061128
task2/b1_8-4-2-2,b1,8,4,2,2,omni-1154,\frac{4}{9},136,54637,0.014705882352941176,1.0,1.0,7,0.0,128,0.557246071768936
task2/b1_8-4-2-2,b1,8,4,2,2,omni-3167,2\sqrt{2} - 1,136,55812,0.21323529411764705,1.0,1.0,16,0.0,128,0.6428309922394609
task2/b1_8-4-2-2,b1,8,4,2,2,omni-862,403,136,37866,0.014705882352941176,1.0,1.0,29,0.0,128,0.5688517627922663
task2/b1_8-4-2-2,b1,8,4,2,2,omni-2767,44,136,38655,0.029411764705882353,1.0,1.0,34,0.0,128,0.6113522634511841
task2/b1_8-4-2-2,b1,8,4,2,2,omni-3211,\frac{\pi \log(2)}{8},136,56732,0.0,0.0,0.0,10,0.0,128,0.5943238096061685
task2/b1_8-4-2-2,b1,8,4,2,2,omni-3982,4,136,69096,0.8235294117647058,1.0,1.0,10,0.0,128,0.5325347719396606
task2/b1_8-4-2-2,b1,8,4,2,2,omni-4154,"(p, x, y) \in \{(3, 2, 5), (3, 5, 2)\} \cup \{(2, n, 2^k - n) \mid 0 < n < 2^k\}",136,60681,0.007352941176470588,1.0,1.0,33,0.0,128,0.5759417973083332
task2/b1_8-4-2-2,b1,8,4,2,2,omni-812,433755,136,27641,0.0,0.0,0.0,10,0.0,128,0.5972131511481651
task2/b1_8-4-2-2,b1,8,4,2,2,omni-4068,\lambda \ge \frac{1}{n-1},136,41231,0.0,0.0,0.0,10,0.0,128,0.5685916621630261
task2/b1_8-4-2-2,b1,8,4,2,2,omni-240,The composite positive integers \( n \) for which it is possible to arrange all divisors of \( n \) that are greater than 1 in a circle so that no two adjacent divisors are relatively prime are those \( n \) that are not of the form \( pq \) where \( p \) and \( q \) are distinct primes.,136,54946,0.0,0.0,0.0,66,0.0,128,0.5232103304178131
task2/b1_8-4-2-2,b1,8,4,2,2,omni-1173,Yes,136,53131,0.014705882352941176,1.0,1.0,2,0.0,128,0.6171752185567574
task2/b1_8-4-2-2,b1,8,4,2,2,omni-3980,m \text{ is a prime number},136,62713,0.07352941176470588,1.0,1.0,43,0.0,128,0.5295959309250662
task2/b1_8-4-2-2,b1,8,4,2,2,omni-2308,210,136,54418,0.0,0.0,0.0,36,0.0,128,0.5298305088740202
task2/b1_8-4-2-2,b1,8,4,2,2,omni-604,\frac{16}{3},136,72479,0.04411764705882353,1.0,1.0,28,0.0,128,0.5535831542565404
task2/b1_8-4-2-2,b1,8,4,2,2,omni-3907,\frac{1}{4},136,56601,0.11029411764705882,1.0,1.0,6,0.0,128,0.5877440856032049
task2/b1_8-4-2-2,b1,8,4,2,2,omni-9,561,136,29591,0.0,0.0,0.0,19,0.007352941176470588,128,0.5331160483932172
task2/b1_8-4-2-2,b1,8,4,2,2,omni-1954,32,136,55090,0.03676470588235294,1.0,1.0,17,0.0,128,0.5558420981213912
task2/b1_8-4-2-2,b1,8,4,2,2,omni-893,1024,136,29755,1.0,1.0,0.0,1,0.0,128,0.47605375769975095
task2/b1_8-4-2-2,b1,8,4,2,2,omni-3645,19,136,59058,0.8602941176470589,1.0,1.0,3,0.0,128,0.5926553829439074
task2/b1_8-4-2-2,b1,8,4,2,2,omni-1529,\frac{79}{20},136,35699,0.0,0.0,0.0,14,0.0,128,0.577029502298158
task2/b1_8-4-2-2,b1,8,4,2,2,omni-316,\[ f(x) = x + 1 \],136,61117,0.6691176470588235,1.0,1.0,11,0.0,128,0.5542669593502529
task2/b1_8-4-2-2,b1,8,4,2,2,omni-3435,7,136,39365,0.8308823529411765,1.0,1.0,7,0.0,128,0.5147540664122321
task2/b1_8-4-2-2,b1,8,4,2,2,omni-3984,3 \text{ and } 4,136,71856,0.1323529411764706,1.0,1.0,11,0.022058823529411766,128,0.5546876075858836
task2/b1_8-4-2-2,b1,8,4,2,2,omni-3047,28,136,80342,0.5661764705882353,1.0,1.0,11,0.16176470588235295,128,0.5104829260661539
task2/b1_8-4-2-2,b1,8,4,2,2,omni-4376,\text{Yes},136,69094,0.5441176470588235,1.0,1.0,3,0.0,128,0.587721952342868
task2/b1_8-4-2-2,b1,8,4,2,2,omni-3032,3,136,20538,0.9632352941176471,1.0,1.0,2,0.0,128,0.582795829017328
task2/b1_8-4-2-2,b1,8,4,2,2,omni-1725,16,136,48106,0.007352941176470588,1.0,1.0,68,0.0,128,0.5244429403024287
task2/b1_8-4-2-2,b1,8,4,2,2,omni-589,There is no such function \( f: S \rightarrow S \).,136,48866,0.0,0.0,0.0,4,0.0,128,0.5765456186541198
task2/b1_8-4-2-2,b1,8,4,2,2,omni-826,\frac{\sqrt{30}}{2},136,59364,0.0,0.0,0.0,21,0.0,128,0.5544591294756863
task2/b1_8-4-2-2,b1,8,4,2,2,omni-1296,2002,136,55654,0.7720588235294118,1.0,1.0,12,0.0,128,0.5436113197253193
task2/b1_8-4-2-2,b1,8,4,2,2,omni-108,41,136,100691,0.014705882352941176,1.0,1.0,12,0.007352941176470588,128,0.5324997638702319
task2/b1_8-4-2-2,b1,8,4,2,2,omni-1256,41,136,55638,0.45588235294117646,1.0,1.0,15,0.0,128,0.5220450792958504
task2/b1_8-4-2-2,b1,8,4,2,2,omni-1967,6,136,34182,0.0,0.0,0.0,2,0.0,128,0.523900630555665
task2/b1_8-4-2-2,b1,8,4,2,2,omni-3394,4,136,13700,1.0,1.0,0.0,1,0.0,128,0.6464406387152534
task2/b1_8-4-2-2,b1,8,4,2,2,omni-3671,\frac{1}{2^{1007}},136,49275,0.16176470588235295,1.0,1.0,17,0.0,128,0.5559202186486849
task2/b1_8-4-2-2,b1,8,4,2,2,omni-523,(2i-1)/4,136,47232,0.007352941176470588,1.0,1.0,10,0.0,128,0.5705193703729763
task2/b1_8-4-2-2,b1,8,4,2,2,omni-4051,f(x) = 2x \text{ and } f(x) = 0,136,79054,0.23529411764705882,1.0,1.0,19,0.0,128,0.4780185367221636
task2/b1_8-4-2-2,b1,8,4,2,2,omni-1069,2048,136,24680,0.0,0.0,0.0,3,0.0,128,0.5400904448826621
task2/b1_8-4-2-2,b1,8,4,2,2,omni-4328,"f(x) = \begin{cases}
-(1-x)^c + 1 &\text{ if $x < 1$} \\
1 &\text{ if $x = 1$} \\
k(x-1)^c + 1 &\text{ if $x > 1$}
\end{cases}, \text{ for some real constants }c \geq 0, k > 0",136,70076,0.34558823529411764,1.0,1.0,106,0.0,128,0.4867086839953294
task2/b1_8-4-2-2,b1,8,4,2,2,omni-820,54^{\circ},136,28157,0.34558823529411764,1.0,1.0,7,0.0,128,0.6286880813591795
task2/b1_8-4-2-2,b1,8,4,2,2,omni-2101,1019088,136,30070,0.007352941176470588,1.0,1.0,27,0.0,128,0.5993311259025432
task2/b1_8-4-2-2,b1,8,4,2,2,omni-346,\[ A = -7 \],136,58373,0.022058823529411766,1.0,1.0,42,0.0,128,0.6193978079636125
task2/b1_8-4-2-2,b1,8,4,2,2,omni-3757,\frac{2}{5} \cdot 9^n - \frac{2}{5} \cdot (-1)^n,136,24348,0.0,0.0,0.0,7,0.0,128,0.5515330711659036
task2/b1_8-4-2-2,b1,8,4,2,2,omni-1134,23/144,136,42242,0.0,0.0,0.0,33,0.0,128,0.5982394244834807
task2/b1_8-4-2-2,b1,8,4,2,2,omni-292,"There does not exist a strictly increasing eight-term arithmetic progression \(a_{1}, \ldots, a_{8}\) of odd positive integers such that \(r(a_{1}), \ldots, r(a_{8})\) is an arithmetic progression in that order.",136,56549,0.0,0.0,0.0,2,0.0,128,0.5162682504432899
task2/b1_8-4-2-2,b1,8,4,2,2,omni-1062,45,136,99351,0.08088235294117647,1.0,1.0,62,0.0,128,0.4624720240016859
task2/b1_8-4-2-2,b1,8,4,2,2,omni-4284,\text{Yes},136,48162,0.6397058823529411,1.0,1.0,8,0.0,128,0.5391023991283348
task2/b1_8-4-2-2,b1,8,4,2,2,omni-814,1,136,47268,0.9411764705882353,1.0,1.0,5,0.0,128,0.5823850968160116
task2/b1_8-4-2-2,b1,8,4,2,2,omni-3494,15,136,69909,0.22794117647058823,1.0,1.0,10,0.0661764705882353,128,0.5444304998577877
task2/b1_8-4-2-2,b1,8,4,2,2,omni-693,29,136,65348,0.0,0.0,0.0,12,0.0,128,0.5506291737931196
task2/b1_8-4-2-2,b1,8,4,2,2,omni-2374,2^{2013}-6036,136,55779,0.9264705882352942,1.0,1.0,6,0.0,128,0.5721959227575564
task2/b1_8-4-2-2,b1,8,4,2,2,omni-2137,12345,136,70517,0.0,0.0,0.0,76,0.0,128,0.5436050665132913
task2/b1_8-4-2-2,b1,8,4,2,2,omni-4072,$\text{第二个玩家有获胜策略，当且仅当} \displaystyle n \leq \varphi k \text{和}  \displaystyle k \leq \varphi n \text{而且}  \displaystyle \varphi=\frac{\sqrt{5}+1}{2}$,136,43461,0.0,0.0,0.0,23,0.0,128,0.4252098909045448
task2/b1_8-4-2-2,b1,8,4,2,2,omni-2962,8 \text{ p.m. on Saturday},136,13517,1.0,1.0,0.0,1,0.0,128,0.5958225847117373
task2/b1_8-4-2-2,b1,8,4,2,2,omni-4058,\text{No},136,58056,0.9264705882352942,1.0,1.0,2,0.0,128,0.5530417934980426
task2/b1_8-4-2-2,b1,8,4,2,2,omni-2636,2530,136,23716,0.0,0.0,0.0,3,0.0,128,0.5730466596950701
task2/b1_8-4-2-2,b1,8,4,2,2,omni-543,48,136,29905,0.11029411764705882,1.0,1.0,24,0.0,128,0.6038704594496905
task2/b1_8-4-2-2,b1,8,4,2,2,omni-1219,\frac{19}{28},136,43249,0.0,0.0,0.0,61,0.0,128,0.5623233363042802
task2/b1_8-4-2-2,b1,8,4,2,2,omni-742,2402,136,105671,0.4632352941176471,1.0,1.0,10,0.014705882352941176,128,0.4947447012982263
task2/b1_8-4-2-2,b1,8,4,2,2,omni-3950,2^n - 1,136,38439,0.125,1.0,1.0,10,0.0,128,0.5810472541386164
task2/b1_8-4-2-2,b1,8,4,2,2,omni-4042,f(x) = c \text{ for any } c > 0.,136,61563,0.029411764705882353,1.0,1.0,64,0.0,128,0.5831848471284966
task2/b1_8-4-2-2,b1,8,4,2,2,omni-1957,60\left(1-\left(\frac{1}{10}\right)^{\frac{1}{9}}\right),136,60720,0.0,0.0,0.0,8,0.0,128,0.6223953982837186
task2/b1_8-4-2-2,b1,8,4,2,2,omni-4029,"\text{For } n = 3, \text{ it is not possible. For } n = 2, \text{ it is possible.}",136,42158,0.0,0.0,0.0,16,0.0,128,0.5423441819631291
task2/b1_8-4-2-2,b1,8,4,2,2,omni-3759,2,136,48278,0.8970588235294118,1.0,1.0,4,0.0,128,0.556823474896069
task2/b1_8-4-2-2,b1,8,4,2,2,omni-2839,9,136,60419,0.11764705882352941,1.0,1.0,13,0.0,128,0.595605061474767
task2/b1_8-4-2-2,b1,8,4,2,2,omni-2427,199 \pi,136,19989,1.0,1.0,0.0,1,0.0,128,0.5457303403791113
task2/b1_8-4-2-2,b1,8,4,2,2,omni-3641,f(n) = 1 \text{ for all } n \in \mathbb{N} \text{ or } f(n) = n^2 \text{ for all } n \in \mathbb{N}.,136,57670,0.07352941176470588,1.0,1.0,15,0.0,128,0.5339404443394709
task2/b1_8-4-2-2,b1,8,4,2,2,omni-2092,\frac{189}{2},136,43331,0.0,0.0,0.0,4,0.0,128,0.5050229535287273
task2/b1_8-4-2-2,b1,8,4,2,2,omni-2501,20,136,83378,0.08823529411764706,1.0,1.0,25,0.0,128,0.5514186199841329
task2/b1_8-4-2-2,b1,8,4,2,2,omni-3401,62\%,136,10173,1.0,1.0,0.0,1,0.0,128,0.5627944852917769
task2/b1_8-4-2-2,b1,8,4,2,2,omni-2658,648,136,63982,0.0,0.0,0.0,41,0.0,128,0.6016466461238955
task2/b1_8-4-2-2,b1,8,4,2,2,omni-2829,8,136,11908,1.0,1.0,0.0,1,0.0,128,0.5865491139628087
task2/b1_8-4-2-2,b1,8,4,2,2,omni-1703,105,136,36863,1.0,1.0,0.0,1,0.0,128,0.5797407652565734
task2/b1_8-4-2-2,b1,8,4,2,2,omni-3317,23097,136,55095,0.0,0.0,0.0,30,0.0,128,0.5955414029257535
task2/b1_8-4-2-2,b1,8,4,2,2,omni-1144,1/5,136,59365,0.029411764705882353,1.0,1.0,50,0.0,128,0.6203144474914872
task2/b1_8-4-2-2,b1,8,4,2,2,omni-2704,9 \mathrm{~km} / \mathrm{h},136,28368,1.0,1.0,0.0,1,0.0,128,0.6333444062110859
task2/b1_8-4-2-2,b1,8,4,2,2,omni-3626,2k - 1,136,31845,0.0,0.0,0.0,11,0.0,128,0.5264973219535708
task2/b1_8-4-2-2,b1,8,4,2,2,omni-4043,"(a, a+1)",136,88852,0.0,0.0,0.0,44,0.0,128,0.5052752281587904
task2/b1_8-4-2-2,b1,8,4,2,2,omni-1167,\frac{A B^{2}}{A C^{2}},136,36459,0.16176470588235295,1.0,1.0,24,0.0,128,0.5321420873796349
task2/b1_8-4-2-2,b1,8,4,2,2,omni-2469,\sqrt[4]{2},136,26671,1.0,1.0,0.0,3,0.0,128,0.5572736451328026
task2/b1_8-4-2-2,b1,8,4,2,2,omni-750,89,136,37330,1.0,1.0,0.0,1,0.0,128,0.5487443980740846
task2/b1_8-4-2-2,b1,8,4,2,2,omni-270,"The minimal total penalty a player can amass is:
\[ \min(BW, 2WR, 3RB) \]

The number of optimal strategies is:
- If \( BW \neq 2WR \neq 3RB \), there is \( 1 \) optimal strategy.
- If \( BW = 2WR < 3RB \), there are \( W+1 \) strategies.
- If \( 2WR = 3RB < BW \), there are \( R+1 \) strategies.
- If \( 3RB = BW < 2WR \), there are \( B+1 \) strategies.
- If \( BW = 2WR = 3RB \), there are \( R+B+W \) strategies.",136,45934,0.0,0.0,0.0,76,0.0,128,0.5249012658624809
task2/b1_8-4-2-2,b1,8,4,2,2,omni-657,1545,136,63515,0.0,0.0,0.0,60,0.0,128,0.5400816141490566
task2/b1_8-4-2-2,b1,8,4,2,2,omni-2254,"(30,92) \text{ OR } (92,30)",136,116736,0.0,0.0,0.0,40,0.014705882352941176,128,0.5318767204256053
task2/b1_8-4-2-2,b1,8,4,2,2,omni-2746,1: 2,136,32899,0.9779411764705882,1.0,1.0,2,0.0,128,0.5064391324323392
task2/b1_8-4-2-2,b1,8,4,2,2,omni-1396,f(n)=\left\{\begin{array}{cl} 0 & \text { if } n \text { is even } \\ \frac{1}{2 n} & \text { if } n \text { is odd } \end{array}\right.,136,57907,0.0,0.0,0.0,8,0.0,128,0.5378280471715321
task2/b1_8-4-2-2,b1,8,4,2,2,omni-606,1+\sqrt{\frac{7}{15}},136,63526,0.0,0.0,0.0,15,0.0,128,0.5479488071409929
task2/b1_8-4-2-2,b1,8,4,2,2,omni-950,\binom{100}{50} 2^{98},136,37852,0.0,0.0,0.0,41,0.007352941176470588,128,0.5295355947120166
task2/b1_8-4-2-2,b1,8,4,2,2,omni-500,28,136,45647,0.0,0.0,0.0,22,0.0,128,0.5236284165542998
task2/b1_8-4-2-2,b1,8,4,2,2,omni-2466,3680,136,56831,0.8823529411764706,1.0,1.0,10,0.0,128,0.5352678688659964
task2/b1_8-4-2-2,b1,8,4,2,2,omni-1633,323,136,22592,0.0,0.0,0.0,9,0.0,128,0.6333214166700871
task2/b1_8-4-2-2,b1,8,4,2,2,omni-1326,714,136,35224,0.0,0.0,0.0,6,0.0,128,0.5281586254321565
task2/b1_8-4-2-2,b1,8,4,2,2,omni-3863,59,136,36156,0.0,0.0,0.0,13,0.0,128,0.6118963808399213
task2/b1_8-4-2-2,b1,8,4,2,2,omni-101,7,136,19673,0.0,0.0,0.0,1,0.0,128,0.5833899076199801
task2/b1_8-4-2-2,b1,8,4,2,2,omni-3947,(2n-1)!!,136,32746,0.0,0.0,0.0,16,0.0,128,0.5538597258623353
task2/b1_8-4-2-2,b1,8,4,2,2,omni-661,3 \sqrt{3} / 2,136,31390,0.0,0.0,0.0,11,0.0,128,0.5610632560115029
task2/b1_8-4-2-2,b1,8,4,2,2,omni-3101,33,136,43794,0.16911764705882354,1.0,1.0,13,0.0,128,0.5116626440045379
task2/b1_8-4-2-2,b1,8,4,2,2,omni-2123,\frac{21}{2},136,59710,0.16911764705882354,1.0,1.0,20,0.0,128,0.5809835259274527
task2/b1_8-4-2-2,b1,8,4,2,2,omni-2670,19,136,16831,1.0,1.0,0.0,1,0.0,128,0.5722294410985186
task2/b1_8-4-2-2,b1,8,4,2,2,omni-120,199,136,111709,0.0,0.0,0.0,8,0.0,128,0.512125954661145
task2/b1_8-4-2-2,b1,8,4,2,2,omni-801,\frac{116}{35},136,52988,0.0,0.0,0.0,22,0.0,128,0.49807049958104843
task2/b1_8-4-2-2,b1,8,4,2,2,omni-3896,"2, 3, 4, 6, 8, 12, 24",136,66268,0.0,0.0,0.0,26,0.0,128,0.550701772441795
task2/b1_8-4-2-2,b1,8,4,2,2,omni-1092,192,136,42384,0.0,0.0,0.0,8,0.0,128,0.5694188419624526
task2/b1_8-4-2-2,b1,8,4,2,2,omni-333,77,136,93888,0.0,0.0,0.0,74,0.014705882352941176,128,0.5453211743153862
task2/b1_8-4-2-2,b1,8,4,2,2,omni-3567,y = -\frac{1}{4},136,71726,0.014705882352941176,1.0,1.0,38,0.0,128,0.500435049594549
task2/b1_8-4-2-2,b1,8,4,2,2,omni-1237,20,136,47470,0.8970588235294118,1.0,1.0,9,0.0,128,0.5790573318676073
task2/b1_8-4-2-2,b1,8,4,2,2,omni-337,\[ x = 4 \],136,49793,0.9632352941176471,1.0,1.0,4,0.0,128,0.5876597317433648
task2/b1_8-4-2-2,b1,8,4,2,2,omni-2403,\frac{5}{7},136,38253,0.0,0.0,0.0,11,0.0,128,0.5689571425341353
task2/b1_8-4-2-2,b1,8,4,2,2,omni-580,7,136,63673,0.5514705882352942,1.0,1.0,7,0.0,128,0.6057153102400683
task2/b1_8-4-2-2,b1,8,4,2,2,omni-3941,"(2,2)(3,3)(1,2)(2,1)(2,3)(3,2)",136,62735,0.0,0.0,0.0,27,0.0,128,0.6200907140574727
task2/b1_8-4-2-2,b1,8,4,2,2,omni-309,"The simple modules of \( A \) are the 1-dimensional modules \( S_i \) for \( 1 \leq i \leq n \), where \( E_{ii} \) acts by 1 and \( E_{ij}, E_{jj} \) act by 0 for \( j \neq i \).",136,50454,0.0,0.0,0.0,42,0.0,128,0.5029412150720961
task2/b1_8-4-2-2,b1,8,4,2,2,omni-1622,Even,136,58473,0.2867647058823529,1.0,1.0,4,0.0,128,0.559951776053449
task2/b1_8-4-2-2,b1,8,4,2,2,omni-3674,"(2, 3) \text{ and } (6, 15)",136,62999,0.04411764705882353,1.0,1.0,35,0.0,128,0.569698493993252
task2/b1_8-4-2-2,b1,8,4,2,2,omni-3532,The sum diverges.,136,63852,0.0,0.0,0.0,4,0.0,128,0.5393141066670888
task2/b1_8-4-2-2,b1,8,4,2,2,omni-3260,160,136,16076,1.0,1.0,0.0,1,0.0,128,0.5720404968592946
task2/b1_8-4-2-2,b1,8,4,2,2,omni-1239,-6,136,52032,0.7205882352941176,1.0,1.0,17,0.0,128,0.6024053418462996
task2/b1_8-4-2-2,b1,8,4,2,2,omni-2641,7,136,36386,0.9926470588235294,1.0,1.0,2,0.0,128,0.5681587242737628
task2/b1_8-4-2-2,b1,8,4,2,2,omni-290,\[ 4 \cdot 2007 - 3 = 8025 \],136,53334,0.0,0.0,0.0,33,0.051470588235294115,128,0.5072641663107896
task2/b1_8-4-2-2,b1,8,4,2,2,omni-4231,$1\text{ for } n=1\text{ and } n^4-n^3\text{ for }n \ge 2$,136,32698,0.0,0.0,0.0,21,0.0,128,0.5811556279501312
task2/b1_8-4-2-2,b1,8,4,2,2,omni-3774,75^\circ,136,31030,0.0,0.0,0.0,5,0.0,128,0.5843241434633653
task2/b1_8-4-2-2,b1,8,4,2,2,omni-4243,"\[
\text{For all } n \geq 2.
\]",136,51062,0.051470588235294115,1.0,1.0,22,0.03676470588235294,128,0.5201097337721697
task2/b1_8-4-2-2,b1,8,4,2,2,omni-1913,\frac{1}{2},136,37281,0.051470588235294115,1.0,1.0,7,0.0,128,0.539822561631469
task2/b1_8-4-2-2,b1,8,4,2,2,omni-2146,\frac{15 \sqrt{37}-75}{4},136,48005,0.0,0.0,0.0,26,0.0,128,0.588477712256594
task2/b1_8-4-2-2,b1,8,4,2,2,omni-2351,\frac{13}{3},136,66838,0.007352941176470588,1.0,1.0,22,0.0,128,0.5382077595783765
task2/b1_8-4-2-2,b1,8,4,2,2,omni-668,41,136,58414,0.0,0.0,0.0,12,0.0,128,0.4915508915475707
task2/b1_8-4-2-2,b1,8,4,2,2,omni-385,1,136,62345,0.8308823529411765,1.0,1.0,3,0.0,128,0.5546781789410757
task2/b1_8-4-2-2,b1,8,4,2,2,omni-1597,"(995,1),(176,10),(80,21)",136,79632,0.0,0.0,0.0,43,0.0,128,0.577169462709304
task2/b1_8-4-2-2,b1,8,4,2,2,omni-1041,\binom{43}{21}-1,136,55272,0.0,0.0,0.0,45,0.0,128,0.5685533855669678
task2/b1_8-4-2-2,b1,8,4,2,2,omni-3043,5,136,19336,0.9926470588235294,1.0,1.0,2,0.0,128,0.5942764840779526
task2/b1_8-4-2-2,b1,8,4,2,2,omni-4260,"$\boxed{(1,2,1,0), (2,0,2,0), (2,1,2,0,0), (x-3,2,1,0,0,\ldots, 0,1,0,0,0)} \text{ for any } x \ge 6$",136,65828,0.0,0.0,0.0,77,0.0,128,0.5423919108838641
task2/b1_8-4-2-2,b1,8,4,2,2,omni-929,1149852,136,59344,0.0,0.0,0.0,56,0.0,128,0.5560094158182077
task2/b1_8-4-2-2,b1,8,4,2,2,omni-1279,"\[
\sup \{V \mid V \text{ is good} \} = \frac{1}{4}
\]",136,39008,0.0,0.0,0.0,4,0.0,128,0.5756054715141621
task2/b1_8-4-2-2,b1,8,4,2,2,omni-2069,1026,136,66898,0.0,0.0,0.0,36,0.0,128,0.6119741993557077
task2/b1_8-4-2-2,b1,8,4,2,2,omni-2849,-y,136,11531,1.0,1.0,0.0,1,0.0,128,0.5979761974584471
task2/b1_8-4-2-2,b1,8,4,2,2,omni-26,n - 1,136,56246,0.022058823529411766,1.0,1.0,4,0.0,128,0.5501031333675999
task2/b1_8-4-2-2,b1,8,4,2,2,omni-2484,25,136,81175,0.007352941176470588,1.0,1.0,37,0.0,128,0.48618906603126355
task2/b1_8-4-2-2,b1,8,4,2,2,omni-776,178,136,59681,0.19117647058823528,1.0,1.0,12,0.0,128,0.5168164589498754
task2/b1_8-4-2-2,b1,8,4,2,2,omni-3867,f(x) = -1 \text{ and } f(x) = x - 1.,136,85150,0.03676470588235294,1.0,1.0,34,0.007352941176470588,128,0.5344545097450386
task2/b1_8-4-2-2,b1,8,4,2,2,omni-4270,"\[
a_{u+vn} = 
\begin{cases} 
0, & u+v \le n, \\ 
1, & u+v \ge n+1 
\end{cases} 
\quad \text{for all } 1 \le u \le n \text{ and } 0 \le v \le n.
\]
\[
\text{The terms can be arranged into blocks of length } n \text{ as}
\]
\[
\underbrace{(0 \cdots 0)}_{n} \underbrace{(0 \cdots 0 \ 1)}_{n-1} \underbrace{(0 \cdots 0 \ 1 \ 1)}_{n-2} \cdots \underbrace{(0 \cdots 0 \ 1 \cdots 1)}_{n-v} \underbrace{(0 \ 1 \cdots 1)}_{v} \cdots \underbrace{(0 \ 1 \cdots 1)}_{n-1} \underbrace{(1 \cdots 1)}_{n}.
\]",136,59398,0.4117647058823529,1.0,1.0,61,0.0,128,0.5547261068396354
task2/b1_8-4-2-2,b1,8,4,2,2,omni-2729,2,136,15692,1.0,1.0,0.0,1,0.0,128,0.6419889030090399
task2/b1_8-4-2-2,b1,8,4,2,2,omni-3669,12,136,52561,0.0,0.0,0.0,10,0.0,128,0.6567287271483014
task2/b1_8-4-2-2,b1,8,4,2,2,omni-2384,257,136,38365,0.0,0.0,0.0,20,0.0,128,0.5714052353638611
task2/b1_8-4-2-2,b1,8,4,2,2,omni-3153,18,136,41515,0.022058823529411766,1.0,1.0,30,0.0,128,0.5623317183680551
task2/b1_8-4-2-2,b1,8,4,2,2,omni-2130,64912347,136,41202,0.0,0.0,0.0,83,0.0,128,0.6028145013108415
task2/b1_8-4-2-2,b1,8,4,2,2,omni-3205,8,136,15559,0.0,0.0,0.0,3,0.0,128,0.6084526228390443
task2/b1_8-4-2-2,b1,8,4,2,2,omni-3691,P(x) = x + 1,136,59981,0.10294117647058823,1.0,1.0,49,0.0,128,0.514564306112937
task2/b1_8-4-2-2,b1,8,4,2,2,omni-1559,"-6,0,2,8",136,76026,0.0,0.0,0.0,18,0.0,128,0.5634867700512993
task2/b1_8-4-2-2,b1,8,4,2,2,omni-2724,181,136,70126,0.0,0.0,0.0,61,0.0,128,0.5617820172549192
task2/b1_8-4-2-2,b1,8,4,2,2,omni-218,"\[
\boxed{\left(\frac{c^2+c-1}{c^2}, \frac{c}{c-1}, c\right)}
\]",136,68544,0.0,0.0,0.0,16,0.0,128,0.5717282957262213
task2/b1_8-4-2-2,b1,8,4,2,2,omni-298,"The pairs of positive integers \((x, y)\) that satisfy the equation \(x^y = y^{x - y}\) are:

\[
(x, y) = (9, 3) \quad \text{and} \quad (x, y) = (8, 2)
\]",136,54950,0.058823529411764705,1.0,1.0,25,0.0,128,0.6080555573063237
task2/b1_8-4-2-2,b1,8,4,2,2,omni-186,\text{There exist infinitely many such sets } A \text{ and } B.,136,79718,0.16911764705882354,1.0,1.0,34,0.0,128,0.48267118123923886
task2/b1_8-4-2-2,b1,8,4,2,2,omni-2869,12,136,28730,1.0,1.0,0.0,1,0.0,128,0.5596712047395582
task2/b1_8-4-2-2,b1,8,4,2,2,omni-2131,-\frac{2016}{2017},136,47463,0.17647058823529413,1.0,1.0,22,0.0,128,0.5046602508049813
task2/b1_8-4-2-2,b1,8,4,2,2,omni-2804,20,136,56132,0.27205882352941174,1.0,1.0,13,0.0,128,0.570806493276161
task2/b1_8-4-2-2,b1,8,4,2,2,omni-3357,\log _{2008} 2009,136,54047,0.8014705882352942,1.0,1.0,4,0.0,128,0.5358346496002052
task2/b1_8-4-2-2,b1,8,4,2,2,omni-3751,\frac{1}{99},136,60433,0.0,0.0,0.0,10,0.0,128,0.5731666383068102
task2/b1_8-4-2-2,b1,8,4,2,2,omni-2885,11,136,79088,0.051470588235294115,1.0,1.0,27,0.0,128,0.5028527918121883
task2/b1_8-4-2-2,b1,8,4,2,2,omni-12,n \neq 5,136,46066,0.0,0.0,0.0,18,0.0,128,0.5396979560556004
task2/b1_8-4-2-2,b1,8,4,2,2,omni-258,\[ N = 2k^3 + 3k^2 + 3k \],136,59332,0.0,0.0,0.0,64,0.0,128,0.587504519825758
task2/b1_8-4-2-2,b1,8,4,2,2,omni-1291,\frac{7}{33},136,47527,0.22058823529411764,1.0,1.0,38,0.03676470588235294,128,0.5832903838181477
task2/b1_8-4-2-2,b1,8,4,2,2,omni-2556,\frac{91 \sqrt{3}}{4},136,77296,0.0,0.0,0.0,23,0.0,128,0.5450388781393357
task2/b1_8-4-2-2,b1,8,4,2,2,omni-3291,The length of the altitude of the tetrahedron from vertex \(A\) can be constructed as \(\sqrt{|A_BY'|^2 - |X'Y'|^2}\).,136,48721,0.0,0.0,0.0,33,0.0,128,0.4964294599369236
task2/b1_8-4-2-2,b1,8,4,2,2,omni-1560,4,136,69577,0.22794117647058823,1.0,1.0,4,0.0,128,0.542306161439606
task2/b1_8-4-2-2,b1,8,4,2,2,omni-3249,"$(a,b,c) = (9,8,7)$",136,44719,0.0,0.0,0.0,10,0.0,128,0.5437573268938035
task2/b1_8-4-2-2,b1,8,4,2,2,omni-4266,\text{Yes},136,30613,0.9338235294117647,1.0,1.0,2,0.0,128,0.535784395134991
task2/b1_8-4-2-2,b1,8,4,2,2,omni-1685,\frac{2009}{2},136,37894,0.9558823529411765,1.0,1.0,3,0.0,128,0.6200723289671608
task2/b1_8-4-2-2,b1,8,4,2,2,omni-3051,17,136,19677,1.0,1.0,0.0,1,0.0,128,0.6174632648115377
task2/b1_8-4-2-2,b1,8,4,2,2,omni-2223,\frac{2013}{2014},136,24919,0.0,0.0,0.0,4,0.0,128,0.5405949708734797
task2/b1_8-4-2-2,b1,8,4,2,2,omni-2208,\frac{39}{67},136,45758,0.0,0.0,0.0,2,0.0,128,0.5380875815364782
task2/b1_8-4-2-2,b1,8,4,2,2,omni-941,144,136,59177,0.15441176470588236,1.0,1.0,27,0.0,128,0.5418160336033618
task2/b1_8-4-2-2,b1,8,4,2,2,omni-2479,36 \cdot 2^{2009}+36,136,52109,0.0,0.0,0.0,42,0.0,128,0.6052048159914912
task2/b1_8-4-2-2,b1,8,4,2,2,omni-3883,f(x) = 1 \text{ for all } x \in \mathbb{Q}_{>0}.,136,57549,0.3161764705882353,1.0,1.0,8,0.0,128,0.5524277714618244
task2/b1_8-4-2-2,b1,8,4,2,2,omni-2473,49,136,52484,0.10294117647058823,1.0,1.0,6,0.0,128,0.555370033411651
task2/b1_8-4-2-2,b1,8,4,2,2,omni-1810,"(3,3),(-4,-4),\left(\frac{1+3 \sqrt{5}}{2}, \frac{1-3 \sqrt{5}}{2}\right),\left(\frac{1-3 \sqrt{5}}{2}, \frac{1+3 \sqrt{5}}{2}\right)",136,89672,0.7132352941176471,1.0,1.0,16,0.0,128,0.48769782457151845
task2/b1_8-4-2-2,b1,8,4,2,2,omni-4002,\text{No},136,35155,0.03676470588235294,1.0,1.0,2,0.0,128,0.4938745883429295
task2/b1_8-4-2-2,b1,8,4,2,2,omni-1572,8+5 \sqrt{3},136,82955,0.0,0.0,0.0,9,0.007352941176470588,128,0.5595249298140229
task2/b1_8-4-2-2,b1,8,4,2,2,omni-1697,65536,136,13736,1.0,1.0,0.0,1,0.0,128,0.5890495663233685
task2/b1_8-4-2-2,b1,8,4,2,2,omni-858,945,136,36003,0.9926470588235294,1.0,1.0,2,0.0,128,0.5414433382891648
task2/b1_8-4-2-2,b1,8,4,2,2,omni-4083,{\frac{2\left(\sin\frac{\pi}{3\cdot 2^{99}}\right)\left(1-\cos\frac{\pi}{2^{98}}\right)}{\sin \frac{\pi}{2^{99}}}},136,50527,0.0,0.0,0.0,19,0.0,128,0.51943528878228
task2/b1_8-4-2-2,b1,8,4,2,2,omni-4301,1023,136,49689,0.0,0.0,0.0,10,0.0,128,0.5868166312333633
task2/b1_8-4-2-2,b1,8,4,2,2,omni-1843,2^{2000},136,43763,0.0661764705882353,1.0,1.0,50,0.0,128,0.6320578710268536
task2/b1_8-4-2-2,b1,8,4,2,2,omni-3041,5,136,103204,0.6544117647058824,1.0,1.0,6,0.014705882352941176,128,0.5144543639266391
task2/b1_8-4-2-2,b1,8,4,2,2,omni-625,-26,136,83196,0.0,0.0,0.0,33,0.0,128,0.5464114083578768
task2/b1_8-4-2-2,b1,8,4,2,2,omni-167,The assertion is false; \( n = 25 \) is a counter-example.,136,53313,0.0,0.0,0.0,13,0.0,128,0.5272741853156336
task2/b1_8-4-2-2,b1,8,4,2,2,omni-2480,924,136,71226,0.03676470588235294,1.0,1.0,30,0.029411764705882353,128,0.5719629351315005
task2/b1_8-4-2-2,b1,8,4,2,2,omni-2736,20,136,14041,1.0,1.0,0.0,1,0.0,128,0.5821068466936169
task2/b1_8-4-2-2,b1,8,4,2,2,omni-1240,899,136,56080,0.8676470588235294,1.0,1.0,15,0.0,128,0.5682728020655058
task2/b1_8-4-2-2,b1,8,4,2,2,omni-3857,"{P(0) \in (-\infty,0)\cup \{1\} }",136,43622,0.0,0.0,0.0,5,0.0,128,0.6058734709547512
task2/b1_8-4-2-2,b1,8,4,2,2,omni-3140,777.5,136,84122,0.0,0.0,0.0,40,0.0,128,0.5575723551431212
task2/b1_8-4-2-2,b1,8,4,2,2,omni-3175,12,136,34062,0.022058823529411766,1.0,1.0,25,0.0,128,0.534083324771268
task2/b1_8-4-2-2,b1,8,4,2,2,omni-3731,\frac{y \pm \sqrt{y^2 - 4}}{2} \text{ where } y \text{ is an integer with } |y| \geq 2,136,63854,0.051470588235294115,1.0,1.0,20,0.0,128,0.4997399364473017
task2/b1_8-4-2-2,b1,8,4,2,2,omni-1769,26,136,104338,0.0,0.0,0.0,51,0.0,128,0.5185214584771513
task2/b1_8-4-2-2,b1,8,4,2,2,omni-1193,7/15,136,97257,0.0,0.0,0.0,70,0.0,128,0.5209018173466146
task2/b1_8-4-2-2,b1,8,4,2,2,omni-251,\text{No solutions},136,97682,0.1323529411764706,1.0,1.0,17,0.007352941176470588,128,0.553393334352012
task2/b1_8-4-2-2,b1,8,4,2,2,omni-643,\frac{9}{10},136,73998,0.39705882352941174,1.0,1.0,30,0.0,128,0.5007808981974986
task2/b1_8-4-2-2,b1,8,4,2,2,omni-1457,"There are two families of answers: (a) $a_{n}=c(n+2) n!$ for all $n \geq 1$ and $a_{0}=c+1$ for some integer $c \geq 2014$, and (b) $a_{n}=c(n+2) n!$ for all $n \geq 1$ and $a_{0}=c-1$ for some integer $c \geq 2016$.",136,78000,0.014705882352941176,1.0,1.0,49,0.0,128,0.5045405230294912
task2/b1_8-4-2-2,b1,8,4,2,2,omni-1677,\frac{55}{81},136,61871,0.03676470588235294,1.0,1.0,69,0.0,128,0.6454671560385435
task2/b2_2-1-1-1,b2,2,1,1,1,omni-3155,n=2^k-1 \text{ for some integer } k\geq 1,4,3472,0.0,0.0,0.0,2,0.0,2,0.15822143507194306
task2/b2_2-1-1-1,b2,2,1,1,1,omni-3904,"f(x) = C, \quad f(x) = \pm x + C, \quad \text{or} \quad f(x) = \pm x^3 + C",4,2842,0.0,0.0,0.0,3,0.0,2,0.7582072759802708
task2/b2_2-1-1-1,b2,2,1,1,1,omni-2052,-\frac{1}{2},4,2058,1.0,1.0,0.0,1,0.0,2,0.3687707641196013
task2/b2_2-1-1-1,b2,2,1,1,1,omni-824,2005^{1002} / 2004!,4,3539,0.25,1.0,1.0,2,0.0,2,0.17134330641523612
task2/b2_2-1-1-1,b2,2,1,1,1,omni-2133,2017,4,1743,1.0,1.0,0.0,1,0.0,2,0.3452101906709451
task2/b2_2-1-1-1,b2,2,1,1,1,omni-1998,\frac{5}{12},4,2312,0.0,0.0,0.0,3,0.0,2,0.36756328270716765
task2/b2_2-1-1-1,b2,2,1,1,1,omni-747,477,4,1638,0.0,0.0,0.0,3,0.0,2,0.3494360902255639
task2/b2_2-1-1-1,b2,2,1,1,1,omni-1022,1/2,4,3383,0.0,0.0,0.0,3,0.0,2,0.3270186678449133
task2/b2_2-1-1-1,b2,2,1,1,1,omni-2597,13,4,3995,0.0,0.0,0.0,3,0.0,2,0.7094606804330328
task2/b2_2-1-1-1,b2,2,1,1,1,omni-3903,"2, 128, 2000",4,4124,0.0,0.0,0.0,2,0.0,2,0.3191716856340526
task2/b2_2-1-1-1,b2,2,1,1,1,omni-4297,\text{Yes},4,3085,0.5,1.0,1.0,2,0.0,2,0.4305000899442346
task2/b2_2-1-1-1,b2,2,1,1,1,omni-4035,\text{Further combinatorial analysis required},4,1627,0.0,0.0,0.0,4,0.0,2,0.8986838288614938
task2/b2_2-1-1-1,b2,2,1,1,1,omni-1990,1481480,4,2821,0.0,0.0,0.0,3,0.0,2,0.4458137552290886
task2/b2_2-1-1-1,b2,2,1,1,1,omni-3490,8n,4,1290,1.0,1.0,0.0,1,0.0,2,0.13226568785197104
task2/b2_2-1-1-1,b2,2,1,1,1,omni-1019,\frac{11}{4},4,3013,0.0,0.0,0.0,2,0.0,2,0.5747074123900691
task2/b2_2-1-1-1,b2,2,1,1,1,omni-177,"\[ n = 2^{a+1} + 2^b, \quad a, b \ge 0 \]

Alternatively, this condition can be expressed as either \( n = 2^k, \, k \ge 2 \) or \( n \) is the sum of two distinct powers of 2.",4,2201,0.0,0.0,0.0,4,0.0,2,0.37706501000511894
task2/b2_2-1-1-1,b2,2,1,1,1,omni-3486,131,4,1442,1.0,1.0,0.0,1,0.0,2,0.5289678894952006
task2/b2_2-1-1-1,b2,2,1,1,1,omni-3572,"(0, 0, 0)",4,2678,1.0,1.0,0.0,1,0.0,2,0.19019951840385277
task2/b2_2-1-1-1,b2,2,1,1,1,omni-2937,15,4,1269,0.75,1.0,1.0,2,0.0,2,0.3974581724581725
task2/b2_2-1-1-1,b2,2,1,1,1,omni-4337,1,4,1839,1.0,1.0,0.0,1,0.0,2,0.9539183597940201
task2/b2_2-1-1-1,b2,2,1,1,1,omni-4166,\text{yes},4,1885,1.0,1.0,0.0,1,0.0,2,0.27482505388074396
task2/b2_2-1-1-1,b2,2,1,1,1,omni-647,4,4,2410,1.0,1.0,0.0,1,0.0,2,0.34170233316583604
task2/b2_2-1-1-1,b2,2,1,1,1,omni-2358,10,4,2932,0.0,0.0,0.0,3,0.0,2,0.5330250807603255
task2/b2_2-1-1-1,b2,2,1,1,1,omni-1575,516,4,1699,0.0,0.0,0.0,4,0.0,2,0.4301783400592541
task2/b2_2-1-1-1,b2,2,1,1,1,omni-3295,\[ k \neq 1 \],4,1415,0.25,1.0,1.0,4,0.0,2,0.5510955275050646
task2/b2_2-1-1-1,b2,2,1,1,1,omni-3656,"(a, b, p, n) = (2^k, 2^k, 2, 2013k + 1)",4,2844,0.0,0.0,0.0,4,0.0,2,0.2503657594083817
task2/b2_2-1-1-1,b2,2,1,1,1,omni-3824,(-1)^n 2^{n-1} d^n (2a + nd),4,2399,0.0,0.0,0.0,2,0.0,2,0.9007783509819893
task2/b2_2-1-1-1,b2,2,1,1,1,omni-3420,Tuesday,4,942,0.25,1.0,1.0,4,0.0,2,0.700583518399833
task2/b2_2-1-1-1,b2,2,1,1,1,omni-974,1-\ln (e-1),4,2267,0.0,0.0,0.0,3,0.0,2,0.5912832952029181
task2/b2_2-1-1-1,b2,2,1,1,1,omni-666,\pi / 2,4,1643,0.5,1.0,1.0,2,0.0,2,0.8203088308546218
task2/b2_2-1-1-1,b2,2,1,1,1,omni-2843,24,4,5479,0.0,0.0,0.0,3,0.0,2,0.10333163840854863
task2/b2_2-1-1-1,b2,2,1,1,1,omni-2127,\frac{8}{17},4,1878,0.0,0.0,0.0,3,0.0,2,0.3813162997604654
task2/b2_2-1-1-1,b2,2,1,1,1,omni-4406,"{x=m\pi-\frac{\pi}{4}\ ,\ m\in Z}",4,2764,0.0,0.0,0.0,4,0.0,2,0.6120569461690957
task2/b2_2-1-1-1,b2,2,1,1,1,omni-2731,15,4,1518,0.0,0.0,0.0,2,0.0,2,0.7109654662518099
task2/b2_2-1-1-1,b2,2,1,1,1,omni-1342,2013^{4025},4,2350,0.0,0.0,0.0,4,0.0,2,0.26229733590457827
task2/b2_2-1-1-1,b2,2,1,1,1,omni-3916,\lceil \log_a d \rceil,4,1821,0.0,0.0,0.0,2,0.0,2,0.4567834542367649
task2/b2_2-1-1-1,b2,2,1,1,1,omni-3302,The game is winnable if and only if \( n > k \ge 2 \).,4,1424,0.0,0.0,0.0,2,0.0,2,0.7952769253755358
task2/b2_2-1-1-1,b2,2,1,1,1,omni-2761,15,4,1238,0.5,1.0,1.0,2,0.0,2,0.6146814862354989
task2/b2_2-1-1-1,b2,2,1,1,1,omni-2744,24,4,2846,0.0,0.0,0.0,3,0.0,2,0.28195725879521827
task2/b2_2-1-1-1,b2,2,1,1,1,omni-3152,24,4,777,1.0,1.0,0.0,1,0.0,2,0.2086719731881022
task2/b2_2-1-1-1,b2,2,1,1,1,omni-1779,5994,4,2354,0.0,0.0,0.0,3,0.0,2,0.815968008360302
task2/b2_2-1-1-1,b2,2,1,1,1,omni-2936,2.2,4,1660,0.0,0.0,0.0,2,0.0,2,0.04561896874964057
task2/b2_2-1-1-1,b2,2,1,1,1,omni-1768,6,4,1605,0.0,0.0,0.0,2,0.0,2,0.31102785985647957
task2/b2_2-1-1-1,b2,2,1,1,1,omni-3996,121,4,2567,0.0,0.0,0.0,3,0.0,2,0.39066128979068815
task2/b2_2-1-1-1,b2,2,1,1,1,omni-4084,2^{n+1} - 2,4,1793,0.0,0.0,0.0,4,0.0,2,0.4126782842001989
task2/b2_2-1-1-1,b2,2,1,1,1,omni-2104,974,4,3136,0.25,1.0,1.0,4,0.0,2,0.21545450816309786
task2/b2_2-1-1-1,b2,2,1,1,1,omni-332,Cathy can win if and only if \( n \leq 2^{k-1} \).,4,1635,0.0,0.0,0.0,2,0.0,2,0.41553836234687297
task2/b2_2-1-1-1,b2,2,1,1,1,omni-4136,"(x,y) = (11,1), (49,1), (7t^2,7t), t \text{ is an interge}",4,4527,0.0,0.0,0.0,4,0.0,2,0.5109673373142685
task2/b2_2-1-1-1,b2,2,1,1,1,omni-3492,60 \mathrm{~g},4,875,1.0,1.0,0.0,1,0.0,2,0.3035388456736771
task2/b2_2-1-1-1,b2,2,1,1,1,omni-1,1,4,1247,1.0,1.0,0.0,1,0.0,2,0.5799188640973632
task2/b2_2-1-1-1,b2,2,1,1,1,omni-3342,39601,4,3210,0.0,0.0,0.0,3,0.0,2,0.570291472239129
task2/b2_2-1-1-1,b2,2,1,1,1,omni-454,132,4,1210,1.0,1.0,0.0,1,0.0,2,0.31892063783471897
task2/b2_2-1-1-1,b2,2,1,1,1,omni-2889,26,4,1472,1.0,1.0,0.0,1,0.0,2,0.3606287751983116
task2/b2_2-1-1-1,b2,2,1,1,1,omni-165,\[ 1 \],4,2158,0.25,1.0,1.0,3,0.0,2,0.6836814799645028
task2/b2_2-1-1-1,b2,2,1,1,1,omni-4016,"110,143,242,341,440,164,263,362,461,560,198,297,396,495,594,693,792,891,990",4,8267,0.0,0.0,0.0,3,0.0,2,0.010047942282351695
task2/b2_2-1-1-1,b2,2,1,1,1,omni-2406,60,4,2297,0.0,0.0,0.0,3,0.0,2,0.4619505494505495
task2/b2_2-1-1-1,b2,2,1,1,1,omni-2920,64,4,1076,1.0,1.0,0.0,1,0.0,2,0.047042375003477924
task2/b2_2-1-1-1,b2,2,1,1,1,omni-1881,1516,4,3898,0.0,0.0,0.0,4,0.0,2,0.4439600411744809
task2/b2_2-1-1-1,b2,2,1,1,1,omni-3489,113,4,3287,0.0,0.0,0.0,2,0.0,2,0.5154143949160093
task2/b2_2-1-1-1,b2,2,1,1,1,omni-3659,501,4,1362,0.0,0.0,0.0,1,0.0,2,0.6432933239880848
task2/b2_2-1-1-1,b2,2,1,1,1,omni-2887,32,4,1765,1.0,1.0,0.0,1,0.0,2,0.03948319727642128
task2/b2_2-1-1-1,b2,2,1,1,1,omni-81,\frac{97 \sqrt{2} + 40 \sqrt{3}}{15},4,3656,0.0,0.0,0.0,3,0.0,2,0.31068521845048414
task2/b2_2-1-1-1,b2,2,1,1,1,omni-1009,4,4,1578,0.0,0.0,0.0,2,0.0,2,0.4381233692709102
task2/b2_2-1-1-1,b2,2,1,1,1,omni-3445,2004,4,2030,0.75,1.0,1.0,2,0.0,2,0.45086182930219626
task2/b2_2-1-1-1,b2,2,1,1,1,omni-2933,42,4,1377,1.0,1.0,0.0,1,0.0,2,0.4683997836733467
task2/b2_2-1-1-1,b2,2,1,1,1,omni-4362,\text{No},4,2626,1.0,1.0,0.0,1,0.0,2,0.5062201849930199
task2/b2_2-1-1-1,b2,2,1,1,1,omni-2898,16,4,723,1.0,1.0,0.0,1,0.0,2,0.6351218047692572
task2/b2_2-1-1-1,b2,2,1,1,1,omni-510,\frac{13}{30},4,2419,0.0,0.0,0.0,4,0.0,2,0.29957737709314053
task2/b2_2-1-1-1,b2,2,1,1,1,omni-2664,4180,4,1431,1.0,1.0,0.0,1,0.0,2,0.3808370370074047
task2/b2_2-1-1-1,b2,2,1,1,1,omni-659,6,4,1441,1.0,1.0,0.0,1,0.0,2,0.5276516739534047
task2/b2_2-1-1-1,b2,2,1,1,1,omni-2725,15,4,1661,1.0,1.0,0.0,1,0.0,2,0.04782795399417383
task2/b2_2-1-1-1,b2,2,1,1,1,omni-1983,\frac{4}{\sqrt{5}} \text{ OR } \frac{4 \sqrt{5}}{5},4,2546,0.0,0.0,0.0,1,0.0,2,0.5390386379219761
task2/b2_2-1-1-1,b2,2,1,1,1,omni-565,52,4,1539,0.0,0.0,0.0,4,0.0,2,0.2414859261824961
task2/b2_2-1-1-1,b2,2,1,1,1,omni-2257,\frac{\sqrt{6}}{2},4,2247,0.0,0.0,0.0,2,0.0,2,0.8918525165479239
task2/b2_2-1-1-1,b2,2,1,1,1,omni-2927,4.309,4,1187,1.0,1.0,0.0,1,0.0,2,0.20774130328270457
task2/b2_2-1-1-1,b2,2,1,1,1,omni-132,\text{There are infinitely many positive integers } n \text{ such that } d(n!) - 1 \text{ is a composite number.},4,2221,0.75,1.0,1.0,2,0.0,2,0.5003039953676897
task2/b2_2-1-1-1,b2,2,1,1,1,omni-509,96,4,1134,0.0,0.0,0.0,2,0.0,2,0.4899015932521087
task2/b2_2-1-1-1,b2,2,1,1,1,omni-1544,\frac{1}{2},4,3418,0.75,1.0,1.0,2,0.0,2,0.5598712515250754
task2/b2_2-1-1-1,b2,2,1,1,1,omni-1594,"n=6, 66, 946",4,2727,0.0,0.0,0.0,3,0.0,2,0.5420955038534947
task2/b2_2-1-1-1,b2,2,1,1,1,omni-831,\frac{41}{512},4,2025,0.0,0.0,0.0,2,0.0,2,0.8940786875380053
task2/b2_2-1-1-1,b2,2,1,1,1,omni-1477,4018,4,7522,0.0,0.0,0.0,3,0.0,2,0.013067356966221955
task2/b2_2-1-1-1,b2,2,1,1,1,omni-3852,{\frac{n(n+1)(2n+1)}{6}},4,2197,0.0,0.0,0.0,2,0.0,2,0.30680482173463464
task2/b2_2-1-1-1,b2,2,1,1,1,omni-2053,71.8,4,1372,0.0,0.0,0.0,3,0.0,2,0.5526717371166692
task2/b2_2-1-1-1,b2,2,1,1,1,omni-2551,72^{\circ},4,894,0.75,1.0,1.0,2,0.0,2,0.4556145854681317
task2/b2_2-1-1-1,b2,2,1,1,1,omni-2751,8,4,2703,1.0,1.0,0.0,1,0.0,2,0.42853323405983484
task2/b2_2-1-1-1,b2,2,1,1,1,omni-2942,113,4,1353,0.0,0.0,0.0,3,0.0,2,0.3166184413580247
task2/b2_2-1-1-1,b2,2,1,1,1,omni-2739,8,4,1380,1.0,1.0,0.0,1,0.0,2,0.12316864948226482
task2/b2_2-1-1-1,b2,2,1,1,1,omni-3426,a^{2}<a<rac{1}{a},4,1346,0.0,0.0,0.0,3,0.0,2,0.4435956790123457
task2/b2_2-1-1-1,b2,2,1,1,1,omni-4321,\text{Yes},4,973,0.0,0.0,0.0,1,0.0,2,0.5889242336610758
task2/b2_2-1-1-1,b2,2,1,1,1,omni-408,15,4,2775,0.0,0.0,0.0,3,0.0,2,0.06542200865554584
task2/b2_2-1-1-1,b2,2,1,1,1,omni-27,"(2, 6), (2^k - 1, 2), (1, n) \text{ for any } n \ge 1",4,1648,0.25,1.0,1.0,2,0.0,2,0.6339513685309826
task2/b2_2-1-1-1,b2,2,1,1,1,omni-1626,21,4,5454,0.0,0.0,0.0,4,0.0,2,0.11086587436332768
task2/b2_2-1-1-1,b2,2,1,1,1,omni-178,"\[
\boxed{\frac{\pi}{4}}
\]",4,1742,0.0,0.0,0.0,2,0.0,2,0.8422023064900671
task2/b2_2-1-1-1,b2,2,1,1,1,omni-942,673,4,2821,0.0,0.0,0.0,3,0.0,2,0.5037940068020957
task2/b2_2-1-1-1,b2,2,1,1,1,omni-2578,33725,4,2640,0.0,0.0,0.0,3,0.0,2,0.4831546177793151
task2/b2_2-1-1-1,b2,2,1,1,1,omni-1460,\frac{25}{49},4,2660,0.0,0.0,0.0,2,0.0,2,0.4095693395468424
task2/b2_2-1-1-1,b2,2,1,1,1,omni-2764,\frac{89}{243},4,1767,0.0,0.0,0.0,3,0.0,2,0.4667351598173516
task2/b2_2-1-1-1,b2,2,1,1,1,omni-1224,61,4,4107,0.0,0.0,0.0,3,0.0,2,0.13834128002934165
task2/b2_2-1-1-1,b2,2,1,1,1,omni-1963,\frac{1}{1006},4,2302,0.0,0.0,0.0,3,0.0,2,0.509839227510773
task2/b2_2-1-1-1,b2,2,1,1,1,omni-2691,232,4,927,1.0,1.0,0.0,1,0.0,2,0.4765319865319865
task2/b2_2-1-1-1,b2,2,1,1,1,omni-2815,-36,4,2174,1.0,1.0,0.0,1,0.0,2,0.8581187646713615
task2/b2_2-1-1-1,b2,2,1,1,1,omni-1275,\frac{1}{1-x},4,1639,1.0,1.0,0.0,1,0.0,2,0.9075462981166201
task2/b2_2-1-1-1,b2,2,1,1,1,omni-64,\text{No such } n \text{ exists},4,1695,0.0,0.0,0.0,3,0.0,2,0.874522914824639
task2/b2_2-1-1-1,b2,2,1,1,1,omni-3465,39\%,4,1545,0.0,0.0,0.0,3,0.0,2,0.7196363688381542
task2/b2_2-1-1-1,b2,2,1,1,1,omni-226,\frac{1}{x^2},4,2556,1.0,1.0,0.0,2,0.0,2,0.7235110300327692
task2/b2_2-1-1-1,b2,2,1,1,1,omni-857,80,4,3371,0.0,0.0,0.0,2,0.0,2,0.840405555105239
task2/b2_2-1-1-1,b2,2,1,1,1,omni-1215,120,4,1059,1.0,1.0,0.0,1,0.0,2,0.5629355400696865
task2/b2_2-1-1-1,b2,2,1,1,1,omni-1654,10201,4,1769,0.75,1.0,1.0,2,0.0,2,0.415136343720199
task2/b2_2-1-1-1,b2,2,1,1,1,omni-1277,43,4,2180,0.0,0.0,0.0,1,0.0,2,0.3032564061561856
task2/b2_2-1-1-1,b2,2,1,1,1,omni-2461,51,4,2066,0.0,0.0,0.0,1,0.0,2,0.4826815597305347
task2/b2_2-1-1-1,b2,2,1,1,1,omni-3131,18\%,4,1771,1.0,1.0,0.0,2,0.0,2,0.15385727833096255
task2/b2_2-1-1-1,b2,2,1,1,1,omni-1688,2^{2009},4,2592,0.75,1.0,1.0,2,0.0,2,0.19667545521957652
task2/b2_2-1-1-1,b2,2,1,1,1,omni-1490,139,4,6290,0.5,1.0,1.0,2,0.25,2,0.11777875798647312
task2/b2_2-1-1-1,b2,2,1,1,1,omni-3147,\frac{19}{35},4,1738,0.0,0.0,0.0,2,0.0,2,0.3685938945420907
task2/b2_2-1-1-1,b2,2,1,1,1,omni-294,"The real roots of the equation \(x^4-(2\cdot10^{10}+1)x^2-x+10^{20}+10^{10}-1=0\) correct to four decimal places are approximately:
\[ x_1 \approx 10^5 - \frac{1 - \sqrt{1 + 4(10^5 + 1)}}{2 \cdot 2 \cdot 10^5} \]
\[ x_2 \approx 10^5 + \frac{1 + \sqrt{1 + 4(10^5 + 1)}}{2 \cdot 2 \cdot 10^5} \]

Given the approximations:
\[ x_1 \approx 99999.5000 \]
\[ x_2 \approx 100000.5000 \]",4,3064,0.0,0.0,0.0,4,0.0,2,0.31930806775768017
task2/b2_2-1-1-1,b2,2,1,1,1,omni-3368,60,4,1303,0.0,0.0,0.0,2,0.0,2,0.7664722572509457
task2/b2_2-1-1-1,b2,2,1,1,1,omni-265,"\[
|S| \ge 8
\]",4,3548,0.0,0.0,0.0,1,0.0,2,0.6649981488337653
task2/b2_2-1-1-1,b2,2,1,1,1,omni-909,56,4,1570,0.75,1.0,1.0,2,0.0,2,0.2495734053114917
task2/b2_2-1-1-1,b2,2,1,1,1,omni-995,p=2 \text{ and } p \equiv 3(\bmod 4),4,2988,0.0,0.0,0.0,4,0.0,2,0.4724600638977636
task2/b2_2-1-1-1,b2,2,1,1,1,omni-617,\frac{\ln 7}{4},4,2831,0.0,0.0,0.0,4,0.0,2,0.9764686583822364
task2/b2_2-1-1-1,b2,2,1,1,1,omni-765,1024,4,1239,0.0,0.0,0.0,1,0.0,2,0.035891458013966954
task2/b2_2-1-1-1,b2,2,1,1,1,omni-3457,7x+4,4,1512,0.0,0.0,0.0,1,0.0,2,0.24168798680993803
task2/b2_2-1-1-1,b2,2,1,1,1,omni-3531,"\frac{5}{2}, 3, \sqrt{10}",4,901,1.0,1.0,0.0,2,0.0,2,0.5966202270381837
task2/b2_2-1-1-1,b2,2,1,1,1,omni-576,e^{e}-1,4,2543,0.0,0.0,0.0,2,0.0,2,0.43538827392233315
task2/b2_2-1-1-1,b2,2,1,1,1,omni-1888,\frac{2}{9},4,1895,0.0,0.0,0.0,2,0.0,2,0.44507956897166917
task2/b2_2-1-1-1,b2,2,1,1,1,omni-58,\text{Every sufficiently large number appears in the sequence},4,2505,0.0,0.0,0.0,2,0.0,2,0.42950543229505433
task2/b2_2-1-1-1,b2,2,1,1,1,omni-331,There are no polynomials of degree 1 with rational coefficients that satisfy the given conditions.,4,1276,0.0,0.0,0.0,3,0.0,2,0.8821375197383261
task2/b2_2-1-1-1,b2,2,1,1,1,omni-1789,76,4,2610,1.0,1.0,0.0,1,0.0,2,0.32215532793695256
task2/b2_2-1-1-1,b2,2,1,1,1,omni-1203,30212,4,1865,0.0,0.0,0.0,3,0.0,2,0.23192645629623754
task2/b2_2-1-1-1,b2,2,1,1,1,omni-3556,946,4,3102,0.0,0.0,0.0,3,0.0,2,0.8058328507127543
task2/b2_2-1-1-1,b2,2,1,1,1,omni-115,45^\circ,4,3759,0.25,1.0,1.0,3,0.0,2,0.23914811668082697
task2/b2_2-1-1-1,b2,2,1,1,1,omni-515,\frac{11}{65},4,3590,0.0,0.0,0.0,1,0.0,2,0.5973190266568843
task2/b2_2-1-1-1,b2,2,1,1,1,omni-2621,540,4,1590,0.75,1.0,1.0,2,0.0,2,0.7259197324414716
task2/b2_2-1-1-1,b2,2,1,1,1,omni-4426,"\text{Kolya wins if Dima starts, and Dima wins if Kolya starts.}",4,2216,0.0,0.0,0.0,4,0.0,2,0.431211430384715
task2/b2_2-1-1-1,b2,2,1,1,1,omni-2378,\frac{80\sqrt{3}}{9},4,1376,1.0,1.0,0.0,1,0.0,2,0.3136499036271246
task2/b2_2-1-1-1,b2,2,1,1,1,omni-735,4 \cdot 3^{2011},4,2149,0.0,0.0,0.0,2,0.0,2,0.3280706221882692
task2/b2_2-1-1-1,b2,2,1,1,1,omni-4274,\text{Alice},4,2647,0.75,1.0,1.0,2,0.0,2,0.1045750411491845
task2/b2_2-1-1-1,b2,2,1,1,1,omni-674,50,4,842,0.0,0.0,0.0,1,0.0,2,0.8636676711149376
task2/b2_2-1-1-1,b2,2,1,1,1,omni-2220,65,4,2175,0.0,0.0,0.0,4,0.0,2,0.3117869722937806
task2/b2_2-1-1-1,b2,2,1,1,1,omni-1198,93,4,2022,0.0,0.0,0.0,2,0.0,2,0.6092385732016621
task2/b2_2-1-1-1,b2,2,1,1,1,omni-980,17,4,1630,0.0,0.0,0.0,4,0.0,2,0.5386671439651572
task2/b2_2-1-1-1,b2,2,1,1,1,omni-1515,34,4,5010,0.0,0.0,0.0,3,0.25,2,0.6114429222020934
task2/b2_2-1-1-1,b2,2,1,1,1,omni-2129,252,4,2169,0.0,0.0,0.0,1,0.0,2,0.8789958216182443
task2/b2_2-1-1-1,b2,2,1,1,1,omni-4125,(n-2)2^n + 1,4,2051,0.0,0.0,0.0,2,0.0,2,0.6271392523959627
task2/b2_2-1-1-1,b2,2,1,1,1,omni-1387,-9+3\sqrt{13},4,2789,0.0,0.0,0.0,1,0.0,2,0.7775672190565808
task2/b2_2-1-1-1,b2,2,1,1,1,omni-960,90,4,2147,0.0,0.0,0.0,2,0.0,2,0.4612521804910268
task2/b2_2-1-1-1,b2,2,1,1,1,omni-2925,600,4,1800,0.0,0.0,0.0,2,0.0,2,0.5135999513977486
task2/b2_2-1-1-1,b2,2,1,1,1,omni-374,\[ MA \cdot NA + MB \cdot NB + MC \cdot NC \geq MD \cdot ND \],4,3247,0.5,1.0,1.0,3,0.0,2,0.22226818655390085
task2/b2_2-1-1-1,b2,2,1,1,1,omni-1084,2 \sqrt[4]{6},4,1647,0.0,0.0,0.0,1,0.0,2,0.7810564375488604
task2/b2_2-1-1-1,b2,2,1,1,1,omni-1311,45,4,2097,0.0,0.0,0.0,1,0.0,2,0.5195425997821207
task2/b2_2-1-1-1,b2,2,1,1,1,omni-383,6,4,718,0.0,0.0,0.0,1,0.0,2,0.19365409207161124
task2/b2_2-1-1-1,b2,2,1,1,1,omni-3991,$\frac{13}{4}$,4,2692,0.0,0.0,0.0,1,0.0,2,0.21565690700838988
task2/b2_2-1-1-1,b2,2,1,1,1,omni-3400,160,4,962,1.0,1.0,0.0,1,0.0,2,0.5314083799888216
task2/b2_2-1-1-1,b2,2,1,1,1,omni-1749,47,4,6300,0.0,0.0,0.0,2,0.0,2,0.4588949224735646
task2/b2_2-1-1-1,b2,2,1,1,1,omni-2477,\binom{34}{9},4,1770,0.0,0.0,0.0,1,0.0,2,0.16635480982231232
task2/b2_2-1-1-1,b2,2,1,1,1,omni-2250,\frac{3}{10},4,2169,0.0,0.0,0.0,3,0.0,2,0.1893346703102962
task2/b2_2-1-1-1,b2,2,1,1,1,omni-1265,\frac{\binom{4030}{2016}}{2^{4030}},4,2989,0.0,0.0,0.0,4,0.0,2,0.05853040437637828
task2/b2_2-1-1-1,b2,2,1,1,1,omni-3005,19,4,1579,1.0,1.0,0.0,1,0.0,2,0.4976618821848412
task2/b2_2-1-1-1,b2,2,1,1,1,omni-1702,n=3,4,2438,0.75,1.0,1.0,2,0.0,2,0.1588261768362918
task2/b2_2-1-1-1,b2,2,1,1,1,omni-3008,7,4,1931,0.0,0.0,0.0,2,0.0,2,0.15713217302587779
task2/b2_2-1-1-1,b2,2,1,1,1,omni-2371,18.5285921,4,1931,0.0,0.0,0.0,3,0.0,2,0.014386424605402709
task2/b2_2-1-1-1,b2,2,1,1,1,omni-395,"6,-\frac{10}{3}",4,3284,0.5,1.0,1.0,2,0.0,2,0.5145566558938766
task2/b2_2-1-1-1,b2,2,1,1,1,omni-2451,109368,4,1634,0.0,0.0,0.0,4,0.0,2,0.6730963486942434
task2/b2_2-1-1-1,b2,2,1,1,1,omni-1018,"1, 2, 3, 4",4,3242,0.25,1.0,1.0,3,0.0,2,0.1711138235580308
task2/b2_2-1-1-1,b2,2,1,1,1,omni-1364,\frac{7}{2},4,2092,0.25,1.0,1.0,2,0.0,2,0.6171907413473087
task2/b2_2-1-1-1,b2,2,1,1,1,omni-803,1,4,1363,1.0,1.0,0.0,1,0.0,2,0.08036323744514871
task2/b2_2-1-1-1,b2,2,1,1,1,omni-685,\begin{tabular}{ll} 00000000 & 00110101 \ 11001010 & 10011110 \ 11100001 & 01101011 \ 11010100 & 01100110 \ 10111001 & 10010011 \ 01111100 & 11001101 \ 00111010 & 10101100 \ 01010111 & 11110010 \ 00001111 & 01011001 \ 10100111 & 11111111 \ \end{tabular},4,1897,0.0,0.0,0.0,1,0.0,2,0.18404098041758526
task2/b2_2-1-1-1,b2,2,1,1,1,omni-4307,"(m, n) = (36, 6)",4,2889,0.0,0.0,0.0,3,0.0,2,0.4999354594247978
task2/b2_2-1-1-1,b2,2,1,1,1,omni-1621,89,4,2747,0.0,0.0,0.0,3,0.0,2,0.5175193852118527
task2/b2_2-1-1-1,b2,2,1,1,1,omni-3325,2015.318180 \ldots,4,3330,0.0,0.0,0.0,4,0.0,2,0.42533866839331064
task2/b2_2-1-1-1,b2,2,1,1,1,omni-79,18,4,1806,0.0,0.0,0.0,3,0.0,2,0.7210795484155221
task2/b2_2-1-1-1,b2,2,1,1,1,omni-3104,120,4,1202,1.0,1.0,0.0,1,0.0,2,0.6385098880883029
task2/b2_2-1-1-1,b2,2,1,1,1,omni-125,"\left( \frac{1}{n+1}, \frac{1}{n+1}, \ldots, \frac{1}{n+1} \right)",4,2558,0.0,0.0,0.0,2,0.0,2,0.335727969348659
task2/b2_2-1-1-1,b2,2,1,1,1,omni-4340,\text{No},4,1529,0.0,0.0,0.0,1,0.0,2,0.39266666666666666
task2/b2_2-1-1-1,b2,2,1,1,1,omni-2372,\frac{45}{14},4,2282,0.0,0.0,0.0,3,0.0,2,0.38961444540259993
task2/b2_2-1-1-1,b2,2,1,1,1,omni-4152,1,4,1981,0.0,0.0,0.0,2,0.0,2,0.44766652372784443
task2/b2_2-1-1-1,b2,2,1,1,1,omni-3143,"f(x) = cx^d, c,d > 0, c=1 \text{ if } d=1",4,2019,0.0,0.0,0.0,1,0.0,2,0.7203953548110065
task2/b2_2-1-1-1,b2,2,1,1,1,omni-3943,3^{100},4,1258,0.0,0.0,0.0,1,0.0,2,0.5901891252955083
task2/b2_2-1-1-1,b2,2,1,1,1,omni-288,The area of triangle $OO_1O_2$ is minimized if $CX \perp AB$.,4,2007,0.0,0.0,0.0,2,0.0,2,0.2511782411532901
task2/b2_2-1-1-1,b2,2,1,1,1,omni-1087,1+\sqrt{2}+\sqrt{6},4,3070,0.0,0.0,0.0,2,0.0,2,0.14179173748411608
task2/b2_2-1-1-1,b2,2,1,1,1,omni-492,3,4,2491,0.0,0.0,0.0,3,0.0,2,0.5646753225202331
task2/b2_2-1-1-1,b2,2,1,1,1,omni-1549,318,4,3197,0.0,0.0,0.0,2,0.0,2,0.43270876798801694
task2/b2_2-1-1-1,b2,2,1,1,1,omni-365,11,4,1844,0.0,0.0,0.0,1,0.0,2,0.16666666666666666
task2/b2_2-1-1-1,b2,2,1,1,1,omni-4290,"(a, b, c) = (10, 10, 1), (10, 1, 10), (1, 10, 10)",4,5574,0.0,0.0,0.0,2,0.0,2,0.28465581429301406
task2/b2_2-1-1-1,b2,2,1,1,1,omni-688,"(1,1), (3,3)",4,1624,1.0,1.0,0.0,2,0.0,2,0.7643655764993409
task2/b2_2-1-1-1,b2,2,1,1,1,omni-3416,40 \text{ minutes},4,2311,0.0,0.0,0.0,3,0.0,2,0.4966573434780058
task2/b2_2-1-1-1,b2,2,1,1,1,omni-994,\frac{1999008}{1999012},4,2100,0.0,0.0,0.0,3,0.0,2,0.2315196345374236
task2/b2_2-1-1-1,b2,2,1,1,1,omni-2996,rac{3}{8},4,855,0.0,0.0,0.0,1,0.0,2,0.6573690781260266
task2/b2_2-1-1-1,b2,2,1,1,1,omni-2402,6,4,2679,0.0,0.0,0.0,4,0.0,2,0.381054606159428
task2/b2_2-1-1-1,b2,2,1,1,1,omni-2121,13,4,4254,0.5,1.0,1.0,2,0.0,2,0.6262093756681634
task2/b2_2-1-1-1,b2,2,1,1,1,omni-4134,k = \left\lfloor \sqrt{n - 1}\right\rfloor,4,1938,0.0,0.0,0.0,2,0.0,2,0.5761492522936884
task2/b2_2-1-1-1,b2,2,1,1,1,omni-2540,3633,4,2296,0.0,0.0,0.0,4,0.0,2,0.08266885553470919
task2/b2_2-1-1-1,b2,2,1,1,1,omni-2590,5,4,1974,0.0,0.0,0.0,1,0.0,2,0.8600030885317715
task2/b2_2-1-1-1,b2,2,1,1,1,omni-764,60^{\circ},4,1006,0.0,0.0,0.0,1,0.0,2,0.15526595578348293
task2/b2_2-1-1-1,b2,2,1,1,1,omni-1565,"(2,2),(3,3),(1,2),(2,3),(2,1),(3,2)",4,2487,0.0,0.0,0.0,3,0.0,2,0.7125547250371216
task2/b2_2-1-1-1,b2,2,1,1,1,omni-4161,\text{All odd integers } n \geq 3.,4,1833,0.5,1.0,1.0,3,0.0,2,0.6091305798915311
task2/b2_2-1-1-1,b2,2,1,1,1,omni-1664,n^{2}+c^{2}-nc-c,4,3841,0.0,0.0,0.0,1,0.0,2,0.41265714031778633
task2/b2_2-1-1-1,b2,2,1,1,1,omni-1506,14034,4,1978,0.0,0.0,0.0,4,0.0,2,0.639719988157089
task2/b2_2-1-1-1,b2,2,1,1,1,omni-1066,2^{32},4,2307,0.5,1.0,1.0,2,0.0,2,0.4491444008161575
task2/b2_2-1-1-1,b2,2,1,1,1,omni-1929,28,4,2740,0.0,0.0,0.0,4,0.0,2,0.5604505134466055
task2/b2_2-1-1-1,b2,2,1,1,1,omni-2656,109,4,2979,0.0,0.0,0.0,3,0.0,2,0.24872390417803225
task2/b2_2-1-1-1,b2,2,1,1,1,omni-959,\frac{1}{8},4,1646,0.75,1.0,1.0,2,0.0,2,0.4328974502965924
task2/b2_2-1-1-1,b2,2,1,1,1,omni-1792,7521,4,2446,0.0,0.0,0.0,4,0.0,2,0.31823263539520547
task2/b2_2-1-1-1,b2,2,1,1,1,omni-3204,\frac{480}{49},4,2382,0.0,0.0,0.0,4,0.0,2,0.6660782604733608
task2/b2_2-1-1-1,b2,2,1,1,1,omni-1014,31486,4,3459,0.0,0.0,0.0,3,0.0,2,0.6538782387349067
task2/b2_2-1-1-1,b2,2,1,1,1,omni-573,\frac{5}{6},4,4726,0.0,0.0,0.0,1,0.25,2,0.36395594201984527
task2/b2_2-1-1-1,b2,2,1,1,1,omni-3826,120^\circ,4,1922,0.0,0.0,0.0,1,0.0,2,0.7136982065553494
task2/b2_2-1-1-1,b2,2,1,1,1,omni-1666,8,4,2114,0.0,0.0,0.0,2,0.0,2,0.16984625743463133
task2/b2_2-1-1-1,b2,2,1,1,1,omni-3623,150,4,2624,1.0,1.0,0.0,1,0.0,2,0.6555632509857418
task2/b2_2-1-1-1,b2,2,1,1,1,omni-3183,No,4,2474,0.75,1.0,1.0,2,0.0,2,0.6026367507369801
task2/b2_2-1-1-1,b2,2,1,1,1,omni-2300,"(p, q, r)=\left(\frac{2}{5}, \frac{3}{10}, \frac{3}{10}\right)",4,2554,0.0,0.0,0.0,3,0.0,2,0.5134253520342076
task2/b2_2-1-1-1,b2,2,1,1,1,omni-2541,6,4,2113,0.25,1.0,1.0,2,0.0,2,0.5449456582355346
task2/b2_2-1-1-1,b2,2,1,1,1,omni-1961,2 \sqrt{30},4,2201,0.0,0.0,0.0,2,0.0,2,0.5027629865272215
task2/b2_2-1-1-1,b2,2,1,1,1,omni-1357,209,4,2010,0.0,0.0,0.0,4,0.0,2,0.5146853833153685
task2/b2_2-1-1-1,b2,2,1,1,1,omni-0,1 + \left\lceil \frac{n}{2} \right\rceil,4,2284,0.0,0.0,0.0,4,0.0,2,0.3941156761737237
task2/b2_2-1-1-1,b2,2,1,1,1,omni-1540,1/2,4,2634,0.25,1.0,1.0,2,0.0,2,0.23311217084801988
task2/b2_2-1-1-1,b2,2,1,1,1,omni-117,n \text{ must be odd},4,1947,0.25,1.0,1.0,3,0.0,2,0.6339688343907072
task2/b2_2-1-1-1,b2,2,1,1,1,omni-2293,168089,4,1664,0.0,0.0,0.0,4,0.0,2,0.6232872935792462
task2/b2_2-1-1-1,b2,2,1,1,1,omni-3710,\text{No},4,3241,0.75,1.0,1.0,2,0.0,2,0.2472133318618254
task2/b2_2-1-1-1,b2,2,1,1,1,omni-2280,9,4,1559,0.25,1.0,1.0,3,0.0,2,0.7197800262299346
task2/b2_2-1-1-1,b2,2,1,1,1,omni-344,"\[
\frac{63}{64}
\]",4,1284,0.0,0.0,0.0,2,0.0,2,0.6948271865197517
task2/b2_2-1-1-1,b2,2,1,1,1,omni-3076,44,4,1208,1.0,1.0,0.0,1,0.0,2,0.3012299961151422
task2/b2_2-1-1-1,b2,2,1,1,1,omni-767,\binom{109}{10},4,2037,0.0,0.0,0.0,4,0.0,2,0.5627013886499936
task2/b2_2-1-1-1,b2,2,1,1,1,omni-2956,2,4,1126,0.0,0.0,0.0,2,0.0,2,0.33235683235683233
task2/b2_2-1-1-1,b2,2,1,1,1,omni-2522,1205,4,1872,0.0,0.0,0.0,4,0.0,2,0.40801464644520574
task2/b2_2-1-1-1,b2,2,1,1,1,omni-3397,y=-x+4,4,1916,0.0,0.0,0.0,2,0.0,2,0.6018076900429842
task2/b2_2-1-1-1,b2,2,1,1,1,omni-3924,C \ge 2 \ln 2,4,2917,0.0,0.0,0.0,3,0.0,2,0.04000295916354311
task2/b2_2-1-1-1,b2,2,1,1,1,omni-712,123+6\sqrt{119},4,3616,0.0,0.0,0.0,3,0.0,2,0.26291852259646664
task2/b2_2-1-1-1,b2,2,1,1,1,omni-3226,27,4,1185,1.0,1.0,0.0,1,0.0,2,0.6104078799993569
task2/b2_2-1-1-1,b2,2,1,1,1,omni-3017,1,4,1111,1.0,1.0,0.0,1,0.0,2,0.20104303702311596
task2/b2_2-1-1-1,b2,2,1,1,1,omni-3699,100902018,4,3957,0.0,0.0,0.0,4,0.0,2,0.17269466185029098
task2/b2_2-1-1-1,b2,2,1,1,1,omni-3755,"{6,7,7.5,8,8.5,9,10}",4,4184,0.0,0.0,0.0,4,0.0,2,0.08709115476395318
task2/b2_2-1-1-1,b2,2,1,1,1,omni-3467,3,4,1955,0.5,1.0,1.0,3,0.0,2,0.1366171003717472
task2/b2_2-1-1-1,b2,2,1,1,1,omni-2787,6,4,1273,1.0,1.0,0.0,1,0.0,2,0.12920912567867554
task2/b2_2-1-1-1,b2,2,1,1,1,omni-2411,\frac{20}{3},4,2505,0.0,0.0,0.0,3,0.0,2,0.6014809985096871
task2/b2_2-1-1-1,b2,2,1,1,1,omni-2708,7,4,851,1.0,1.0,0.0,1,0.0,2,0.6164496735148909
task2/b2_2-1-1-1,b2,2,1,1,1,omni-4115,"$f(x)= 0,f(x)= 2-x, f(x)=-x$",4,2363,0.0,0.0,0.0,1,0.0,2,0.808321188948883
task2/b2_2-1-1-1,b2,2,1,1,1,omni-4386,\text{yes},4,1571,0.5,1.0,1.0,2,0.0,2,0.5931741096664782
task2/b2_2-1-1-1,b2,2,1,1,1,omni-2084,12,4,3889,0.0,0.0,0.0,3,0.0,2,0.4314620651789438
task2/b2_2-1-1-1,b2,2,1,1,1,omni-1341,581,4,3546,0.0,0.0,0.0,3,0.0,2,0.3094742064791933
task2/b2_2-1-1-1,b2,2,1,1,1,omni-3423,37.5\%,4,1444,0.0,0.0,0.0,1,0.0,2,0.2812847141491643
task2/b2_2-1-1-1,b2,2,1,1,1,omni-3819,"f(x) = \begin{cases}
\frac{2}{2 - x}, & 0 \leq x < 2, \\
0, & x \geq 2.
\end{cases}",4,3226,1.0,1.0,0.0,2,0.0,2,0.40116871835737145
task2/b2_2-1-1-1,b2,2,1,1,1,omni-2653,932,4,5063,0.0,0.0,0.0,3,0.0,2,0.6276051825020897
task2/b2_2-1-1-1,b2,2,1,1,1,omni-3827,f(x) = 0 \text{ and } f(x) = x - 1.,4,2344,0.0,0.0,0.0,2,0.0,2,0.4709030666413635
task2/b2_2-1-1-1,b2,2,1,1,1,omni-312,"The largest integer \( n \) such that there exist monic quadratic polynomials \( p_{1}(x), p_{2}(x), p_{3}(x) \) with integer coefficients so that for all integers \( i \in[1, n] \) there exists some \( j \in[1,3] \) and \( m \in \mathbb{Z} \) such that \( p_{j}(m)=i \) is \( \boxed{9} \).",4,3337,0.25,1.0,1.0,3,0.0,2,0.49000083946913053
task2/b2_2-1-1-1,b2,2,1,1,1,omni-327,\[ 1979 \],4,2608,0.25,1.0,1.0,3,0.0,2,0.2051707779886148
task2/b2_2-1-1-1,b2,2,1,1,1,omni-3441,10^{3} \text{ and } 10^{4},4,714,1.0,1.0,0.0,1,0.0,2,0.5815282591308985
task2/b2_2-1-1-1,b2,2,1,1,1,omni-3404,\frac{5}{12},4,1630,1.0,1.0,0.0,1,0.0,2,0.31158024566205417
task2/b2_2-1-1-1,b2,2,1,1,1,omni-246,\[\frac{(m+n)!}{(m-n)!} = \prod_{i=1}^{n}\left(m^{2}+m-i^{2}+i\right)\],4,1945,1.0,1.0,0.0,2,0.0,2,0.910805339406592
task2/b2_2-1-1-1,b2,2,1,1,1,omni-2943,3,4,1288,1.0,1.0,0.0,1,0.0,2,0.5942902257238463
task2/b2_2-1-1-1,b2,2,1,1,1,omni-577,"(16,4,1),(1,16,4)",4,4800,0.0,0.0,0.0,3,0.0,2,0.4868731076981587
task2/b2_2-1-1-1,b2,2,1,1,1,omni-3023,9,4,1477,1.0,1.0,0.0,1,0.0,2,0.3957672747882297
task2/b2_2-1-1-1,b2,2,1,1,1,omni-4188,$\text { We conclude that } I\star (M\star O) = (O\star I)\star M \text { if } \triangle IMO \text{ is positively oriented and is isosceles with } OI = OM \text { and } \angle IOM=\frac{2\pi}{3}.$,4,3452,0.0,0.0,0.0,3,0.0,2,0.15279173037943172
task2/b2_2-1-1-1,b2,2,1,1,1,omni-1140,20,4,2167,0.25,1.0,1.0,4,0.0,2,0.500448445389317
task2/b2_2-1-1-1,b2,2,1,1,1,omni-809,96,4,2749,0.0,0.0,0.0,4,0.0,2,0.654907291251875
task2/b2_2-1-1-1,b2,2,1,1,1,omni-1675,21,4,2783,0.25,1.0,1.0,4,0.0,2,0.0469423829836966
task2/b2_2-1-1-1,b2,2,1,1,1,omni-3267,"(j,k) = (2019, 1010)",4,2778,0.0,0.0,0.0,3,0.0,2,0.3195271362494198
task2/b2_2-1-1-1,b2,2,1,1,1,omni-1816,35,4,1537,0.0,0.0,0.0,4,0.0,2,0.48594596957510056
task2/b2_2-1-1-1,b2,2,1,1,1,omni-4008,-\frac{1}{8},4,1826,1.0,1.0,0.0,1,0.0,2,0.49973202839691033
task2/b2_2-1-1-1,b2,2,1,1,1,omni-2356,1006,4,2357,0.25,1.0,1.0,3,0.0,2,0.7431338953582403
task2/b2_2-1-1-1,b2,2,1,1,1,omni-1551,-18910,4,2040,0.0,0.0,0.0,3,0.0,2,0.7214170663123698
task2/b2_2-1-1-1,b2,2,1,1,1,omni-1225,"r = 4, s = 5",4,2614,1.0,1.0,0.0,1,0.0,2,0.3634110770231953
task2/b2_2-1-1-1,b2,2,1,1,1,omni-1762,\log _{2} 2015-1,4,2276,0.5,1.0,1.0,3,0.0,2,0.5107234738853262
task2/b2_2-1-1-1,b2,2,1,1,1,omni-944,5,4,2967,0.0,0.0,0.0,3,0.0,2,0.21868720482266962
task2/b2_2-1-1-1,b2,2,1,1,1,omni-1806,1,4,1130,0.75,1.0,1.0,2,0.0,2,0.3998842592592593
task2/b2_2-1-1-1,b2,2,1,1,1,omni-370,14,4,1450,1.0,1.0,0.0,1,0.0,2,0.23222955974842768
task2/b2_2-1-1-1,b2,2,1,1,1,omni-749,\frac{2}{3},4,1785,0.0,0.0,0.0,1,0.0,2,0.5818090290282721
task2/b2_2-1-1-1,b2,2,1,1,1,omni-3925,"$(p,n)=(p,p),(2,4)$",4,4421,0.0,0.0,0.0,4,0.0,2,0.3118912603441091
task2/b2_2-1-1-1,b2,2,1,1,1,omni-1809,\frac{1+\sqrt{5}}{2},4,1501,1.0,1.0,0.0,1,0.0,2,0.5170300780947963
task2/b2_2-1-1-1,b2,2,1,1,1,omni-322,The only possible value for the center is \( 18 \).,4,1682,0.0,0.0,0.0,2,0.0,2,0.6363052820540717
task2/b2_2-1-1-1,b2,2,1,1,1,omni-475,144,4,1426,0.0,0.0,0.0,2,0.0,2,0.5416502946954813
task2/b2_2-1-1-1,b2,2,1,1,1,omni-1432,\frac{1005}{1006},4,3483,0.0,0.0,0.0,2,0.0,2,0.47015249573925344
task2/b2_2-1-1-1,b2,2,1,1,1,omni-2055,27,4,1757,0.0,0.0,0.0,2,0.0,2,0.36575133485888633
task2/b2_2-1-1-1,b2,2,1,1,1,omni-1104,283,4,4713,0.0,0.0,0.0,3,0.0,2,0.3418509385160564
task2/b2_2-1-1-1,b2,2,1,1,1,omni-3178,"The coordinates of $R(x,y)$ are $(x+n,y)$.",4,2450,0.0,0.0,0.0,2,0.0,2,0.3992878089652283
task2/b2_2-1-1-1,b2,2,1,1,1,omni-1827,"Two continuous arcs from the circle with diameter 4,4",4,1514,0.0,0.0,0.0,1,0.0,2,0.34794917436752004
task2/b2_2-1-1-1,b2,2,1,1,1,omni-3648,f(x) = \frac{1}{x},4,2817,0.5,1.0,1.0,3,0.0,2,0.23849537391742304
task2/b2_2-1-1-1,b2,2,1,1,1,omni-318,\[ 36 \],4,1862,0.0,0.0,0.0,3,0.0,2,0.2833725605570266
task2/b2_2-1-1-1,b2,2,1,1,1,omni-683,\frac{216 \pi^{3}-2187 \sqrt{3}}{8 \pi^{2}},4,2413,0.0,0.0,0.0,4,0.0,2,0.30667647700021805
task2/b2_2-1-1-1,b2,2,1,1,1,omni-19,69,4,1803,0.0,0.0,0.0,2,0.0,2,0.45597033018157035
task2/b2_2-1-1-1,b2,2,1,1,1,omni-1492,"(0,0) \text{ and } (1,1)",4,2093,0.5,1.0,1.0,2,0.0,2,0.6009737632917245
task2/b2_2-1-1-1,b2,2,1,1,1,omni-948,\frac{224}{243},4,1728,0.0,0.0,0.0,3,0.0,2,0.521299555779063
task2/b2_2-1-1-1,b2,2,1,1,1,omni-152,A positive integral solution exists.,4,1695,0.0,0.0,0.0,2,0.0,2,0.6474419850488227
task2/b2_2-1-1-1,b2,2,1,1,1,omni-4050,f(x) = c \log(x) \text{ or } f(x) = cx^k.,4,2207,0.0,0.0,0.0,3,0.0,2,0.6189872147689486
task2/b2_2-1-1-1,b2,2,1,1,1,omni-72,\lceil \frac{n}{t} \rceil,4,1755,0.75,1.0,1.0,2,0.0,2,0.4536345221491665
task2/b2_2-1-1-1,b2,2,1,1,1,omni-2770,80,4,1513,0.75,1.0,1.0,2,0.0,2,0.5324928921798356
task2/b2_2-1-1-1,b2,2,1,1,1,omni-3234,\frac{1}{3},4,3670,0.25,1.0,1.0,3,0.0,2,0.5644252767904564
task2/b2_2-1-1-1,b2,2,1,1,1,omni-1471,30,4,974,1.0,1.0,0.0,1,0.0,2,0.5180826439823812
task2/b2_2-1-1-1,b2,2,1,1,1,omni-890,240,4,1706,0.0,0.0,0.0,1,0.0,2,0.9052604459434139
task2/b2_2-1-1-1,b2,2,1,1,1,omni-4077,$\boxed{2^{19} \cdot 3^{10} \cdot 5^{4} \cdot 3^{3} \cdot 11\cdot 13\cdot 17\cdot 19}$,4,2415,0.0,0.0,0.0,4,0.0,2,0.2663324865162856
task2/b2_2-1-1-1,b2,2,1,1,1,omni-539,12,4,2255,0.0,0.0,0.0,3,0.0,2,0.3529591104734577
task2/b2_2-1-1-1,b2,2,1,1,1,omni-4251,"{x \in \mathbb{Z} \cup \bigcup_{n = 1} ^{\infty} (n, \sqrt{(n-1)^2 + 1} + 1)}",4,3435,0.25,1.0,1.0,4,0.0,2,0.5695479189333726
task2/b2_2-1-1-1,b2,2,1,1,1,omni-1803,f(x) = \lfloor x \rfloor,4,1886,0.0,0.0,0.0,3,0.0,2,0.8316619694118932
task2/b2_2-1-1-1,b2,2,1,1,1,omni-1652,\frac{19}{18},4,3522,0.0,0.0,0.0,4,0.0,2,0.3192319376421686
task2/b2_2-1-1-1,b2,2,1,1,1,omni-3096,236,4,1626,1.0,1.0,0.0,1,0.0,2,0.26350721074097927
task2/b2_2-1-1-1,b2,2,1,1,1,omni-4269,"\tan(\sin x) > \sin(\tan x) \text{ for } x \in \left(0, \frac{\pi}{2}\right)",4,2809,0.0,0.0,0.0,1,0.0,2,0.3780882449569617
task2/b2_2-1-1-1,b2,2,1,1,1,omni-2607,7174,4,2478,0.0,0.0,0.0,4,0.0,2,0.2602322286258107
task2/b2_2-1-1-1,b2,2,1,1,1,omni-3853,3,4,2829,0.0,0.0,0.0,3,0.0,2,0.3099336729561981
task2/b2_2-1-1-1,b2,2,1,1,1,omni-1316,2003,4,1897,1.0,1.0,0.0,1,0.0,2,0.38236579057738007
task2/b2_2-1-1-1,b2,2,1,1,1,omni-275,The function \( f(x) = kx \) for any real value of \( k \).,4,2234,0.0,0.0,0.0,2,0.0,2,0.5546579860703066
task2/b2_2-1-1-1,b2,2,1,1,1,omni-3422,4^{7},4,883,1.0,1.0,0.0,1,0.0,2,0.9029012620088415
task2/b2_2-1-1-1,b2,2,1,1,1,omni-537,33^{\circ},4,1783,0.0,0.0,0.0,2,0.0,2,0.46843668194563726
task2/b2_2-1-1-1,b2,2,1,1,1,omni-1043,20,4,7717,0.25,1.0,1.0,4,0.0,2,0.13130932591144634
task2/b2_2-1-1-1,b2,2,1,1,1,omni-1154,\frac{4}{9},4,2277,0.0,0.0,0.0,2,0.0,2,0.4995275472452755
task2/b2_2-1-1-1,b2,2,1,1,1,omni-3167,2\sqrt{2} - 1,4,2842,0.0,0.0,0.0,3,0.0,2,0.3660010498598776
task2/b2_2-1-1-1,b2,2,1,1,1,omni-862,403,4,2578,0.0,0.0,0.0,2,0.0,2,0.24598674563959977
task2/b2_2-1-1-1,b2,2,1,1,1,omni-2767,44,4,2039,0.25,1.0,1.0,4,0.0,2,0.3161485444380181
task2/b2_2-1-1-1,b2,2,1,1,1,omni-3211,\frac{\pi \log(2)}{8},4,4021,0.0,0.0,0.0,4,0.0,2,0.18861427094105482
task2/b2_2-1-1-1,b2,2,1,1,1,omni-3982,4,4,2874,0.75,1.0,1.0,2,0.0,2,0.21132136536030344
task2/b2_2-1-1-1,b2,2,1,1,1,omni-4154,"(p, x, y) \in \{(3, 2, 5), (3, 5, 2)\} \cup \{(2, n, 2^k - n) \mid 0 < n < 2^k\}",4,4530,0.0,0.0,0.0,4,0.0,2,0.20292069757688763
task2/b2_2-1-1-1,b2,2,1,1,1,omni-812,433755,4,1529,0.0,0.0,0.0,1,0.0,2,0.23728173990600665
task2/b2_2-1-1-1,b2,2,1,1,1,omni-4068,\lambda \ge \frac{1}{n-1},4,1932,0.0,0.0,0.0,2,0.0,2,0.6422244285904378
task2/b2_2-1-1-1,b2,2,1,1,1,omni-240,The composite positive integers \( n \) for which it is possible to arrange all divisors of \( n \) that are greater than 1 in a circle so that no two adjacent divisors are relatively prime are those \( n \) that are not of the form \( pq \) where \( p \) and \( q \) are distinct primes.,4,2027,0.0,0.0,0.0,3,0.0,2,0.6156543142457465
task2/b2_2-1-1-1,b2,2,1,1,1,omni-1173,Yes,4,2156,0.0,0.0,0.0,1,0.0,2,0.92756175871713
task2/b2_2-1-1-1,b2,2,1,1,1,omni-3980,m \text{ is a prime number},4,2266,0.0,0.0,0.0,3,0.0,2,0.6899216019148746
task2/b2_2-1-1-1,b2,2,1,1,1,omni-2308,210,4,1725,0.0,0.0,0.0,3,0.0,2,0.44565443480478
task2/b2_2-1-1-1,b2,2,1,1,1,omni-604,\frac{16}{3},4,3334,0.0,0.0,0.0,4,0.0,2,0.034805672517386574
task2/b2_2-1-1-1,b2,2,1,1,1,omni-3907,\frac{1}{4},4,2508,0.0,0.0,0.0,2,0.0,2,0.6707286444615552
task2/b2_2-1-1-1,b2,2,1,1,1,omni-9,561,4,1107,0.0,0.0,0.0,2,0.0,2,0.3442708333333333
task2/b2_2-1-1-1,b2,2,1,1,1,omni-1954,32,4,2755,0.0,0.0,0.0,3,0.0,2,0.4536301006889242
task2/b2_2-1-1-1,b2,2,1,1,1,omni-893,1024,4,975,1.0,1.0,0.0,1,0.0,2,0.5425402717627918
task2/b2_2-1-1-1,b2,2,1,1,1,omni-3645,19,4,3377,0.75,1.0,1.0,2,0.0,2,0.45544657322875143
task2/b2_2-1-1-1,b2,2,1,1,1,omni-1529,\frac{79}{20},4,1765,0.0,0.0,0.0,2,0.0,2,0.4344961291955922
task2/b2_2-1-1-1,b2,2,1,1,1,omni-316,\[ f(x) = x + 1 \],4,2918,0.25,1.0,1.0,3,0.0,2,0.41034990946987243
task2/b2_2-1-1-1,b2,2,1,1,1,omni-3435,7,4,1376,0.75,1.0,1.0,2,0.0,2,0.14936372269705603
task2/b2_2-1-1-1,b2,2,1,1,1,omni-3984,3 \text{ and } 4,4,3608,0.25,1.0,1.0,2,0.0,2,0.3948690193821841
task2/b2_2-1-1-1,b2,2,1,1,1,omni-3047,28,4,1090,1.0,1.0,0.0,1,0.0,2,0.6957661612840156
task2/b2_2-1-1-1,b2,2,1,1,1,omni-4376,\text{Yes},4,2020,0.0,0.0,0.0,2,0.0,2,0.8854414243953743
task2/b2_2-1-1-1,b2,2,1,1,1,omni-3032,3,4,1088,1.0,1.0,0.0,1,0.0,2,0.6486636056583429
task2/b2_2-1-1-1,b2,2,1,1,1,omni-1725,16,4,3452,0.0,0.0,0.0,4,0.0,2,0.05017749155832832
task2/b2_2-1-1-1,b2,2,1,1,1,omni-589,There is no such function \( f: S \rightarrow S \).,4,2200,0.0,0.0,0.0,2,0.0,2,0.8088553856879637
task2/b2_2-1-1-1,b2,2,1,1,1,omni-826,\frac{\sqrt{30}}{2},4,1697,0.0,0.0,0.0,4,0.0,2,0.40890855675702364
task2/b2_2-1-1-1,b2,2,1,1,1,omni-1296,2002,4,2586,0.75,1.0,1.0,2,0.0,2,0.5056361830446464
task2/b2_2-1-1-1,b2,2,1,1,1,omni-108,41,4,4812,0.0,0.0,0.0,2,0.0,2,0.15729034152069674
task2/b2_2-1-1-1,b2,2,1,1,1,omni-1256,41,4,1563,0.5,1.0,1.0,2,0.0,2,0.7762498351141011
task2/b2_2-1-1-1,b2,2,1,1,1,omni-1967,6,4,1359,0.0,0.0,0.0,1,0.0,2,0.41934806487045295
task2/b2_2-1-1-1,b2,2,1,1,1,omni-3394,4,4,657,1.0,1.0,0.0,1,0.0,2,0.4653027235321011
task2/b2_2-1-1-1,b2,2,1,1,1,omni-3671,\frac{1}{2^{1007}},4,3002,0.0,0.0,0.0,3,0.0,2,0.3333553733580182
task2/b2_2-1-1-1,b2,2,1,1,1,omni-523,(2i-1)/4,4,2925,0.0,0.0,0.0,3,0.0,2,0.18799563532095925
task2/b2_2-1-1-1,b2,2,1,1,1,omni-4051,f(x) = 2x \text{ and } f(x) = 0,4,3410,0.25,1.0,1.0,3,0.0,2,0.18078004394756741
task2/b2_2-1-1-1,b2,2,1,1,1,omni-1069,2048,4,980,0.0,0.0,0.0,1,0.0,2,0.5027250360234079
task2/b2_2-1-1-1,b2,2,1,1,1,omni-4328,"f(x) = \begin{cases}
-(1-x)^c + 1 &\text{ if $x < 1$} \\
1 &\text{ if $x = 1$} \\
k(x-1)^c + 1 &\text{ if $x > 1$}
\end{cases}, \text{ for some real constants }c \geq 0, k > 0",4,2767,0.0,0.0,0.0,4,0.0,2,0.45263735340745637
task2/b2_2-1-1-1,b2,2,1,1,1,omni-820,54^{\circ},4,1762,0.25,1.0,1.0,3,0.0,2,0.5965700426981704
task2/b2_2-1-1-1,b2,2,1,1,1,omni-2101,1019088,4,1608,0.0,0.0,0.0,3,0.0,2,0.3986126594822247
task2/b2_2-1-1-1,b2,2,1,1,1,omni-346,\[ A = -7 \],4,4579,0.0,0.0,0.0,4,0.0,2,0.5620969682579917
task2/b2_2-1-1-1,b2,2,1,1,1,omni-3757,\frac{2}{5} \cdot 9^n - \frac{2}{5} \cdot (-1)^n,4,1273,0.0,0.0,0.0,3,0.0,2,0.4391351249158979
task2/b2_2-1-1-1,b2,2,1,1,1,omni-1134,23/144,4,1822,0.0,0.0,0.0,4,0.0,2,0.6303521556990749
task2/b2_2-1-1-1,b2,2,1,1,1,omni-292,"There does not exist a strictly increasing eight-term arithmetic progression \(a_{1}, \ldots, a_{8}\) of odd positive integers such that \(r(a_{1}), \ldots, r(a_{8})\) is an arithmetic progression in that order.",4,2734,0.0,0.0,0.0,1,0.0,2,0.5108478213428385
task2/b2_2-1-1-1,b2,2,1,1,1,omni-1062,45,4,3401,0.0,0.0,0.0,4,0.0,2,0.5248513954793612
task2/b2_2-1-1-1,b2,2,1,1,1,omni-4284,\text{Yes},4,1746,0.5,1.0,1.0,2,0.0,2,0.4411585039720297
task2/b2_2-1-1-1,b2,2,1,1,1,omni-814,1,4,1837,1.0,1.0,0.0,1,0.0,2,0.45644588657292834
task2/b2_2-1-1-1,b2,2,1,1,1,omni-3494,15,4,4150,0.75,1.0,1.0,1,0.25,2,0.77653806461856
task2/b2_2-1-1-1,b2,2,1,1,1,omni-693,29,4,3310,0.0,0.0,0.0,4,0.0,2,0.10558570097810899
task2/b2_2-1-1-1,b2,2,1,1,1,omni-2374,2^{2013}-6036,4,3319,1.0,1.0,0.0,1,0.0,2,0.3685396044941882
task2/b2_2-1-1-1,b2,2,1,1,1,omni-2137,12345,4,2982,0.0,0.0,0.0,4,0.0,2,0.3269179711267216
task2/b2_2-1-1-1,b2,2,1,1,1,omni-4072,$\text{第二个玩家有获胜策略，当且仅当} \displaystyle n \leq \varphi k \text{和}  \displaystyle k \leq \varphi n \text{而且}  \displaystyle \varphi=\frac{\sqrt{5}+1}{2}$,4,1808,0.0,0.0,0.0,3,0.0,2,0.5763992400343497
task2/b2_2-1-1-1,b2,2,1,1,1,omni-2962,8 \text{ p.m. on Saturday},4,804,1.0,1.0,0.0,1,0.0,2,0.307422474988584
task2/b2_2-1-1-1,b2,2,1,1,1,omni-4058,\text{No},4,3043,0.5,1.0,1.0,2,0.0,2,0.2291401964733955
task2/b2_2-1-1-1,b2,2,1,1,1,omni-2636,2530,4,1824,0.0,0.0,0.0,2,0.0,2,0.1855277542599275
task2/b2_2-1-1-1,b2,2,1,1,1,omni-543,48,4,1484,0.0,0.0,0.0,2,0.0,2,0.17093313373253494
task2/b2_2-1-1-1,b2,2,1,1,1,omni-1219,\frac{19}{28},4,2723,0.0,0.0,0.0,4,0.0,2,0.13770891061501195
task2/b2_2-1-1-1,b2,2,1,1,1,omni-742,2402,4,6758,0.5,1.0,1.0,1,0.25,2,0.20843710198326054
task2/b2_2-1-1-1,b2,2,1,1,1,omni-3950,2^n - 1,4,1541,0.0,0.0,0.0,2,0.0,2,0.7607433217189314
task2/b2_2-1-1-1,b2,2,1,1,1,omni-4042,f(x) = c \text{ for any } c > 0.,4,2657,0.0,0.0,0.0,4,0.0,2,0.6001804321597017
task2/b2_2-1-1-1,b2,2,1,1,1,omni-1957,60\left(1-\left(\frac{1}{10}\right)^{\frac{1}{9}}\right),4,3164,0.0,0.0,0.0,2,0.0,2,0.5809509037754075
task2/b2_2-1-1-1,b2,2,1,1,1,omni-4029,"\text{For } n = 3, \text{ it is not possible. For } n = 2, \text{ it is possible.}",4,2009,0.0,0.0,0.0,3,0.0,2,0.21877491745973038
task2/b2_2-1-1-1,b2,2,1,1,1,omni-3759,2,4,1974,0.5,1.0,1.0,2,0.0,2,0.4221180345499765
task2/b2_2-1-1-1,b2,2,1,1,1,omni-2839,9,4,3053,0.0,0.0,0.0,3,0.0,2,0.5545053297801465
task2/b2_2-1-1-1,b2,2,1,1,1,omni-2427,199 \pi,4,1061,1.0,1.0,0.0,1,0.0,2,0.21093285799168152
task2/b2_2-1-1-1,b2,2,1,1,1,omni-3641,f(n) = 1 \text{ for all } n \in \mathbb{N} \text{ or } f(n) = n^2 \text{ for all } n \in \mathbb{N}.,4,1944,0.5,1.0,1.0,2,0.0,2,0.5989336321573164
task2/b2_2-1-1-1,b2,2,1,1,1,omni-2092,\frac{189}{2},4,2352,0.0,0.0,0.0,2,0.0,2,0.3568845662271268
task2/b2_2-1-1-1,b2,2,1,1,1,omni-2501,20,4,4255,0.0,0.0,0.0,2,0.0,2,0.456195954930366
task2/b2_2-1-1-1,b2,2,1,1,1,omni-3401,62\%,4,540,1.0,1.0,0.0,1,0.0,2,0.21360628618693134
task2/b2_2-1-1-1,b2,2,1,1,1,omni-2658,648,4,2191,0.0,0.0,0.0,4,0.0,2,0.7034311721581773
task2/b2_2-1-1-1,b2,2,1,1,1,omni-2829,8,4,646,1.0,1.0,0.0,1,0.0,2,0.33269815291091887
task2/b2_2-1-1-1,b2,2,1,1,1,omni-1703,105,4,1725,1.0,1.0,0.0,1,0.0,2,0.5437026822409691
task2/b2_2-1-1-1,b2,2,1,1,1,omni-3317,23097,4,2547,0.0,0.0,0.0,1,0.0,2,0.44750545081441584
task2/b2_2-1-1-1,b2,2,1,1,1,omni-1144,1/5,4,3665,0.0,0.0,0.0,4,0.0,2,0.09643889795138583
task2/b2_2-1-1-1,b2,2,1,1,1,omni-2704,9 \mathrm{~km} / \mathrm{h},4,1724,1.0,1.0,0.0,1,0.0,2,0.2791909122901782
task2/b2_2-1-1-1,b2,2,1,1,1,omni-3626,2k - 1,4,1776,0.0,0.0,0.0,2,0.0,2,0.18147397308325208
task2/b2_2-1-1-1,b2,2,1,1,1,omni-4043,"(a, a+1)",4,2263,0.0,0.0,0.0,3,0.0,2,0.8945311612829963
task2/b2_2-1-1-1,b2,2,1,1,1,omni-1167,\frac{A B^{2}}{A C^{2}},4,1784,0.25,1.0,1.0,4,0.0,2,0.5090972481812692
task2/b2_2-1-1-1,b2,2,1,1,1,omni-2469,\sqrt[4]{2},4,1072,1.0,1.0,0.0,1,0.0,2,0.5950308197246238
task2/b2_2-1-1-1,b2,2,1,1,1,omni-750,89,4,1954,1.0,1.0,0.0,1,0.0,2,0.3295280357222198
task2/b2_2-1-1-1,b2,2,1,1,1,omni-270,"The minimal total penalty a player can amass is:
\[ \min(BW, 2WR, 3RB) \]

The number of optimal strategies is:
- If \( BW \neq 2WR \neq 3RB \), there is \( 1 \) optimal strategy.
- If \( BW = 2WR < 3RB \), there are \( W+1 \) strategies.
- If \( 2WR = 3RB < BW \), there are \( R+1 \) strategies.
- If \( 3RB = BW < 2WR \), there are \( B+1 \) strategies.
- If \( BW = 2WR = 3RB \), there are \( R+B+W \) strategies.",4,2254,0.0,0.0,0.0,4,0.0,2,0.14901798176446063
task2/b2_2-1-1-1,b2,2,1,1,1,omni-657,1545,4,3110,0.0,0.0,0.0,3,0.0,2,0.1946665587825596
task2/b2_2-1-1-1,b2,2,1,1,1,omni-2254,"(30,92) \text{ OR } (92,30)",4,4026,0.0,0.0,0.0,4,0.0,2,0.17224046979197769
task2/b2_2-1-1-1,b2,2,1,1,1,omni-2746,1: 2,4,1555,1.0,1.0,0.0,1,0.0,2,0.25588986659097357
task2/b2_2-1-1-1,b2,2,1,1,1,omni-1396,f(n)=\left\{\begin{array}{cl} 0 & \text { if } n \text { is even } \\ \frac{1}{2 n} & \text { if } n \text { is odd } \end{array}\right.,4,2839,0.0,0.0,0.0,2,0.0,2,0.17556603873337834
task2/b2_2-1-1-1,b2,2,1,1,1,omni-606,1+\sqrt{\frac{7}{15}},4,2357,0.0,0.0,0.0,4,0.0,2,0.48416795069337437
task2/b2_2-1-1-1,b2,2,1,1,1,omni-950,\binom{100}{50} 2^{98},4,1411,0.0,0.0,0.0,3,0.0,2,0.48552000034938925
task2/b2_2-1-1-1,b2,2,1,1,1,omni-500,28,4,2018,0.0,0.0,0.0,3,0.0,2,0.7451665501979967
task2/b2_2-1-1-1,b2,2,1,1,1,omni-2466,3680,4,3026,0.75,1.0,1.0,2,0.0,2,0.24477344042561433
task2/b2_2-1-1-1,b2,2,1,1,1,omni-1633,323,4,1263,0.0,0.0,0.0,1,0.0,2,0.34086679824384747
task2/b2_2-1-1-1,b2,2,1,1,1,omni-1326,714,4,1409,0.0,0.0,0.0,1,0.0,2,0.4755879345603272
task2/b2_2-1-1-1,b2,2,1,1,1,omni-3863,59,4,1943,0.0,0.0,0.0,3,0.0,2,0.32583127873658957
task2/b2_2-1-1-1,b2,2,1,1,1,omni-101,7,4,838,0.0,0.0,0.0,1,0.0,2,0.5192864424057085
task2/b2_2-1-1-1,b2,2,1,1,1,omni-3947,(2n-1)!!,4,1278,0.0,0.0,0.0,1,0.0,2,0.2533839159943655
task2/b2_2-1-1-1,b2,2,1,1,1,omni-661,3 \sqrt{3} / 2,4,1042,0.0,0.0,0.0,1,0.0,2,0.5413422321097516
task2/b2_2-1-1-1,b2,2,1,1,1,omni-3101,33,4,2029,0.0,0.0,0.0,3,0.0,2,0.3940083444206221
task2/b2_2-1-1-1,b2,2,1,1,1,omni-2123,\frac{21}{2},4,2459,0.25,1.0,1.0,3,0.0,2,0.5776133815349501
task2/b2_2-1-1-1,b2,2,1,1,1,omni-2670,19,4,956,1.0,1.0,0.0,1,0.0,2,0.416114383897889
task2/b2_2-1-1-1,b2,2,1,1,1,omni-120,199,4,3873,0.0,0.0,0.0,2,0.0,2,0.7567079501815779
task2/b2_2-1-1-1,b2,2,1,1,1,omni-801,\frac{116}{35},4,2005,0.0,0.0,0.0,3,0.0,2,0.46627076638733117
task2/b2_2-1-1-1,b2,2,1,1,1,omni-3896,"2, 3, 4, 6, 8, 12, 24",4,2550,0.0,0.0,0.0,2,0.0,2,0.5560514828769919
task2/b2_2-1-1-1,b2,2,1,1,1,omni-1092,192,4,1662,0.0,0.0,0.0,2,0.0,2,0.5394966529065697
task2/b2_2-1-1-1,b2,2,1,1,1,omni-333,77,4,3993,0.0,0.0,0.0,3,0.0,2,0.5363766792748141
task2/b2_2-1-1-1,b2,2,1,1,1,omni-3567,y = -\frac{1}{4},4,2362,0.0,0.0,0.0,4,0.0,2,0.89659453206557
task2/b2_2-1-1-1,b2,2,1,1,1,omni-1237,20,4,2692,1.0,1.0,0.0,1,0.0,2,0.19863469863469863
task2/b2_2-1-1-1,b2,2,1,1,1,omni-337,\[ x = 4 \],4,2462,1.0,1.0,0.0,1,0.0,2,0.2586699851014907
task2/b2_2-1-1-1,b2,2,1,1,1,omni-2403,\frac{5}{7},4,1348,0.0,0.0,0.0,2,0.0,2,0.5880054685932169
task2/b2_2-1-1-1,b2,2,1,1,1,omni-580,7,4,3083,1.0,1.0,0.0,1,0.0,2,0.4267601509887866
task2/b2_2-1-1-1,b2,2,1,1,1,omni-3941,"(2,2)(3,3)(1,2)(2,1)(2,3)(3,2)",4,3771,0.0,0.0,0.0,3,0.0,2,0.48492224317554206
task2/b2_2-1-1-1,b2,2,1,1,1,omni-309,"The simple modules of \( A \) are the 1-dimensional modules \( S_i \) for \( 1 \leq i \leq n \), where \( E_{ii} \) acts by 1 and \( E_{ij}, E_{jj} \) act by 0 for \( j \neq i \).",4,2258,0.0,0.0,0.0,4,0.0,2,0.6599550657410002
task2/b2_2-1-1-1,b2,2,1,1,1,omni-1622,Even,4,3224,0.0,0.0,0.0,1,0.0,2,0.13341089099938377
task2/b2_2-1-1-1,b2,2,1,1,1,omni-3674,"(2, 3) \text{ and } (6, 15)",4,2801,0.0,0.0,0.0,3,0.0,2,0.7053280472453913
task2/b2_2-1-1-1,b2,2,1,1,1,omni-3532,The sum diverges.,4,2474,0.0,0.0,0.0,2,0.0,2,0.6729578457082469
task2/b2_2-1-1-1,b2,2,1,1,1,omni-3260,160,4,978,1.0,1.0,0.0,1,0.0,2,0.19582460341215208
task2/b2_2-1-1-1,b2,2,1,1,1,omni-1239,-6,4,2796,0.75,1.0,1.0,2,0.0,2,0.28425711524491487
task2/b2_2-1-1-1,b2,2,1,1,1,omni-2641,7,4,2298,0.75,1.0,1.0,2,0.0,2,0.0890878169449598
task2/b2_2-1-1-1,b2,2,1,1,1,omni-290,\[ 4 \cdot 2007 - 3 = 8025 \],4,1884,0.0,0.0,0.0,3,0.0,2,0.1429344866844867
task2/b2_2-1-1-1,b2,2,1,1,1,omni-4231,$1\text{ for } n=1\text{ and } n^4-n^3\text{ for }n \ge 2$,4,1611,0.0,0.0,0.0,2,0.0,2,0.35789983279700904
task2/b2_2-1-1-1,b2,2,1,1,1,omni-3774,75^\circ,4,1254,0.0,0.0,0.0,1,0.0,2,0.8146141215106733
task2/b2_2-1-1-1,b2,2,1,1,1,omni-4243,"\[
\text{For all } n \geq 2.
\]",4,1588,0.0,0.0,0.0,2,0.0,2,0.6131726804394129
task2/b2_2-1-1-1,b2,2,1,1,1,omni-1913,\frac{1}{2},4,1292,0.0,0.0,0.0,2,0.0,2,0.3248617936117936
task2/b2_2-1-1-1,b2,2,1,1,1,omni-2146,\frac{15 \sqrt{37}-75}{4},4,2638,0.0,0.0,0.0,3,0.0,2,0.5020598792625225
task2/b2_2-1-1-1,b2,2,1,1,1,omni-2351,\frac{13}{3},4,1814,0.0,0.0,0.0,3,0.0,2,0.818393533628922
task2/b2_2-1-1-1,b2,2,1,1,1,omni-668,41,4,1726,0.0,0.0,0.0,2,0.0,2,0.6057281543569809
task2/b2_2-1-1-1,b2,2,1,1,1,omni-385,1,4,4337,1.0,1.0,0.0,1,0.0,2,0.06330926858073518
task2/b2_2-1-1-1,b2,2,1,1,1,omni-1597,"(995,1),(176,10),(80,21)",4,2566,0.0,0.0,0.0,4,0.0,2,0.5925868688069481
task2/b2_2-1-1-1,b2,2,1,1,1,omni-1041,\binom{43}{21}-1,4,1909,0.0,0.0,0.0,4,0.0,2,0.5651141020206302
task2/b2_2-1-1-1,b2,2,1,1,1,omni-3043,5,4,844,1.0,1.0,0.0,1,0.0,2,0.42053075027225306
task2/b2_2-1-1-1,b2,2,1,1,1,omni-4260,"$\boxed{(1,2,1,0), (2,0,2,0), (2,1,2,0,0), (x-3,2,1,0,0,\ldots, 0,1,0,0,0)} \text{ for any } x \ge 6$",4,3245,0.0,0.0,0.0,4,0.0,2,0.20086532199364057
task2/b2_2-1-1-1,b2,2,1,1,1,omni-929,1149852,4,2635,0.0,0.0,0.0,3,0.0,2,0.4071901672178575
task2/b2_2-1-1-1,b2,2,1,1,1,omni-1279,"\[
\sup \{V \mid V \text{ is good} \} = \frac{1}{4}
\]",4,1910,0.0,0.0,0.0,3,0.0,2,0.35530184575855306
task2/b2_2-1-1-1,b2,2,1,1,1,omni-2069,1026,4,4369,0.0,0.0,0.0,3,0.0,2,0.13178500236623597
task2/b2_2-1-1-1,b2,2,1,1,1,omni-2849,-y,4,717,1.0,1.0,0.0,1,0.0,2,0.1627515829941203
task2/b2_2-1-1-1,b2,2,1,1,1,omni-26,n - 1,4,2277,0.0,0.0,0.0,1,0.0,2,0.6680624461210912
task2/b2_2-1-1-1,b2,2,1,1,1,omni-2484,25,4,1613,0.0,0.0,0.0,3,0.0,2,0.6828826910794124
task2/b2_2-1-1-1,b2,2,1,1,1,omni-776,178,4,2425,0.0,0.0,0.0,3,0.0,2,0.4999982372642341
task2/b2_2-1-1-1,b2,2,1,1,1,omni-3867,f(x) = -1 \text{ and } f(x) = x - 1.,4,3124,0.0,0.0,0.0,3,0.0,2,0.4852993632506849
task2/b2_2-1-1-1,b2,2,1,1,1,omni-4270,"\[
a_{u+vn} = 
\begin{cases} 
0, & u+v \le n, \\ 
1, & u+v \ge n+1 
\end{cases} 
\quad \text{for all } 1 \le u \le n \text{ and } 0 \le v \le n.
\]
\[
\text{The terms can be arranged into blocks of length } n \text{ as}
\]
\[
\underbrace{(0 \cdots 0)}_{n} \underbrace{(0 \cdots 0 \ 1)}_{n-1} \underbrace{(0 \cdots 0 \ 1 \ 1)}_{n-2} \cdots \underbrace{(0 \cdots 0 \ 1 \cdots 1)}_{n-v} \underbrace{(0 \ 1 \cdots 1)}_{v} \cdots \underbrace{(0 \ 1 \cdots 1)}_{n-1} \underbrace{(1 \cdots 1)}_{n}.
\]",4,2530,0.0,0.0,0.0,3,0.0,2,0.8030464503195944
task2/b2_2-1-1-1,b2,2,1,1,1,omni-2729,2,4,908,1.0,1.0,0.0,1,0.0,2,0.5043509197587748
task2/b2_2-1-1-1,b2,2,1,1,1,omni-3669,12,4,2708,0.0,0.0,0.0,1,0.0,2,0.4938767514391671
task2/b2_2-1-1-1,b2,2,1,1,1,omni-2384,257,4,1314,0.0,0.0,0.0,2,0.0,2,0.37888241659567606
task2/b2_2-1-1-1,b2,2,1,1,1,omni-3153,18,4,1937,0.0,0.0,0.0,2,0.0,2,0.4757268956221653
task2/b2_2-1-1-1,b2,2,1,1,1,omni-2130,64912347,4,2229,0.0,0.0,0.0,3,0.0,2,0.48890871002026537
task2/b2_2-1-1-1,b2,2,1,1,1,omni-3205,8,4,838,0.0,0.0,0.0,2,0.0,2,0.4987998969868658
task2/b2_2-1-1-1,b2,2,1,1,1,omni-3691,P(x) = x + 1,4,2163,0.0,0.0,0.0,3,0.0,2,0.8325572000398195
task2/b2_2-1-1-1,b2,2,1,1,1,omni-1559,"-6,0,2,8",4,4215,0.0,0.0,0.0,3,0.0,2,0.2697132773050513
task2/b2_2-1-1-1,b2,2,1,1,1,omni-2724,181,4,2388,0.0,0.0,0.0,3,0.0,2,0.83171768707483
task2/b2_2-1-1-1,b2,2,1,1,1,omni-218,"\[
\boxed{\left(\frac{c^2+c-1}{c^2}, \frac{c}{c-1}, c\right)}
\]",4,2248,0.0,0.0,0.0,3,0.0,2,0.8353411494196341
task2/b2_2-1-1-1,b2,2,1,1,1,omni-298,"The pairs of positive integers \((x, y)\) that satisfy the equation \(x^y = y^{x - y}\) are:

\[
(x, y) = (9, 3) \quad \text{and} \quad (x, y) = (8, 2)
\]",4,2383,0.0,0.0,0.0,4,0.0,2,0.7268880973364669
task2/b2_2-1-1-1,b2,2,1,1,1,omni-186,\text{There exist infinitely many such sets } A \text{ and } B.,4,2732,0.25,1.0,1.0,4,0.0,2,0.7055299185564288
task2/b2_2-1-1-1,b2,2,1,1,1,omni-2869,12,4,1217,1.0,1.0,0.0,1,0.0,2,0.11947278911564627
task2/b2_2-1-1-1,b2,2,1,1,1,omni-2131,-\frac{2016}{2017},4,1339,0.0,0.0,0.0,2,0.0,2,0.3270223322307812
task2/b2_2-1-1-1,b2,2,1,1,1,omni-2804,20,4,2343,0.5,1.0,1.0,3,0.0,2,0.5975680909506141
task2/b2_2-1-1-1,b2,2,1,1,1,omni-3357,\log _{2008} 2009,4,2649,0.75,1.0,1.0,2,0.0,2,0.5253507723631213
task2/b2_2-1-1-1,b2,2,1,1,1,omni-3751,\frac{1}{99},4,2069,0.0,0.0,0.0,3,0.0,2,0.5459706020340815
task2/b2_2-1-1-1,b2,2,1,1,1,omni-2885,11,4,3508,0.0,0.0,0.0,3,0.0,2,0.2145780315014788
task2/b2_2-1-1-1,b2,2,1,1,1,omni-12,n \neq 5,4,2524,0.0,0.0,0.0,3,0.0,2,0.4714800317676424
task2/b2_2-1-1-1,b2,2,1,1,1,omni-258,\[ N = 2k^3 + 3k^2 + 3k \],4,2998,0.0,0.0,0.0,4,0.0,2,0.41940736548490115
task2/b2_2-1-1-1,b2,2,1,1,1,omni-1291,\frac{7}{33},4,1954,0.25,1.0,1.0,4,0.0,2,0.07725029987510357
task2/b2_2-1-1-1,b2,2,1,1,1,omni-2556,\frac{91 \sqrt{3}}{4},4,4946,0.0,0.0,0.0,3,0.0,2,0.21012163194263728
task2/b2_2-1-1-1,b2,2,1,1,1,omni-3291,The length of the altitude of the tetrahedron from vertex \(A\) can be constructed as \(\sqrt{|A_BY'|^2 - |X'Y'|^2}\).,4,1768,0.0,0.0,0.0,3,0.0,2,0.4478221129601614
task2/b2_2-1-1-1,b2,2,1,1,1,omni-1560,4,4,4588,0.0,0.0,0.0,1,0.0,2,0.09198013763003399
task2/b2_2-1-1-1,b2,2,1,1,1,omni-3249,"$(a,b,c) = (9,8,7)$",4,2154,0.0,0.0,0.0,2,0.0,2,0.3819224489795918
task2/b2_2-1-1-1,b2,2,1,1,1,omni-4266,\text{Yes},4,1260,1.0,1.0,0.0,1,0.0,2,0.42507336343115126
task2/b2_2-1-1-1,b2,2,1,1,1,omni-1685,\frac{2009}{2},4,2459,0.5,1.0,1.0,3,0.0,2,0.33345640809245847
task2/b2_2-1-1-1,b2,2,1,1,1,omni-3051,17,4,1325,1.0,1.0,0.0,1,0.0,2,0.22116324535679374
task2/b2_2-1-1-1,b2,2,1,1,1,omni-2223,\frac{2013}{2014},4,827,0.0,0.0,0.0,2,0.0,2,0.4431700497100249
task2/b2_2-1-1-1,b2,2,1,1,1,omni-2208,\frac{39}{67},4,2204,0.0,0.0,0.0,1,0.0,2,0.6246376811594203
task2/b2_2-1-1-1,b2,2,1,1,1,omni-941,144,4,2222,0.25,1.0,1.0,3,0.0,2,0.43705884915909027
task2/b2_2-1-1-1,b2,2,1,1,1,omni-2479,36 \cdot 2^{2009}+36,4,2262,0.0,0.0,0.0,4,0.0,2,0.5227781736740303
task2/b2_2-1-1-1,b2,2,1,1,1,omni-3883,f(x) = 1 \text{ for all } x \in \mathbb{Q}_{>0}.,4,2568,0.25,1.0,1.0,2,0.0,2,0.4818080653452259
task2/b2_2-1-1-1,b2,2,1,1,1,omni-2473,49,4,1968,0.0,0.0,0.0,1,0.0,2,0.6362053002594212
task2/b2_2-1-1-1,b2,2,1,1,1,omni-1810,"(3,3),(-4,-4),\left(\frac{1+3 \sqrt{5}}{2}, \frac{1-3 \sqrt{5}}{2}\right),\left(\frac{1-3 \sqrt{5}}{2}, \frac{1+3 \sqrt{5}}{2}\right)",4,4228,1.0,1.0,0.0,2,0.0,2,0.0
task2/b2_2-1-1-1,b2,2,1,1,1,omni-4002,\text{No},4,1454,0.25,1.0,1.0,2,0.0,2,0.16902492198520924
task2/b2_2-1-1-1,b2,2,1,1,1,omni-1572,8+5 \sqrt{3},4,3007,0.0,0.0,0.0,3,0.0,2,0.9128765930090179
task2/b2_2-1-1-1,b2,2,1,1,1,omni-1697,65536,4,833,1.0,1.0,0.0,1,0.0,2,0.22792013420611165
task2/b2_2-1-1-1,b2,2,1,1,1,omni-858,945,4,1728,1.0,1.0,0.0,1,0.0,2,0.24506173229940165
task2/b2_2-1-1-1,b2,2,1,1,1,omni-4083,{\frac{2\left(\sin\frac{\pi}{3\cdot 2^{99}}\right)\left(1-\cos\frac{\pi}{2^{98}}\right)}{\sin \frac{\pi}{2^{99}}}},4,1745,0.0,0.0,0.0,3,0.0,2,0.6908787075431083
task2/b2_2-1-1-1,b2,2,1,1,1,omni-4301,1023,4,1577,0.0,0.0,0.0,2,0.0,2,0.8540092829705506
task2/b2_2-1-1-1,b2,2,1,1,1,omni-1843,2^{2000},4,1931,0.0,0.0,0.0,3,0.0,2,0.33203200308463465
task2/b2_2-1-1-1,b2,2,1,1,1,omni-3041,5,4,7067,0.75,1.0,1.0,1,0.25,2,0.055462099731353826
task2/b2_2-1-1-1,b2,2,1,1,1,omni-625,-26,4,2039,0.0,0.0,0.0,2,0.0,2,0.39715284715284715
task2/b2_2-1-1-1,b2,2,1,1,1,omni-167,The assertion is false; \( n = 25 \) is a counter-example.,4,1445,0.0,0.0,0.0,2,0.0,2,0.4718475073313783
task2/b2_2-1-1-1,b2,2,1,1,1,omni-2480,924,4,1785,0.0,0.0,0.0,3,0.0,2,0.6647783300798937
task2/b2_2-1-1-1,b2,2,1,1,1,omni-2736,20,4,890,1.0,1.0,0.0,1,0.0,2,0.17151785714285714
task2/b2_2-1-1-1,b2,2,1,1,1,omni-1240,899,4,2374,1.0,1.0,0.0,1,0.0,2,0.6039773073872994
task2/b2_2-1-1-1,b2,2,1,1,1,omni-3857,"{P(0) \in (-\infty,0)\cup \{1\} }",4,2382,0.0,0.0,0.0,1,0.0,2,0.577242682897834
task2/b2_2-1-1-1,b2,2,1,1,1,omni-3140,777.5,4,2510,0.0,0.0,0.0,3,0.0,2,0.9192475286745774
task2/b2_2-1-1-1,b2,2,1,1,1,omni-3175,12,4,1839,0.0,0.0,0.0,4,0.0,2,0.340158505646483
task2/b2_2-1-1-1,b2,2,1,1,1,omni-3731,\frac{y \pm \sqrt{y^2 - 4}}{2} \text{ where } y \text{ is an integer with } |y| \geq 2,4,2471,0.0,0.0,0.0,2,0.0,2,0.6470816798941799
task2/b2_2-1-1-1,b2,2,1,1,1,omni-1769,26,4,6178,0.0,0.0,0.0,4,0.0,2,0.12166406240912563
task2/b2_2-1-1-1,b2,2,1,1,1,omni-1193,7/15,4,3563,0.0,0.0,0.0,4,0.0,2,0.36788023118768226
task2/b2_2-1-1-1,b2,2,1,1,1,omni-251,\text{No solutions},4,4713,0.0,0.0,0.0,3,0.0,2,0.5141456089569544
task2/b2_2-1-1-1,b2,2,1,1,1,omni-643,\frac{9}{10},4,3218,0.5,1.0,1.0,2,0.0,2,0.23975116943866945
task2/b2_2-1-1-1,b2,2,1,1,1,omni-1457,"There are two families of answers: (a) $a_{n}=c(n+2) n!$ for all $n \geq 1$ and $a_{0}=c+1$ for some integer $c \geq 2014$, and (b) $a_{n}=c(n+2) n!$ for all $n \geq 1$ and $a_{0}=c-1$ for some integer $c \geq 2016$.",4,2374,0.0,0.0,0.0,3,0.0,2,0.8010776454452974
task2/b2_2-1-1-1,b2,2,1,1,1,omni-1677,\frac{55}{81},4,4093,0.0,0.0,0.0,4,0.0,2,0.3497804285635799
task2/b2_2-3-1-1,b2,2,3,1,1,omni-3155,n=2^k-1 \text{ for some integer } k\geq 1,8,6380,0.0,0.0,0.0,5,0.0,6,0.2131248851132741
task2/b2_2-3-1-1,b2,2,3,1,1,omni-3904,"f(x) = C, \quad f(x) = \pm x + C, \quad \text{or} \quad f(x) = \pm x^3 + C",8,5316,0.0,0.0,0.0,6,0.0,6,0.5271487426584263
task2/b2_2-3-1-1,b2,2,3,1,1,omni-2052,-\frac{1}{2},8,2853,0.625,1.0,1.0,3,0.0,6,0.519520449721792
task2/b2_2-3-1-1,b2,2,3,1,1,omni-824,2005^{1002} / 2004!,8,4964,0.0,0.0,0.0,3,0.0,6,0.32684514624611155
task2/b2_2-3-1-1,b2,2,3,1,1,omni-2133,2017,8,2467,0.875,1.0,1.0,2,0.0,6,0.39663433274544385
task2/b2_2-3-1-1,b2,2,3,1,1,omni-1998,\frac{5}{12},8,3958,0.0,0.0,0.0,3,0.0,6,0.40424755610629215
task2/b2_2-3-1-1,b2,2,3,1,1,omni-747,477,8,2468,0.0,0.0,0.0,1,0.0,6,0.46081653746770024
task2/b2_2-3-1-1,b2,2,3,1,1,omni-1022,1/2,8,8832,0.25,1.0,1.0,4,0.0,6,0.14147113983841947
task2/b2_2-3-1-1,b2,2,3,1,1,omni-2597,13,8,3760,0.125,1.0,1.0,4,0.0,6,0.8439233963461864
task2/b2_2-3-1-1,b2,2,3,1,1,omni-3903,"2, 128, 2000",8,5083,0.0,0.0,0.0,3,0.0,6,0.5440511291201231
task2/b2_2-3-1-1,b2,2,3,1,1,omni-4297,\text{Yes},8,5252,0.625,1.0,1.0,2,0.0,6,0.3438957583602174
task2/b2_2-3-1-1,b2,2,3,1,1,omni-4035,\text{Further combinatorial analysis required},8,2951,0.0,0.0,0.0,8,0.0,6,0.5853089790582443
task2/b2_2-3-1-1,b2,2,3,1,1,omni-1990,1481480,8,6601,0.0,0.0,0.0,8,0.0,6,0.2986499525725313
task2/b2_2-3-1-1,b2,2,3,1,1,omni-3490,8n,8,1870,1.0,1.0,0.0,1,0.0,6,0.44620557156580215
task2/b2_2-3-1-1,b2,2,3,1,1,omni-1019,\frac{11}{4},8,8743,0.0,0.0,0.0,8,0.0,6,0.475115374937311
task2/b2_2-3-1-1,b2,2,3,1,1,omni-177,"\[ n = 2^{a+1} + 2^b, \quad a, b \ge 0 \]

Alternatively, this condition can be expressed as either \( n = 2^k, \, k \ge 2 \) or \( n \) is the sum of two distinct powers of 2.",8,2905,0.0,0.0,0.0,6,0.0,6,0.5971900913427773
task2/b2_2-3-1-1,b2,2,3,1,1,omni-3486,131,8,3980,0.875,1.0,1.0,2,0.0,6,0.3164386225760513
task2/b2_2-3-1-1,b2,2,3,1,1,omni-3572,"(0, 0, 0)",8,3532,0.875,1.0,1.0,2,0.0,6,0.5713813822942315
task2/b2_2-3-1-1,b2,2,3,1,1,omni-2937,15,8,2588,1.0,1.0,0.0,1,0.0,6,0.41788653477498655
task2/b2_2-3-1-1,b2,2,3,1,1,omni-4337,1,8,2746,1.0,1.0,0.0,1,0.0,6,0.7861524230204872
task2/b2_2-3-1-1,b2,2,3,1,1,omni-4166,\text{yes},8,2650,0.875,1.0,1.0,2,0.0,6,0.6478681929409813
task2/b2_2-3-1-1,b2,2,3,1,1,omni-647,4,8,3025,0.875,1.0,1.0,2,0.0,6,0.606149031270424
task2/b2_2-3-1-1,b2,2,3,1,1,omni-2358,10,8,8101,0.0,0.0,0.0,7,0.0,6,0.326967687130395
task2/b2_2-3-1-1,b2,2,3,1,1,omni-1575,516,8,3152,0.0,0.0,0.0,6,0.0,6,0.40232970861698497
task2/b2_2-3-1-1,b2,2,3,1,1,omni-3295,\[ k \neq 1 \],8,3787,0.0,0.0,0.0,8,0.0,6,0.45722904546433957
task2/b2_2-3-1-1,b2,2,3,1,1,omni-3656,"(a, b, p, n) = (2^k, 2^k, 2, 2013k + 1)",8,4675,0.0,0.0,0.0,5,0.0,6,0.4819881039731808
task2/b2_2-3-1-1,b2,2,3,1,1,omni-3824,(-1)^n 2^{n-1} d^n (2a + nd),8,3117,0.0,0.0,0.0,5,0.0,6,0.5558983381240294
task2/b2_2-3-1-1,b2,2,3,1,1,omni-3420,Tuesday,8,2022,0.625,1.0,1.0,4,0.0,6,0.4118907957409155
task2/b2_2-3-1-1,b2,2,3,1,1,omni-974,1-\ln (e-1),8,3646,0.0,0.0,0.0,2,0.0,6,0.4612891358047592
task2/b2_2-3-1-1,b2,2,3,1,1,omni-666,\pi / 2,8,3858,0.625,1.0,1.0,4,0.0,6,0.5287848265932457
task2/b2_2-3-1-1,b2,2,3,1,1,omni-2843,24,8,10279,0.0,0.0,0.0,3,0.0,6,0.40219508901316225
task2/b2_2-3-1-1,b2,2,3,1,1,omni-2127,\frac{8}{17},8,3123,0.0,0.0,0.0,4,0.0,6,0.5402273675427618
task2/b2_2-3-1-1,b2,2,3,1,1,omni-4406,"{x=m\pi-\frac{\pi}{4}\ ,\ m\in Z}",8,4253,0.0,0.0,0.0,6,0.0,6,0.7740004452904105
task2/b2_2-3-1-1,b2,2,3,1,1,omni-2731,15,8,3104,0.875,1.0,1.0,2,0.0,6,0.45462510323891153
task2/b2_2-3-1-1,b2,2,3,1,1,omni-1342,2013^{4025},8,2743,0.0,0.0,0.0,5,0.0,6,0.6230383651436283
task2/b2_2-3-1-1,b2,2,3,1,1,omni-3916,\lceil \log_a d \rceil,8,3176,0.0,0.0,0.0,3,0.0,6,0.58492980450587
task2/b2_2-3-1-1,b2,2,3,1,1,omni-3302,The game is winnable if and only if \( n > k \ge 2 \).,8,2719,0.0,0.0,0.0,3,0.0,6,0.5278826851757341
task2/b2_2-3-1-1,b2,2,3,1,1,omni-2761,15,8,2115,0.25,1.0,1.0,4,0.0,6,0.5389036643026005
task2/b2_2-3-1-1,b2,2,3,1,1,omni-2744,24,8,5740,0.0,0.0,0.0,2,0.0,6,0.4621675950483281
task2/b2_2-3-1-1,b2,2,3,1,1,omni-3152,24,8,1564,1.0,1.0,0.0,1,0.0,6,0.21349806915332933
task2/b2_2-3-1-1,b2,2,3,1,1,omni-1779,5994,8,3559,0.0,0.0,0.0,7,0.0,6,0.6772412617791249
task2/b2_2-3-1-1,b2,2,3,1,1,omni-2936,2.2,8,2243,0.0,0.0,0.0,3,0.0,6,0.4448787894839063
task2/b2_2-3-1-1,b2,2,3,1,1,omni-1768,6,8,2234,0.0,0.0,0.0,1,0.0,6,0.5120543085472747
task2/b2_2-3-1-1,b2,2,3,1,1,omni-3996,121,8,3978,0.0,0.0,0.0,4,0.0,6,0.5515811497208253
task2/b2_2-3-1-1,b2,2,3,1,1,omni-4084,2^{n+1} - 2,8,3511,0.0,0.0,0.0,5,0.0,6,0.3415961779448622
task2/b2_2-3-1-1,b2,2,3,1,1,omni-2104,974,8,5079,0.125,1.0,1.0,7,0.0,6,0.249591356659269
task2/b2_2-3-1-1,b2,2,3,1,1,omni-332,Cathy can win if and only if \( n \leq 2^{k-1} \).,8,2618,0.0,0.0,0.0,3,0.0,6,0.4722119156574161
task2/b2_2-3-1-1,b2,2,3,1,1,omni-4136,"(x,y) = (11,1), (49,1), (7t^2,7t), t \text{ is an interge}",8,6130,0.0,0.0,0.0,5,0.0,6,0.590537590896271
task2/b2_2-3-1-1,b2,2,3,1,1,omni-3492,60 \mathrm{~g},8,1564,1.0,1.0,0.0,1,0.0,6,0.3003513317552726
task2/b2_2-3-1-1,b2,2,3,1,1,omni-1,1,8,1846,0.375,1.0,1.0,2,0.0,6,0.8119331347236014
task2/b2_2-3-1-1,b2,2,3,1,1,omni-3342,39601,8,8239,0.0,0.0,0.0,3,0.0,6,0.21860460240366386
task2/b2_2-3-1-1,b2,2,3,1,1,omni-454,132,8,2494,1.0,1.0,0.0,1,0.0,6,0.17818372559751872
task2/b2_2-3-1-1,b2,2,3,1,1,omni-2889,26,8,2890,1.0,1.0,0.0,1,0.0,6,0.3230034426324277
task2/b2_2-3-1-1,b2,2,3,1,1,omni-165,\[ 1 \],8,5641,0.375,1.0,1.0,3,0.0,6,0.30364877762278836
task2/b2_2-3-1-1,b2,2,3,1,1,omni-4016,"110,143,242,341,440,164,263,362,461,560,198,297,396,495,594,693,792,891,990",8,9030,0.0,0.0,0.0,6,0.0,6,0.4791247603752651
task2/b2_2-3-1-1,b2,2,3,1,1,omni-2406,60,8,2688,0.0,0.0,0.0,2,0.0,6,0.7123095283472641
task2/b2_2-3-1-1,b2,2,3,1,1,omni-2920,64,8,1360,0.875,1.0,1.0,2,0.0,6,0.3812186044510417
task2/b2_2-3-1-1,b2,2,3,1,1,omni-1881,1516,8,6124,0.0,0.0,0.0,8,0.0,6,0.511617098243927
task2/b2_2-3-1-1,b2,2,3,1,1,omni-3489,113,8,2325,0.0,0.0,0.0,3,0.0,6,0.42543696109175216
task2/b2_2-3-1-1,b2,2,3,1,1,omni-3659,501,8,2822,0.0,0.0,0.0,1,0.0,6,0.5253721445821291
task2/b2_2-3-1-1,b2,2,3,1,1,omni-2887,32,8,3313,0.875,1.0,1.0,2,0.0,6,0.02114183764495986
task2/b2_2-3-1-1,b2,2,3,1,1,omni-81,\frac{97 \sqrt{2} + 40 \sqrt{3}}{15},8,4081,0.0,0.0,0.0,7,0.0,6,0.509960525570541
task2/b2_2-3-1-1,b2,2,3,1,1,omni-1009,4,8,1592,0.0,0.0,0.0,1,0.0,6,0.4960017198555014
task2/b2_2-3-1-1,b2,2,3,1,1,omni-3445,2004,8,4172,0.625,1.0,1.0,3,0.0,6,0.320283738131945
task2/b2_2-3-1-1,b2,2,3,1,1,omni-2933,42,8,2615,1.0,1.0,0.0,1,0.0,6,0.3327135195304594
task2/b2_2-3-1-1,b2,2,3,1,1,omni-4362,\text{No},8,3892,0.875,1.0,1.0,2,0.0,6,0.564271597477797
task2/b2_2-3-1-1,b2,2,3,1,1,omni-2898,16,8,1062,1.0,1.0,0.0,1,0.0,6,0.6704461494742824
task2/b2_2-3-1-1,b2,2,3,1,1,omni-510,\frac{13}{30},8,5989,0.0,0.0,0.0,6,0.0,6,0.15959182510250683
task2/b2_2-3-1-1,b2,2,3,1,1,omni-2664,4180,8,2761,1.0,1.0,0.0,1,0.0,6,0.2609924652807321
task2/b2_2-3-1-1,b2,2,3,1,1,omni-659,6,8,4031,0.375,1.0,1.0,4,0.0,6,0.583753108584966
task2/b2_2-3-1-1,b2,2,3,1,1,omni-2725,15,8,2640,1.0,1.0,0.0,1,0.0,6,0.310908345409407
task2/b2_2-3-1-1,b2,2,3,1,1,omni-1983,\frac{4}{\sqrt{5}} \text{ OR } \frac{4 \sqrt{5}}{5},8,6036,0.0,0.0,0.0,1,0.0,6,0.328546628335176
task2/b2_2-3-1-1,b2,2,3,1,1,omni-565,52,8,2925,0.0,0.0,0.0,3,0.0,6,0.15920495729528347
task2/b2_2-3-1-1,b2,2,3,1,1,omni-2257,\frac{\sqrt{6}}{2},8,6891,0.0,0.0,0.0,4,0.0,6,0.3555761556638206
task2/b2_2-3-1-1,b2,2,3,1,1,omni-2927,4.309,8,1275,1.0,1.0,0.0,1,0.0,6,0.3776560335366402
task2/b2_2-3-1-1,b2,2,3,1,1,omni-132,\text{There are infinitely many positive integers } n \text{ such that } d(n!) - 1 \text{ is a composite number.},8,4107,0.875,1.0,1.0,2,0.0,6,0.5067082208962032
task2/b2_2-3-1-1,b2,2,3,1,1,omni-509,96,8,2171,0.0,0.0,0.0,3,0.0,6,0.4844096646449962
task2/b2_2-3-1-1,b2,2,3,1,1,omni-1544,\frac{1}{2},8,5969,0.875,1.0,1.0,2,0.0,6,0.3850869751832613
task2/b2_2-3-1-1,b2,2,3,1,1,omni-1594,"n=6, 66, 946",8,4451,0.0,0.0,0.0,6,0.0,6,0.6467549371300402
task2/b2_2-3-1-1,b2,2,3,1,1,omni-831,\frac{41}{512},8,3192,0.0,0.0,0.0,2,0.0,6,0.5829292590200174
task2/b2_2-3-1-1,b2,2,3,1,1,omni-1477,4018,8,7240,0.0,0.0,0.0,7,0.0,6,0.25620237462342726
task2/b2_2-3-1-1,b2,2,3,1,1,omni-3852,{\frac{n(n+1)(2n+1)}{6}},8,3186,0.0,0.0,0.0,3,0.0,6,0.4251464059991974
task2/b2_2-3-1-1,b2,2,3,1,1,omni-2053,71.8,8,2614,0.0,0.0,0.0,2,0.0,6,0.4096350251263088
task2/b2_2-3-1-1,b2,2,3,1,1,omni-2551,72^{\circ},8,1442,1.0,1.0,0.0,1,0.0,6,0.5116776078487953
task2/b2_2-3-1-1,b2,2,3,1,1,omni-2751,8,8,2995,0.875,1.0,1.0,2,0.0,6,0.5545648795648795
task2/b2_2-3-1-1,b2,2,3,1,1,omni-2942,113,8,3499,0.0,0.0,0.0,4,0.0,6,0.1905567300916138
task2/b2_2-3-1-1,b2,2,3,1,1,omni-2739,8,8,1620,1.0,1.0,0.0,1,0.0,6,0.5626994301994303
task2/b2_2-3-1-1,b2,2,3,1,1,omni-3426,a^{2}<a<rac{1}{a},8,2816,0.0,0.0,0.0,4,0.0,6,0.3009954564229657
task2/b2_2-3-1-1,b2,2,3,1,1,omni-4321,\text{Yes},8,1891,0.125,1.0,1.0,2,0.0,6,0.49732142857142864
task2/b2_2-3-1-1,b2,2,3,1,1,omni-408,15,8,4674,0.0,0.0,0.0,3,0.0,6,0.22073324497568791
task2/b2_2-3-1-1,b2,2,3,1,1,omni-27,"(2, 6), (2^k - 1, 2), (1, n) \text{ for any } n \ge 1",8,3087,0.125,1.0,1.0,6,0.0,6,0.5005502250001445
task2/b2_2-3-1-1,b2,2,3,1,1,omni-1626,21,8,6960,0.125,1.0,1.0,6,0.0,6,0.5467031042499172
task2/b2_2-3-1-1,b2,2,3,1,1,omni-178,"\[
\boxed{\frac{\pi}{4}}
\]",8,3525,0.0,0.0,0.0,4,0.0,6,0.3750201848030861
task2/b2_2-3-1-1,b2,2,3,1,1,omni-942,673,8,4280,0.125,1.0,1.0,6,0.0,6,0.44486777528074944
task2/b2_2-3-1-1,b2,2,3,1,1,omni-2578,33725,8,4188,0.0,0.0,0.0,3,0.0,6,0.1885577286785484
task2/b2_2-3-1-1,b2,2,3,1,1,omni-1460,\frac{25}{49},8,4238,0.0,0.0,0.0,3,0.0,6,0.534156073896675
task2/b2_2-3-1-1,b2,2,3,1,1,omni-2764,\frac{89}{243},8,5119,0.0,0.0,0.0,5,0.0,6,0.42451584930739905
task2/b2_2-3-1-1,b2,2,3,1,1,omni-1224,61,8,3516,0.0,0.0,0.0,6,0.0,6,0.4982558513374486
task2/b2_2-3-1-1,b2,2,3,1,1,omni-1963,\frac{1}{1006},8,4041,0.625,1.0,1.0,4,0.0,6,0.2790463584997998
task2/b2_2-3-1-1,b2,2,3,1,1,omni-2691,232,8,1915,1.0,1.0,0.0,1,0.0,6,0.3628194864496234
task2/b2_2-3-1-1,b2,2,3,1,1,omni-2815,-36,8,3590,1.0,1.0,0.0,1,0.0,6,0.6213490119123072
task2/b2_2-3-1-1,b2,2,3,1,1,omni-1275,\frac{1}{1-x},8,2940,1.0,1.0,0.0,1,0.0,6,0.3577888752674214
task2/b2_2-3-1-1,b2,2,3,1,1,omni-64,\text{No such } n \text{ exists},8,3832,0.0,0.0,0.0,6,0.0,6,0.6020944237065908
task2/b2_2-3-1-1,b2,2,3,1,1,omni-3465,39\%,8,3055,0.0,0.0,0.0,3,0.0,6,0.5505815972222222
task2/b2_2-3-1-1,b2,2,3,1,1,omni-226,\frac{1}{x^2},8,6022,0.25,1.0,1.0,6,0.0,6,0.46481038352477855
task2/b2_2-3-1-1,b2,2,3,1,1,omni-857,80,8,3666,0.0,0.0,0.0,2,0.0,6,0.5128993691493692
task2/b2_2-3-1-1,b2,2,3,1,1,omni-1215,120,8,2424,1.0,1.0,0.0,1,0.0,6,0.20889694603263143
task2/b2_2-3-1-1,b2,2,3,1,1,omni-1654,10201,8,2967,0.25,1.0,1.0,3,0.0,6,0.3823161279762764
task2/b2_2-3-1-1,b2,2,3,1,1,omni-1277,43,8,3806,0.0,0.0,0.0,1,0.0,6,0.3276301732811511
task2/b2_2-3-1-1,b2,2,3,1,1,omni-2461,51,8,2530,0.0,0.0,0.0,1,0.0,6,0.7431147253152366
task2/b2_2-3-1-1,b2,2,3,1,1,omni-3131,18\%,8,2863,1.0,1.0,0.0,2,0.0,6,0.29781767230370204
task2/b2_2-3-1-1,b2,2,3,1,1,omni-1688,2^{2009},8,3616,0.875,1.0,1.0,2,0.0,6,0.22850004605323757
task2/b2_2-3-1-1,b2,2,3,1,1,omni-1490,139,8,8165,0.0,0.0,0.0,6,0.0,6,0.774477353195072
task2/b2_2-3-1-1,b2,2,3,1,1,omni-3147,\frac{19}{35},8,2989,0.0,0.0,0.0,6,0.0,6,0.4406521739130435
task2/b2_2-3-1-1,b2,2,3,1,1,omni-294,"The real roots of the equation \(x^4-(2\cdot10^{10}+1)x^2-x+10^{20}+10^{10}-1=0\) correct to four decimal places are approximately:
\[ x_1 \approx 10^5 - \frac{1 - \sqrt{1 + 4(10^5 + 1)}}{2 \cdot 2 \cdot 10^5} \]
\[ x_2 \approx 10^5 + \frac{1 + \sqrt{1 + 4(10^5 + 1)}}{2 \cdot 2 \cdot 10^5} \]

Given the approximations:
\[ x_1 \approx 99999.5000 \]
\[ x_2 \approx 100000.5000 \]",8,4357,0.0,0.0,0.0,7,0.0,6,0.43735562615018725
task2/b2_2-3-1-1,b2,2,3,1,1,omni-3368,60,8,2865,0.0,0.0,0.0,4,0.0,6,0.5584686014100673
task2/b2_2-3-1-1,b2,2,3,1,1,omni-265,"\[
|S| \ge 8
\]",8,3865,0.0,0.0,0.0,4,0.0,6,0.4201289580173729
task2/b2_2-3-1-1,b2,2,3,1,1,omni-909,56,8,3353,0.5,1.0,1.0,4,0.0,6,0.4808202431590582
task2/b2_2-3-1-1,b2,2,3,1,1,omni-995,p=2 \text{ and } p \equiv 3(\bmod 4),8,5250,0.0,0.0,0.0,4,0.0,6,0.4885108953554342
task2/b2_2-3-1-1,b2,2,3,1,1,omni-617,\frac{\ln 7}{4},8,7397,0.125,1.0,1.0,8,0.0,6,0.4754201701046425
task2/b2_2-3-1-1,b2,2,3,1,1,omni-765,1024,8,2267,0.0,0.0,0.0,1,0.0,6,0.07963097545219638
task2/b2_2-3-1-1,b2,2,3,1,1,omni-3457,7x+4,8,2901,0.0,0.0,0.0,2,0.0,6,0.5371240425837499
task2/b2_2-3-1-1,b2,2,3,1,1,omni-3531,"\frac{5}{2}, 3, \sqrt{10}",8,1692,1.0,1.0,0.0,1,0.0,6,0.4989269232081061
task2/b2_2-3-1-1,b2,2,3,1,1,omni-576,e^{e}-1,8,4148,0.0,0.0,0.0,3,0.0,6,0.5633627590416886
task2/b2_2-3-1-1,b2,2,3,1,1,omni-1888,\frac{2}{9},8,3284,0.0,0.0,0.0,2,0.0,6,0.499003549003549
task2/b2_2-3-1-1,b2,2,3,1,1,omni-58,\text{Every sufficiently large number appears in the sequence},8,2223,0.0,0.0,0.0,5,0.0,6,0.6900853681108959
task2/b2_2-3-1-1,b2,2,3,1,1,omni-331,There are no polynomials of degree 1 with rational coefficients that satisfy the given conditions.,8,2388,0.0,0.0,0.0,6,0.0,6,0.5456912878787878
task2/b2_2-3-1-1,b2,2,3,1,1,omni-1789,76,8,4924,1.0,1.0,0.0,1,0.0,6,0.2975820887173463
task2/b2_2-3-1-1,b2,2,3,1,1,omni-1203,30212,8,2843,0.0,0.0,0.0,1,0.0,6,0.39419860112175914
task2/b2_2-3-1-1,b2,2,3,1,1,omni-3556,946,8,4616,0.0,0.0,0.0,4,0.0,6,0.529974130896608
task2/b2_2-3-1-1,b2,2,3,1,1,omni-115,45^\circ,8,3855,1.0,1.0,0.0,1,0.0,6,0.6232848339133567
task2/b2_2-3-1-1,b2,2,3,1,1,omni-515,\frac{11}{65},8,5893,0.0,0.0,0.0,5,0.0,6,0.5253289003289003
task2/b2_2-3-1-1,b2,2,3,1,1,omni-2621,540,8,2612,0.375,1.0,1.0,4,0.0,6,0.6199853551741954
task2/b2_2-3-1-1,b2,2,3,1,1,omni-4426,"\text{Kolya wins if Dima starts, and Dima wins if Kolya starts.}",8,3935,0.0,0.0,0.0,4,0.0,6,0.3858533251837892
task2/b2_2-3-1-1,b2,2,3,1,1,omni-2378,\frac{80\sqrt{3}}{9},8,3109,0.5,1.0,1.0,5,0.0,6,0.2923971989680409
task2/b2_2-3-1-1,b2,2,3,1,1,omni-735,4 \cdot 3^{2011},8,6356,0.0,0.0,0.0,4,0.125,6,0.32293596562875604
task2/b2_2-3-1-1,b2,2,3,1,1,omni-4274,\text{Alice},8,2196,0.625,1.0,1.0,2,0.0,6,0.5913833276316618
task2/b2_2-3-1-1,b2,2,3,1,1,omni-674,50,8,2070,0.0,0.0,0.0,1,0.0,6,0.564874659651288
task2/b2_2-3-1-1,b2,2,3,1,1,omni-2220,65,8,4389,0.0,0.0,0.0,8,0.0,6,0.2773735200077618
task2/b2_2-3-1-1,b2,2,3,1,1,omni-1198,93,8,2460,0.0,0.0,0.0,5,0.0,6,0.6380863401106316
task2/b2_2-3-1-1,b2,2,3,1,1,omni-980,17,8,2826,0.0,0.0,0.0,4,0.0,6,0.48543730189610884
task2/b2_2-3-1-1,b2,2,3,1,1,omni-1515,34,8,6744,0.0,0.0,0.0,4,0.0,6,0.3320634234932079
task2/b2_2-3-1-1,b2,2,3,1,1,omni-2129,252,8,6228,0.0,0.0,0.0,4,0.0,6,0.23620943598610378
task2/b2_2-3-1-1,b2,2,3,1,1,omni-4125,(n-2)2^n + 1,8,3353,0.0,0.0,0.0,5,0.0,6,0.49199201527585995
task2/b2_2-3-1-1,b2,2,3,1,1,omni-1387,-9+3\sqrt{13},8,5582,0.0,0.0,0.0,3,0.0,6,0.45076827836612426
task2/b2_2-3-1-1,b2,2,3,1,1,omni-960,90,8,3726,0.0,0.0,0.0,2,0.0,6,0.5374612042209808
task2/b2_2-3-1-1,b2,2,3,1,1,omni-2925,600,8,2651,0.0,0.0,0.0,2,0.0,6,0.4627347868365832
task2/b2_2-3-1-1,b2,2,3,1,1,omni-374,\[ MA \cdot NA + MB \cdot NB + MC \cdot NC \geq MD \cdot ND \],8,3926,0.875,1.0,1.0,3,0.0,6,0.6052806929868398
task2/b2_2-3-1-1,b2,2,3,1,1,omni-1084,2 \sqrt[4]{6},8,3988,0.0,0.0,0.0,1,0.0,6,0.41958257945428296
task2/b2_2-3-1-1,b2,2,3,1,1,omni-1311,45,8,3942,0.0,0.0,0.0,1,0.0,6,0.44405868718830166
task2/b2_2-3-1-1,b2,2,3,1,1,omni-383,6,8,1056,0.0,0.0,0.0,1,0.0,6,0.5589949956147139
task2/b2_2-3-1-1,b2,2,3,1,1,omni-3991,$\frac{13}{4}$,8,3942,0.0,0.0,0.0,1,0.0,6,0.4319523263339655
task2/b2_2-3-1-1,b2,2,3,1,1,omni-3400,160,8,2394,1.0,1.0,0.0,1,0.0,6,0.5917404410830671
task2/b2_2-3-1-1,b2,2,3,1,1,omni-1749,47,8,6073,0.0,0.0,0.0,4,0.0,6,0.5180407967862504
task2/b2_2-3-1-1,b2,2,3,1,1,omni-2477,\binom{34}{9},8,2325,0.375,1.0,1.0,7,0.0,6,0.610202492211838
task2/b2_2-3-1-1,b2,2,3,1,1,omni-2250,\frac{3}{10},8,3277,0.0,0.0,0.0,3,0.0,6,0.3789142145251005
task2/b2_2-3-1-1,b2,2,3,1,1,omni-1265,\frac{\binom{4030}{2016}}{2^{4030}},8,4770,0.25,1.0,1.0,8,0.0,6,0.40581803708559655
task2/b2_2-3-1-1,b2,2,3,1,1,omni-3005,19,8,2743,1.0,1.0,0.0,1,0.0,6,0.6147282455646297
task2/b2_2-3-1-1,b2,2,3,1,1,omni-1702,n=3,8,4811,0.75,1.0,1.0,3,0.0,6,0.33710624284077895
task2/b2_2-3-1-1,b2,2,3,1,1,omni-3008,7,8,1796,0.0,0.0,0.0,3,0.0,6,0.588306839938457
task2/b2_2-3-1-1,b2,2,3,1,1,omni-2371,18.5285921,8,4590,0.0,0.0,0.0,5,0.0,6,0.010470738818175354
task2/b2_2-3-1-1,b2,2,3,1,1,omni-395,"6,-\frac{10}{3}",8,7600,0.375,1.0,1.0,3,0.0,6,0.28500459699719455
task2/b2_2-3-1-1,b2,2,3,1,1,omni-2451,109368,8,3544,0.0,0.0,0.0,8,0.0,6,0.31305607043558853
task2/b2_2-3-1-1,b2,2,3,1,1,omni-1018,"1, 2, 3, 4",8,4486,0.5,1.0,1.0,3,0.0,6,0.4221861090579185
task2/b2_2-3-1-1,b2,2,3,1,1,omni-1364,\frac{7}{2},8,3053,0.375,1.0,1.0,2,0.0,6,0.5450655612632195
task2/b2_2-3-1-1,b2,2,3,1,1,omni-803,1,8,2509,1.0,1.0,0.0,1,0.0,6,0.0494542288890377
task2/b2_2-3-1-1,b2,2,3,1,1,omni-685,\begin{tabular}{ll} 00000000 & 00110101 \ 11001010 & 10011110 \ 11100001 & 01101011 \ 11010100 & 01100110 \ 10111001 & 10010011 \ 01111100 & 11001101 \ 00111010 & 10101100 \ 01010111 & 11110010 \ 00001111 & 01011001 \ 10100111 & 11111111 \ \end{tabular},8,3785,0.0,0.0,0.0,1,0.0,6,0.2596025309687194
task2/b2_2-3-1-1,b2,2,3,1,1,omni-4307,"(m, n) = (36, 6)",8,4476,0.0,0.0,0.0,4,0.0,6,0.638405071738405
task2/b2_2-3-1-1,b2,2,3,1,1,omni-1621,89,8,3270,0.0,0.0,0.0,5,0.0,6,0.6734207968901846
task2/b2_2-3-1-1,b2,2,3,1,1,omni-3325,2015.318180 \ldots,8,5445,0.0,0.0,0.0,6,0.0,6,0.5812311368257262
task2/b2_2-3-1-1,b2,2,3,1,1,omni-79,18,8,3773,0.0,0.0,0.0,2,0.0,6,0.4379164489851202
task2/b2_2-3-1-1,b2,2,3,1,1,omni-3104,120,8,1774,1.0,1.0,0.0,1,0.0,6,0.5313747160311905
task2/b2_2-3-1-1,b2,2,3,1,1,omni-125,"\left( \frac{1}{n+1}, \frac{1}{n+1}, \ldots, \frac{1}{n+1} \right)",8,5031,0.0,0.0,0.0,5,0.0,6,0.49562325109637867
task2/b2_2-3-1-1,b2,2,3,1,1,omni-4340,\text{No},8,3059,0.0,0.0,0.0,1,0.0,6,0.39977587052212465
task2/b2_2-3-1-1,b2,2,3,1,1,omni-2372,\frac{45}{14},8,5879,0.0,0.0,0.0,5,0.0,6,0.20467950910988886
task2/b2_2-3-1-1,b2,2,3,1,1,omni-4152,1,8,3913,0.0,0.0,0.0,3,0.0,6,0.4639085588949921
task2/b2_2-3-1-1,b2,2,3,1,1,omni-3143,"f(x) = cx^d, c,d > 0, c=1 \text{ if } d=1",8,5365,0.0,0.0,0.0,3,0.0,6,0.41510843649359636
task2/b2_2-3-1-1,b2,2,3,1,1,omni-3943,3^{100},8,2034,0.0,0.0,0.0,1,0.0,6,0.44672131147540983
task2/b2_2-3-1-1,b2,2,3,1,1,omni-288,The area of triangle $OO_1O_2$ is minimized if $CX \perp AB$.,8,3774,0.0,0.0,0.0,4,0.0,6,0.26383330079396067
task2/b2_2-3-1-1,b2,2,3,1,1,omni-1087,1+\sqrt{2}+\sqrt{6},8,4389,0.0,0.0,0.0,3,0.0,6,0.42858365111958546
task2/b2_2-3-1-1,b2,2,3,1,1,omni-492,3,8,4512,0.125,1.0,1.0,5,0.0,6,0.24326612717446394
task2/b2_2-3-1-1,b2,2,3,1,1,omni-1549,318,8,6247,0.0,0.0,0.0,8,0.0,6,0.4465655180201733
task2/b2_2-3-1-1,b2,2,3,1,1,omni-365,11,8,3559,0.0,0.0,0.0,1,0.0,6,0.22730510735619425
task2/b2_2-3-1-1,b2,2,3,1,1,omni-4290,"(a, b, c) = (10, 10, 1), (10, 1, 10), (1, 10, 10)",8,8894,0.125,1.0,1.0,2,0.0,6,0.5174528720970449
task2/b2_2-3-1-1,b2,2,3,1,1,omni-688,"(1,1), (3,3)",8,4382,1.0,1.0,0.0,1,0.0,6,0.35038916897261924
task2/b2_2-3-1-1,b2,2,3,1,1,omni-3416,40 \text{ minutes},8,2077,0.0,0.0,0.0,8,0.0,6,0.673887587822014
task2/b2_2-3-1-1,b2,2,3,1,1,omni-994,\frac{1999008}{1999012},8,3203,0.0,0.0,0.0,4,0.0,6,0.31400016796842195
task2/b2_2-3-1-1,b2,2,3,1,1,omni-2996,rac{3}{8},8,2067,0.0,0.0,0.0,1,0.0,6,0.3135618312505105
task2/b2_2-3-1-1,b2,2,3,1,1,omni-2402,6,8,2867,0.0,0.0,0.0,3,0.0,6,0.479973044498891
task2/b2_2-3-1-1,b2,2,3,1,1,omni-2121,13,8,5355,0.625,1.0,1.0,3,0.0,6,0.6097476402697598
task2/b2_2-3-1-1,b2,2,3,1,1,omni-4134,k = \left\lfloor \sqrt{n - 1}\right\rfloor,8,4508,0.0,0.0,0.0,3,0.0,6,0.2724695413698409
task2/b2_2-3-1-1,b2,2,3,1,1,omni-2540,3633,8,2413,0.0,0.0,0.0,4,0.0,6,0.4698028853657992
task2/b2_2-3-1-1,b2,2,3,1,1,omni-2590,5,8,1971,0.0,0.0,0.0,3,0.0,6,0.7619483244802937
task2/b2_2-3-1-1,b2,2,3,1,1,omni-764,60^{\circ},8,1629,0.0,0.0,0.0,2,0.0,6,0.49725768783210866
task2/b2_2-3-1-1,b2,2,3,1,1,omni-1565,"(2,2),(3,3),(1,2),(2,3),(2,1),(3,2)",8,4418,0.0,0.0,0.0,6,0.0,6,0.6763867735662902
task2/b2_2-3-1-1,b2,2,3,1,1,omni-4161,\text{All odd integers } n \geq 3.,8,5094,0.125,1.0,1.0,6,0.0,6,0.2760931653232318
task2/b2_2-3-1-1,b2,2,3,1,1,omni-1664,n^{2}+c^{2}-nc-c,8,4724,0.0,0.0,0.0,5,0.0,6,0.47523270008392465
task2/b2_2-3-1-1,b2,2,3,1,1,omni-1506,14034,8,4037,0.0,0.0,0.0,7,0.0,6,0.4259859960271295
task2/b2_2-3-1-1,b2,2,3,1,1,omni-1066,2^{32},8,11165,0.125,1.0,1.0,4,0.0,6,0.22380568261059697
task2/b2_2-3-1-1,b2,2,3,1,1,omni-1929,28,8,5538,0.0,0.0,0.0,6,0.0,6,0.4814397995381803
task2/b2_2-3-1-1,b2,2,3,1,1,omni-2656,109,8,5481,0.0,0.0,0.0,4,0.0,6,0.4117988035151239
task2/b2_2-3-1-1,b2,2,3,1,1,omni-959,\frac{1}{8},8,2527,0.25,1.0,1.0,5,0.0,6,0.5149952115068394
task2/b2_2-3-1-1,b2,2,3,1,1,omni-1792,7521,8,3625,0.0,0.0,0.0,6,0.0,6,0.580995483455696
task2/b2_2-3-1-1,b2,2,3,1,1,omni-3204,\frac{480}{49},8,5421,0.0,0.0,0.0,5,0.0,6,0.4170296122194368
task2/b2_2-3-1-1,b2,2,3,1,1,omni-1014,31486,8,6650,0.0,0.0,0.0,5,0.0,6,0.6845938591510996
task2/b2_2-3-1-1,b2,2,3,1,1,omni-573,\frac{5}{6},8,3324,0.375,1.0,1.0,5,0.0,6,0.49845194541948884
task2/b2_2-3-1-1,b2,2,3,1,1,omni-3826,120^\circ,8,3430,0.0,0.0,0.0,2,0.0,6,0.6384718723761544
task2/b2_2-3-1-1,b2,2,3,1,1,omni-1666,8,8,2798,0.0,0.0,0.0,4,0.0,6,0.5008189296117992
task2/b2_2-3-1-1,b2,2,3,1,1,omni-3623,150,8,4882,0.25,1.0,1.0,4,0.0,6,0.4646734314073024
task2/b2_2-3-1-1,b2,2,3,1,1,omni-3183,No,8,4236,0.625,1.0,1.0,2,0.0,6,0.5529790026246719
task2/b2_2-3-1-1,b2,2,3,1,1,omni-2300,"(p, q, r)=\left(\frac{2}{5}, \frac{3}{10}, \frac{3}{10}\right)",8,6526,0.0,0.0,0.0,3,0.0,6,0.19177727856484336
task2/b2_2-3-1-1,b2,2,3,1,1,omni-2541,6,8,3019,0.25,1.0,1.0,4,0.0,6,0.6542968402314197
task2/b2_2-3-1-1,b2,2,3,1,1,omni-1961,2 \sqrt{30},8,5771,0.0,0.0,0.0,4,0.0,6,0.22310397244917937
task2/b2_2-3-1-1,b2,2,3,1,1,omni-1357,209,8,2901,0.125,1.0,1.0,5,0.0,6,0.48469255922946014
task2/b2_2-3-1-1,b2,2,3,1,1,omni-0,1 + \left\lceil \frac{n}{2} \right\rceil,8,4668,0.0,0.0,0.0,5,0.0,6,0.42980231887516657
task2/b2_2-3-1-1,b2,2,3,1,1,omni-1540,1/2,8,5425,0.875,1.0,1.0,2,0.0,6,0.45587946528428763
task2/b2_2-3-1-1,b2,2,3,1,1,omni-117,n \text{ must be odd},8,3905,0.125,1.0,1.0,4,0.0,6,0.36440065681444994
task2/b2_2-3-1-1,b2,2,3,1,1,omni-2293,168089,8,5576,0.0,0.0,0.0,7,0.0,6,0.372601855693185
task2/b2_2-3-1-1,b2,2,3,1,1,omni-3710,\text{No},8,4242,1.0,1.0,0.0,1,0.0,6,0.4985264187684911
task2/b2_2-3-1-1,b2,2,3,1,1,omni-2280,9,8,3650,0.75,1.0,1.0,2,0.0,6,0.4607285062370117
task2/b2_2-3-1-1,b2,2,3,1,1,omni-344,"\[
\frac{63}{64}
\]",8,1939,0.0,0.0,0.0,2,0.0,6,0.6534740360041565
task2/b2_2-3-1-1,b2,2,3,1,1,omni-3076,44,8,2252,1.0,1.0,0.0,1,0.0,6,0.3743707531821227
task2/b2_2-3-1-1,b2,2,3,1,1,omni-767,\binom{109}{10},8,3882,0.0,0.0,0.0,6,0.0,6,0.4406695261238047
task2/b2_2-3-1-1,b2,2,3,1,1,omni-2956,2,8,1694,0.125,1.0,1.0,6,0.0,6,0.4619911882685605
task2/b2_2-3-1-1,b2,2,3,1,1,omni-2522,1205,8,2852,0.0,0.0,0.0,8,0.0,6,0.4945098231305846
task2/b2_2-3-1-1,b2,2,3,1,1,omni-3397,y=-x+4,8,3146,0.0,0.0,0.0,7,0.0,6,0.615316887681355
task2/b2_2-3-1-1,b2,2,3,1,1,omni-3924,C \ge 2 \ln 2,8,4847,0.0,0.0,0.0,5,0.0,6,0.22259303568513075
task2/b2_2-3-1-1,b2,2,3,1,1,omni-712,123+6\sqrt{119},8,5051,0.0,0.0,0.0,4,0.0,6,0.45476977722488665
task2/b2_2-3-1-1,b2,2,3,1,1,omni-3226,27,8,2213,1.0,1.0,0.0,1,0.0,6,0.42758512565615275
task2/b2_2-3-1-1,b2,2,3,1,1,omni-3017,1,8,1836,1.0,1.0,0.0,1,0.0,6,0.34880157358450686
task2/b2_2-3-1-1,b2,2,3,1,1,omni-3699,100902018,8,5619,0.0,0.0,0.0,5,0.0,6,0.3977710233029382
task2/b2_2-3-1-1,b2,2,3,1,1,omni-3755,"{6,7,7.5,8,8.5,9,10}",8,4952,0.0,0.0,0.0,4,0.0,6,0.3898783574557579
task2/b2_2-3-1-1,b2,2,3,1,1,omni-3467,3,8,4241,0.0,0.0,0.0,5,0.0,6,0.20437961782660663
task2/b2_2-3-1-1,b2,2,3,1,1,omni-2787,6,8,2126,1.0,1.0,0.0,1,0.0,6,0.30572318730213466
task2/b2_2-3-1-1,b2,2,3,1,1,omni-2411,\frac{20}{3},8,6013,0.0,0.0,0.0,3,0.0,6,0.24962761520521592
task2/b2_2-3-1-1,b2,2,3,1,1,omni-2708,7,8,1507,1.0,1.0,0.0,1,0.0,6,0.49473280081314286
task2/b2_2-3-1-1,b2,2,3,1,1,omni-4115,"$f(x)= 0,f(x)= 2-x, f(x)=-x$",8,3310,0.0,0.0,0.0,4,0.0,6,0.7885346848793476
task2/b2_2-3-1-1,b2,2,3,1,1,omni-4386,\text{yes},8,2567,0.625,1.0,1.0,2,0.0,6,0.5928642018129916
task2/b2_2-3-1-1,b2,2,3,1,1,omni-2084,12,8,6386,0.0,0.0,0.0,6,0.0,6,0.35815036452727805
task2/b2_2-3-1-1,b2,2,3,1,1,omni-1341,581,8,6124,0.0,0.0,0.0,8,0.0,6,0.412496796729185
task2/b2_2-3-1-1,b2,2,3,1,1,omni-3423,37.5\%,8,2467,0.25,1.0,1.0,3,0.0,6,0.22370093476650854
task2/b2_2-3-1-1,b2,2,3,1,1,omni-3819,"f(x) = \begin{cases}
\frac{2}{2 - x}, & 0 \leq x < 2, \\
0, & x \geq 2.
\end{cases}",8,6245,0.75,1.0,1.0,7,0.0,6,0.25252493624601213
task2/b2_2-3-1-1,b2,2,3,1,1,omni-2653,932,8,6067,0.0,0.0,0.0,6,0.0,6,0.4149998720757684
task2/b2_2-3-1-1,b2,2,3,1,1,omni-3827,f(x) = 0 \text{ and } f(x) = x - 1.,8,4759,0.0,0.0,0.0,3,0.0,6,0.41256330668475116
task2/b2_2-3-1-1,b2,2,3,1,1,omni-312,"The largest integer \( n \) such that there exist monic quadratic polynomials \( p_{1}(x), p_{2}(x), p_{3}(x) \) with integer coefficients so that for all integers \( i \in[1, n] \) there exists some \( j \in[1,3] \) and \( m \in \mathbb{Z} \) such that \( p_{j}(m)=i \) is \( \boxed{9} \).",8,4375,0.0,0.0,0.0,4,0.0,6,0.5135808222015118
task2/b2_2-3-1-1,b2,2,3,1,1,omni-327,\[ 1979 \],8,2988,0.0,0.0,0.0,3,0.0,6,0.5016285059951658
task2/b2_2-3-1-1,b2,2,3,1,1,omni-3441,10^{3} \text{ and } 10^{4},8,1486,0.75,1.0,1.0,2,0.0,6,0.3077774059199762
task2/b2_2-3-1-1,b2,2,3,1,1,omni-3404,\frac{5}{12},8,3500,0.875,1.0,1.0,2,0.0,6,0.10530830833312672
task2/b2_2-3-1-1,b2,2,3,1,1,omni-246,\[\frac{(m+n)!}{(m-n)!} = \prod_{i=1}^{n}\left(m^{2}+m-i^{2}+i\right)\],8,5029,1.0,1.0,0.0,2,0.0,6,0.409577992098135
task2/b2_2-3-1-1,b2,2,3,1,1,omni-2943,3,8,2653,1.0,1.0,0.0,1,0.0,6,0.32917984513033044
task2/b2_2-3-1-1,b2,2,3,1,1,omni-577,"(16,4,1),(1,16,4)",8,4947,0.0,0.0,0.0,7,0.0,6,0.5323868088486889
task2/b2_2-3-1-1,b2,2,3,1,1,omni-3023,9,8,4441,0.875,1.0,1.0,2,0.0,6,0.3919399714744509
task2/b2_2-3-1-1,b2,2,3,1,1,omni-4188,$\text { We conclude that } I\star (M\star O) = (O\star I)\star M \text { if } \triangle IMO \text{ is positively oriented and is isosceles with } OI = OM \text { and } \angle IOM=\frac{2\pi}{3}.$,8,4928,0.0,0.0,0.0,6,0.0,6,0.2570384084254946
task2/b2_2-3-1-1,b2,2,3,1,1,omni-1140,20,8,2363,0.625,1.0,1.0,4,0.0,6,0.7058173869630622
task2/b2_2-3-1-1,b2,2,3,1,1,omni-809,96,8,3840,0.0,0.0,0.0,7,0.0,6,0.68542063110349
task2/b2_2-3-1-1,b2,2,3,1,1,omni-1675,21,8,5426,0.125,1.0,1.0,5,0.0,6,0.4825717943476917
task2/b2_2-3-1-1,b2,2,3,1,1,omni-3267,"(j,k) = (2019, 1010)",8,3237,0.0,0.0,0.0,7,0.0,6,0.44579070265318416
task2/b2_2-3-1-1,b2,2,3,1,1,omni-1816,35,8,2637,0.0,0.0,0.0,5,0.0,6,0.38025623335186537
task2/b2_2-3-1-1,b2,2,3,1,1,omni-4008,-\frac{1}{8},8,4055,1.0,1.0,0.0,1,0.0,6,0.5906693723595132
task2/b2_2-3-1-1,b2,2,3,1,1,omni-2356,1006,8,3784,0.25,1.0,1.0,2,0.0,6,0.3432076722761605
task2/b2_2-3-1-1,b2,2,3,1,1,omni-1551,-18910,8,4398,0.0,0.0,0.0,7,0.0,6,0.49931167815266836
task2/b2_2-3-1-1,b2,2,3,1,1,omni-1225,"r = 4, s = 5",8,5130,1.0,1.0,0.0,1,0.0,6,0.2564566258114645
task2/b2_2-3-1-1,b2,2,3,1,1,omni-1762,\log _{2} 2015-1,8,4282,0.875,1.0,1.0,5,0.0,6,0.32611996839519003
task2/b2_2-3-1-1,b2,2,3,1,1,omni-944,5,8,4158,0.0,0.0,0.0,3,0.0,6,0.5431721765595379
task2/b2_2-3-1-1,b2,2,3,1,1,omni-1806,1,8,1659,0.75,1.0,1.0,2,0.0,6,0.5966094671671623
task2/b2_2-3-1-1,b2,2,3,1,1,omni-370,14,8,2048,1.0,1.0,0.0,1,0.0,6,0.3956533178243049
task2/b2_2-3-1-1,b2,2,3,1,1,omni-749,\frac{2}{3},8,4119,0.0,0.0,0.0,5,0.0,6,0.24418914553383944
task2/b2_2-3-1-1,b2,2,3,1,1,omni-3925,"$(p,n)=(p,p),(2,4)$",8,3665,0.0,0.0,0.0,5,0.0,6,0.7015219577892188
task2/b2_2-3-1-1,b2,2,3,1,1,omni-1809,\frac{1+\sqrt{5}}{2},8,3621,0.875,1.0,1.0,2,0.0,6,0.18957757775599324
task2/b2_2-3-1-1,b2,2,3,1,1,omni-322,The only possible value for the center is \( 18 \).,8,4792,0.0,0.0,0.0,4,0.0,6,0.47978632955147327
task2/b2_2-3-1-1,b2,2,3,1,1,omni-475,144,8,1998,0.0,0.0,0.0,3,0.0,6,0.8053954323607725
task2/b2_2-3-1-1,b2,2,3,1,1,omni-1432,\frac{1005}{1006},8,7317,0.0,0.0,0.0,3,0.0,6,0.43376405638651044
task2/b2_2-3-1-1,b2,2,3,1,1,omni-2055,27,8,2373,0.0,0.0,0.0,4,0.0,6,0.5356368563685637
task2/b2_2-3-1-1,b2,2,3,1,1,omni-1104,283,8,9127,0.0,0.0,0.0,4,0.0,6,0.3348251353604384
task2/b2_2-3-1-1,b2,2,3,1,1,omni-3178,"The coordinates of $R(x,y)$ are $(x+n,y)$.",8,3780,0.0,0.0,0.0,1,0.0,6,0.5609568899939825
task2/b2_2-3-1-1,b2,2,3,1,1,omni-1827,"Two continuous arcs from the circle with diameter 4,4",8,3328,0.0,0.0,0.0,3,0.0,6,0.31727464004795286
task2/b2_2-3-1-1,b2,2,3,1,1,omni-3648,f(x) = \frac{1}{x},8,4193,0.25,1.0,1.0,3,0.0,6,0.5731145717700398
task2/b2_2-3-1-1,b2,2,3,1,1,omni-318,\[ 36 \],8,2786,0.0,0.0,0.0,3,0.0,6,0.5833666166086207
task2/b2_2-3-1-1,b2,2,3,1,1,omni-683,\frac{216 \pi^{3}-2187 \sqrt{3}}{8 \pi^{2}},8,4242,0.0,0.0,0.0,5,0.0,6,0.38641766059845156
task2/b2_2-3-1-1,b2,2,3,1,1,omni-19,69,8,3898,0.0,0.0,0.0,3,0.0,6,0.49635151903730695
task2/b2_2-3-1-1,b2,2,3,1,1,omni-1492,"(0,0) \text{ and } (1,1)",8,3018,1.0,1.0,0.0,1,0.0,6,0.6824832011683535
task2/b2_2-3-1-1,b2,2,3,1,1,omni-948,\frac{224}{243},8,3400,0.0,0.0,0.0,6,0.0,6,0.3837870351275177
task2/b2_2-3-1-1,b2,2,3,1,1,omni-152,A positive integral solution exists.,8,3287,0.0,0.0,0.0,1,0.0,6,0.6220065869043411
task2/b2_2-3-1-1,b2,2,3,1,1,omni-4050,f(x) = c \log(x) \text{ or } f(x) = cx^k.,8,4690,0.0,0.0,0.0,7,0.0,6,0.36441324987905177
task2/b2_2-3-1-1,b2,2,3,1,1,omni-72,\lceil \frac{n}{t} \rceil,8,2099,0.0,0.0,0.0,2,0.0,6,0.6612899643774041
task2/b2_2-3-1-1,b2,2,3,1,1,omni-2770,80,8,3248,0.375,1.0,1.0,4,0.0,6,0.3411498138883787
task2/b2_2-3-1-1,b2,2,3,1,1,omni-3234,\frac{1}{3},8,5384,0.125,1.0,1.0,5,0.0,6,0.518754688672168
task2/b2_2-3-1-1,b2,2,3,1,1,omni-1471,30,8,1498,1.0,1.0,0.0,1,0.0,6,0.5625173086606243
task2/b2_2-3-1-1,b2,2,3,1,1,omni-890,240,8,5128,0.25,1.0,1.0,4,0.0,6,0.4961956807492626
task2/b2_2-3-1-1,b2,2,3,1,1,omni-4077,$\boxed{2^{19} \cdot 3^{10} \cdot 5^{4} \cdot 3^{3} \cdot 11\cdot 13\cdot 17\cdot 19}$,8,4066,0.0,0.0,0.0,6,0.0,6,0.5869287816009128
task2/b2_2-3-1-1,b2,2,3,1,1,omni-539,12,8,2170,0.0,0.0,0.0,2,0.0,6,0.5967147307411351
task2/b2_2-3-1-1,b2,2,3,1,1,omni-4251,"{x \in \mathbb{Z} \cup \bigcup_{n = 1} ^{\infty} (n, \sqrt{(n-1)^2 + 1} + 1)}",8,5243,0.125,1.0,1.0,4,0.0,6,0.5485748672056693
task2/b2_2-3-1-1,b2,2,3,1,1,omni-1803,f(x) = \lfloor x \rfloor,8,4476,0.0,0.0,0.0,1,0.0,6,0.37391237107204883
task2/b2_2-3-1-1,b2,2,3,1,1,omni-1652,\frac{19}{18},8,7342,0.125,1.0,1.0,6,0.125,6,0.21263066718622933
task2/b2_2-3-1-1,b2,2,3,1,1,omni-3096,236,8,2588,1.0,1.0,0.0,1,0.0,6,0.34693041038579236
task2/b2_2-3-1-1,b2,2,3,1,1,omni-4269,"\tan(\sin x) > \sin(\tan x) \text{ for } x \in \left(0, \frac{\pi}{2}\right)",8,4715,0.0,0.0,0.0,3,0.0,6,0.31083364091627824
task2/b2_2-3-1-1,b2,2,3,1,1,omni-2607,7174,8,4556,0.0,0.0,0.0,8,0.0,6,0.4647692410297452
task2/b2_2-3-1-1,b2,2,3,1,1,omni-3853,3,8,4222,0.125,1.0,1.0,4,0.0,6,0.5837017083925987
task2/b2_2-3-1-1,b2,2,3,1,1,omni-1316,2003,8,3076,1.0,1.0,0.0,1,0.0,6,0.4902644230769231
task2/b2_2-3-1-1,b2,2,3,1,1,omni-275,The function \( f(x) = kx \) for any real value of \( k \).,8,3764,0.0,0.0,0.0,1,0.0,6,0.5942168081702965
task2/b2_2-3-1-1,b2,2,3,1,1,omni-3422,4^{7},8,1832,1.0,1.0,0.0,1,0.0,6,0.46844244559841736
task2/b2_2-3-1-1,b2,2,3,1,1,omni-537,33^{\circ},8,2593,0.0,0.0,0.0,6,0.0,6,0.5585478351435799
task2/b2_2-3-1-1,b2,2,3,1,1,omni-1043,20,8,7876,0.0,0.0,0.0,4,0.0,6,0.2681471179326505
task2/b2_2-3-1-1,b2,2,3,1,1,omni-1154,\frac{4}{9},8,3019,0.0,0.0,0.0,1,0.0,6,0.6407795512505382
task2/b2_2-3-1-1,b2,2,3,1,1,omni-3167,2\sqrt{2} - 1,8,4727,0.0,0.0,0.0,2,0.0,6,0.4246848781109567
task2/b2_2-3-1-1,b2,2,3,1,1,omni-862,403,8,3833,0.0,0.0,0.0,4,0.0,6,0.338055883510429
task2/b2_2-3-1-1,b2,2,3,1,1,omni-2767,44,8,2798,0.0,0.0,0.0,4,0.0,6,0.3664555692006389
task2/b2_2-3-1-1,b2,2,3,1,1,omni-3211,\frac{\pi \log(2)}{8},8,3509,0.0,0.0,0.0,2,0.0,6,0.6402683786196698
task2/b2_2-3-1-1,b2,2,3,1,1,omni-3982,4,8,5077,0.875,1.0,1.0,2,0.0,6,0.5188330446863134
task2/b2_2-3-1-1,b2,2,3,1,1,omni-4154,"(p, x, y) \in \{(3, 2, 5), (3, 5, 2)\} \cup \{(2, n, 2^k - n) \mid 0 < n < 2^k\}",8,3327,0.0,0.0,0.0,4,0.0,6,0.6804449913554832
task2/b2_2-3-1-1,b2,2,3,1,1,omni-812,433755,8,2122,0.0,0.0,0.0,2,0.0,6,0.5273869697262376
task2/b2_2-3-1-1,b2,2,3,1,1,omni-4068,\lambda \ge \frac{1}{n-1},8,3252,0.0,0.0,0.0,4,0.0,6,0.43778866820114937
task2/b2_2-3-1-1,b2,2,3,1,1,omni-240,The composite positive integers \( n \) for which it is possible to arrange all divisors of \( n \) that are greater than 1 in a circle so that no two adjacent divisors are relatively prime are those \( n \) that are not of the form \( pq \) where \( p \) and \( q \) are distinct primes.,8,4116,0.0,0.0,0.0,5,0.0,6,0.5242754883208717
task2/b2_2-3-1-1,b2,2,3,1,1,omni-1173,Yes,8,3901,0.0,0.0,0.0,1,0.0,6,0.72620190070724
task2/b2_2-3-1-1,b2,2,3,1,1,omni-3980,m \text{ is a prime number},8,3907,0.125,1.0,1.0,7,0.0,6,0.6623161968229532
task2/b2_2-3-1-1,b2,2,3,1,1,omni-2308,210,8,2684,0.0,0.0,0.0,3,0.0,6,0.6436658088085756
task2/b2_2-3-1-1,b2,2,3,1,1,omni-604,\frac{16}{3},8,5669,0.0,0.0,0.0,6,0.0,6,0.18020011471098427
task2/b2_2-3-1-1,b2,2,3,1,1,omni-3907,\frac{1}{4},8,3679,0.375,1.0,1.0,3,0.0,6,0.5686918885864798
task2/b2_2-3-1-1,b2,2,3,1,1,omni-9,561,8,1709,0.0,0.0,0.0,4,0.0,6,0.4442401960784314
task2/b2_2-3-1-1,b2,2,3,1,1,omni-1954,32,8,3526,0.0,0.0,0.0,5,0.0,6,0.3655732097836088
task2/b2_2-3-1-1,b2,2,3,1,1,omni-893,1024,8,2088,1.0,1.0,0.0,1,0.0,6,0.33617251165091516
task2/b2_2-3-1-1,b2,2,3,1,1,omni-3645,19,8,4007,0.75,1.0,1.0,2,0.0,6,0.5651908736943435
task2/b2_2-3-1-1,b2,2,3,1,1,omni-1529,\frac{79}{20},8,2334,0.0,0.0,0.0,4,0.0,6,0.5783213855648378
task2/b2_2-3-1-1,b2,2,3,1,1,omni-316,\[ f(x) = x + 1 \],8,5702,0.875,1.0,1.0,2,0.0,6,0.27634928925255825
task2/b2_2-3-1-1,b2,2,3,1,1,omni-3435,7,8,2507,0.875,1.0,1.0,2,0.0,6,0.5379223587546814
task2/b2_2-3-1-1,b2,2,3,1,1,omni-3984,3 \text{ and } 4,8,2624,0.0,0.0,0.0,2,0.0,6,0.838997479100632
task2/b2_2-3-1-1,b2,2,3,1,1,omni-3047,28,8,3680,0.375,1.0,1.0,3,0.0,6,0.3697562405998159
task2/b2_2-3-1-1,b2,2,3,1,1,omni-4376,\text{Yes},8,3473,0.875,1.0,1.0,2,0.0,6,0.7067843097540804
task2/b2_2-3-1-1,b2,2,3,1,1,omni-3032,3,8,2235,1.0,1.0,0.0,1,0.0,6,0.3188967531738007
task2/b2_2-3-1-1,b2,2,3,1,1,omni-1725,16,8,4219,0.0,0.0,0.0,8,0.0,6,0.09905038109705973
task2/b2_2-3-1-1,b2,2,3,1,1,omni-589,There is no such function \( f: S \rightarrow S \).,8,4475,0.0,0.0,0.0,2,0.0,6,0.40228902235155717
task2/b2_2-3-1-1,b2,2,3,1,1,omni-826,\frac{\sqrt{30}}{2},8,2234,0.0,0.0,0.0,5,0.0,6,0.8044802867383513
task2/b2_2-3-1-1,b2,2,3,1,1,omni-1296,2002,8,3229,0.375,1.0,1.0,3,0.0,6,0.6138995295367023
task2/b2_2-3-1-1,b2,2,3,1,1,omni-108,41,8,5704,0.0,0.0,0.0,3,0.0,6,0.5825729422669716
task2/b2_2-3-1-1,b2,2,3,1,1,omni-1256,41,8,2990,0.125,1.0,1.0,3,0.0,6,0.6366025599725104
task2/b2_2-3-1-1,b2,2,3,1,1,omni-1967,6,8,2256,0.0,0.0,0.0,1,0.0,6,0.6303798631206651
task2/b2_2-3-1-1,b2,2,3,1,1,omni-3394,4,8,1376,1.0,1.0,0.0,1,0.0,6,0.45833231759342774
task2/b2_2-3-1-1,b2,2,3,1,1,omni-3671,\frac{1}{2^{1007}},8,2791,0.125,1.0,1.0,3,0.0,6,0.548613182883952
task2/b2_2-3-1-1,b2,2,3,1,1,omni-523,(2i-1)/4,8,4441,0.125,1.0,1.0,4,0.0,6,0.18060746841234646
task2/b2_2-3-1-1,b2,2,3,1,1,omni-4051,f(x) = 2x \text{ and } f(x) = 0,8,6605,0.125,1.0,1.0,4,0.0,6,0.3654984447582213
task2/b2_2-3-1-1,b2,2,3,1,1,omni-1069,2048,8,1935,0.0,0.0,0.0,2,0.0,6,0.3263426898537193
task2/b2_2-3-1-1,b2,2,3,1,1,omni-4328,"f(x) = \begin{cases}
-(1-x)^c + 1 &\text{ if $x < 1$} \\
1 &\text{ if $x = 1$} \\
k(x-1)^c + 1 &\text{ if $x > 1$}
\end{cases}, \text{ for some real constants }c \geq 0, k > 0",8,4686,0.5,1.0,1.0,8,0.0,6,0.3908009499770088
task2/b2_2-3-1-1,b2,2,3,1,1,omni-820,54^{\circ},8,2464,0.25,1.0,1.0,3,0.0,6,0.5027893094862562
task2/b2_2-3-1-1,b2,2,3,1,1,omni-2101,1019088,8,3049,0.125,1.0,1.0,4,0.0,6,0.3084637896073112
task2/b2_2-3-1-1,b2,2,3,1,1,omni-346,\[ A = -7 \],8,5735,0.0,0.0,0.0,7,0.0,6,0.5895214376710539
task2/b2_2-3-1-1,b2,2,3,1,1,omni-3757,\frac{2}{5} \cdot 9^n - \frac{2}{5} \cdot (-1)^n,8,3005,0.0,0.0,0.0,3,0.0,6,0.3102754602945103
task2/b2_2-3-1-1,b2,2,3,1,1,omni-1134,23/144,8,4286,0.0,0.0,0.0,7,0.0,6,0.34156228776289566
task2/b2_2-3-1-1,b2,2,3,1,1,omni-292,"There does not exist a strictly increasing eight-term arithmetic progression \(a_{1}, \ldots, a_{8}\) of odd positive integers such that \(r(a_{1}), \ldots, r(a_{8})\) is an arithmetic progression in that order.",8,5605,0.0,0.0,0.0,2,0.0,6,0.20550087641140005
task2/b2_2-3-1-1,b2,2,3,1,1,omni-1062,45,8,6349,0.0,0.0,0.0,6,0.0,6,0.480450397616379
task2/b2_2-3-1-1,b2,2,3,1,1,omni-4284,\text{Yes},8,2832,0.375,1.0,1.0,2,0.0,6,0.5710723890632003
task2/b2_2-3-1-1,b2,2,3,1,1,omni-814,1,8,2471,1.0,1.0,0.0,1,0.0,6,0.6944731155049512
task2/b2_2-3-1-1,b2,2,3,1,1,omni-3494,15,8,1904,0.125,1.0,1.0,4,0.0,6,0.7952327327327328
task2/b2_2-3-1-1,b2,2,3,1,1,omni-693,29,8,4545,0.0,0.0,0.0,5,0.0,6,0.4964636285344552
task2/b2_2-3-1-1,b2,2,3,1,1,omni-2374,2^{2013}-6036,8,5794,0.625,1.0,1.0,3,0.0,6,0.35681895396878205
task2/b2_2-3-1-1,b2,2,3,1,1,omni-2137,12345,8,4647,0.0,0.0,0.0,8,0.0,6,0.6019999648048429
task2/b2_2-3-1-1,b2,2,3,1,1,omni-4072,$\text{第二个玩家有获胜策略，当且仅当} \displaystyle n \leq \varphi k \text{和}  \displaystyle k \leq \varphi n \text{而且}  \displaystyle \varphi=\frac{\sqrt{5}+1}{2}$,8,2690,0.0,0.0,0.0,5,0.0,6,0.411883535229799
task2/b2_2-3-1-1,b2,2,3,1,1,omni-2962,8 \text{ p.m. on Saturday},8,1246,1.0,1.0,0.0,1,0.0,6,0.37171535580524345
task2/b2_2-3-1-1,b2,2,3,1,1,omni-4058,\text{No},8,3184,0.75,1.0,1.0,2,0.0,6,0.8479272721121284
task2/b2_2-3-1-1,b2,2,3,1,1,omni-2636,2530,8,2556,0.0,0.0,0.0,2,0.0,6,0.30222826886306814
task2/b2_2-3-1-1,b2,2,3,1,1,omni-543,48,8,1843,0.0,0.0,0.0,5,0.0,6,0.6984812532464466
task2/b2_2-3-1-1,b2,2,3,1,1,omni-1219,\frac{19}{28},8,4658,0.0,0.0,0.0,5,0.0,6,0.2014776925262859
task2/b2_2-3-1-1,b2,2,3,1,1,omni-742,2402,8,8377,0.75,1.0,1.0,1,0.0,6,0.46001851454544007
task2/b2_2-3-1-1,b2,2,3,1,1,omni-3950,2^n - 1,8,3179,0.125,1.0,1.0,3,0.0,6,0.3987642910933114
task2/b2_2-3-1-1,b2,2,3,1,1,omni-4042,f(x) = c \text{ for any } c > 0.,8,3023,0.0,0.0,0.0,8,0.0,6,0.7053924855102948
task2/b2_2-3-1-1,b2,2,3,1,1,omni-1957,60\left(1-\left(\frac{1}{10}\right)^{\frac{1}{9}}\right),8,4313,0.0,0.0,0.0,3,0.0,6,0.661297852474323
task2/b2_2-3-1-1,b2,2,3,1,1,omni-4029,"\text{For } n = 3, \text{ it is not possible. For } n = 2, \text{ it is possible.}",8,4319,0.0,0.0,0.0,3,0.0,6,0.3178962793068298
task2/b2_2-3-1-1,b2,2,3,1,1,omni-3759,2,8,4335,1.0,1.0,0.0,1,0.0,6,0.4219943644642779
task2/b2_2-3-1-1,b2,2,3,1,1,omni-2839,9,8,4083,0.25,1.0,1.0,3,0.0,6,0.5059499170256009
task2/b2_2-3-1-1,b2,2,3,1,1,omni-2427,199 \pi,8,2023,1.0,1.0,0.0,1,0.0,6,0.210956212678124
task2/b2_2-3-1-1,b2,2,3,1,1,omni-3641,f(n) = 1 \text{ for all } n \in \mathbb{N} \text{ or } f(n) = n^2 \text{ for all } n \in \mathbb{N}.,8,4293,0.0,0.0,0.0,3,0.0,6,0.4910682836839464
task2/b2_2-3-1-1,b2,2,3,1,1,omni-2092,\frac{189}{2},8,3206,0.0,0.0,0.0,1,0.0,6,0.3488840046043436
task2/b2_2-3-1-1,b2,2,3,1,1,omni-2501,20,8,4435,0.0,0.0,0.0,5,0.0,6,0.7865900014691937
task2/b2_2-3-1-1,b2,2,3,1,1,omni-3401,62\%,8,854,1.0,1.0,0.0,1,0.0,6,0.37843185148998537
task2/b2_2-3-1-1,b2,2,3,1,1,omni-2658,648,8,2485,0.0,0.0,0.0,6,0.0,6,0.6656134769893649
task2/b2_2-3-1-1,b2,2,3,1,1,omni-2829,8,8,1089,0.875,1.0,1.0,2,0.0,6,0.39052870256610034
task2/b2_2-3-1-1,b2,2,3,1,1,omni-1703,105,8,3027,1.0,1.0,0.0,1,0.0,6,0.33416526610644254
task2/b2_2-3-1-1,b2,2,3,1,1,omni-3317,23097,8,4603,0.0,0.0,0.0,4,0.0,6,0.4233316348588722
task2/b2_2-3-1-1,b2,2,3,1,1,omni-1144,1/5,8,4351,0.0,0.0,0.0,7,0.0,6,0.4036027641897663
task2/b2_2-3-1-1,b2,2,3,1,1,omni-2704,9 \mathrm{~km} / \mathrm{h},8,3982,1.0,1.0,0.0,1,0.0,6,0.17065746753246755
task2/b2_2-3-1-1,b2,2,3,1,1,omni-3626,2k - 1,8,2262,0.0,0.0,0.0,1,0.0,6,0.6874225107639593
task2/b2_2-3-1-1,b2,2,3,1,1,omni-4043,"(a, a+1)",8,4695,0.0,0.0,0.0,4,0.0,6,0.6219367272837806
task2/b2_2-3-1-1,b2,2,3,1,1,omni-1167,\frac{A B^{2}}{A C^{2}},8,3038,0.125,1.0,1.0,7,0.0,6,0.4874468406911155
task2/b2_2-3-1-1,b2,2,3,1,1,omni-2469,\sqrt[4]{2},8,2755,1.0,1.0,0.0,1,0.0,6,0.2830412257495591
task2/b2_2-3-1-1,b2,2,3,1,1,omni-750,89,8,4077,1.0,1.0,0.0,1,0.0,6,0.16727431905494214
task2/b2_2-3-1-1,b2,2,3,1,1,omni-270,"The minimal total penalty a player can amass is:
\[ \min(BW, 2WR, 3RB) \]

The number of optimal strategies is:
- If \( BW \neq 2WR \neq 3RB \), there is \( 1 \) optimal strategy.
- If \( BW = 2WR < 3RB \), there are \( W+1 \) strategies.
- If \( 2WR = 3RB < BW \), there are \( R+1 \) strategies.
- If \( 3RB = BW < 2WR \), there are \( B+1 \) strategies.
- If \( BW = 2WR = 3RB \), there are \( R+B+W \) strategies.",8,2932,0.0,0.0,0.0,5,0.0,6,0.5140224880544265
task2/b2_2-3-1-1,b2,2,3,1,1,omni-657,1545,8,4571,0.0,0.0,0.0,5,0.0,6,0.4321764112120506
task2/b2_2-3-1-1,b2,2,3,1,1,omni-2254,"(30,92) \text{ OR } (92,30)",8,7298,0.0,0.0,0.0,8,0.0,6,0.3170682530872104
task2/b2_2-3-1-1,b2,2,3,1,1,omni-2746,1: 2,8,3682,1.0,1.0,0.0,1,0.0,6,0.2684858212948101
task2/b2_2-3-1-1,b2,2,3,1,1,omni-1396,f(n)=\left\{\begin{array}{cl} 0 & \text { if } n \text { is even } \\ \frac{1}{2 n} & \text { if } n \text { is odd } \end{array}\right.,8,4244,0.0,0.0,0.0,2,0.0,6,0.542940768729555
task2/b2_2-3-1-1,b2,2,3,1,1,omni-606,1+\sqrt{\frac{7}{15}},8,3491,0.0,0.0,0.0,3,0.0,6,0.47376046087504897
task2/b2_2-3-1-1,b2,2,3,1,1,omni-950,\binom{100}{50} 2^{98},8,1715,0.0,0.0,0.0,2,0.0,6,0.47336197938607577
task2/b2_2-3-1-1,b2,2,3,1,1,omni-500,28,8,4317,0.125,1.0,1.0,4,0.0,6,0.31455985371447254
task2/b2_2-3-1-1,b2,2,3,1,1,omni-2466,3680,8,3721,0.75,1.0,1.0,3,0.0,6,0.48070415676041883
task2/b2_2-3-1-1,b2,2,3,1,1,omni-1633,323,8,2435,0.0,0.0,0.0,3,0.0,6,0.3568716616762592
task2/b2_2-3-1-1,b2,2,3,1,1,omni-1326,714,8,3488,0.0,0.0,0.0,2,0.0,6,0.3386362732227394
task2/b2_2-3-1-1,b2,2,3,1,1,omni-3863,59,8,3502,0.0,0.0,0.0,4,0.0,6,0.36664160025769627
task2/b2_2-3-1-1,b2,2,3,1,1,omni-101,7,8,2304,0.0,0.0,0.0,1,0.0,6,0.3129507747154806
task2/b2_2-3-1-1,b2,2,3,1,1,omni-3947,(2n-1)!!,8,2428,0.0,0.0,0.0,2,0.0,6,0.4182685276444218
task2/b2_2-3-1-1,b2,2,3,1,1,omni-661,3 \sqrt{3} / 2,8,2647,0.0,0.0,0.0,4,0.0,6,0.25109871455847405
task2/b2_2-3-1-1,b2,2,3,1,1,omni-3101,33,8,3199,0.125,1.0,1.0,6,0.0,6,0.3388601645123384
task2/b2_2-3-1-1,b2,2,3,1,1,omni-2123,\frac{21}{2},8,4149,0.0,0.0,0.0,2,0.0,6,0.6274977979906786
task2/b2_2-3-1-1,b2,2,3,1,1,omni-2670,19,8,1820,1.0,1.0,0.0,1,0.0,6,0.26765873015873015
task2/b2_2-3-1-1,b2,2,3,1,1,omni-120,199,8,6038,0.0,0.0,0.0,5,0.0,6,0.6940982699680132
task2/b2_2-3-1-1,b2,2,3,1,1,omni-801,\frac{116}{35},8,4918,0.0,0.0,0.0,6,0.0,6,0.23498015819434373
task2/b2_2-3-1-1,b2,2,3,1,1,omni-3896,"2, 3, 4, 6, 8, 12, 24",8,3810,0.0,0.0,0.0,4,0.0,6,0.5125356491073045
task2/b2_2-3-1-1,b2,2,3,1,1,omni-1092,192,8,3942,0.0,0.0,0.0,1,0.0,6,0.32541478129713425
task2/b2_2-3-1-1,b2,2,3,1,1,omni-333,77,8,8181,0.0,0.0,0.0,7,0.0,6,0.3539998903214722
task2/b2_2-3-1-1,b2,2,3,1,1,omni-3567,y = -\frac{1}{4},8,3697,0.0,0.0,0.0,4,0.0,6,0.7061413128170795
task2/b2_2-3-1-1,b2,2,3,1,1,omni-1237,20,8,4683,1.0,1.0,0.0,1,0.0,6,0.1646114846124831
task2/b2_2-3-1-1,b2,2,3,1,1,omni-337,\[ x = 4 \],8,4815,1.0,1.0,0.0,1,0.0,6,0.3745323676830526
task2/b2_2-3-1-1,b2,2,3,1,1,omni-2403,\frac{5}{7},8,3550,0.0,0.0,0.0,2,0.0,6,0.29857164766203675
task2/b2_2-3-1-1,b2,2,3,1,1,omni-580,7,8,6419,0.375,1.0,1.0,4,0.0,6,0.41624803217528195
task2/b2_2-3-1-1,b2,2,3,1,1,omni-3941,"(2,2)(3,3)(1,2)(2,1)(2,3)(3,2)",8,5744,0.0,0.0,0.0,6,0.0,6,0.4883728327397054
task2/b2_2-3-1-1,b2,2,3,1,1,omni-309,"The simple modules of \( A \) are the 1-dimensional modules \( S_i \) for \( 1 \leq i \leq n \), where \( E_{ii} \) acts by 1 and \( E_{ij}, E_{jj} \) act by 0 for \( j \neq i \).",8,3720,0.0,0.0,0.0,7,0.0,6,0.46708817247927686
task2/b2_2-3-1-1,b2,2,3,1,1,omni-1622,Even,8,5117,0.375,1.0,1.0,2,0.0,6,0.22596698694259668
task2/b2_2-3-1-1,b2,2,3,1,1,omni-3674,"(2, 3) \text{ and } (6, 15)",8,4088,0.0,0.0,0.0,4,0.0,6,0.5421424423898217
task2/b2_2-3-1-1,b2,2,3,1,1,omni-3532,The sum diverges.,8,5152,0.0,0.0,0.0,3,0.0,6,0.41935273276937873
task2/b2_2-3-1-1,b2,2,3,1,1,omni-3260,160,8,1499,1.0,1.0,0.0,1,0.0,6,0.3789764760866179
task2/b2_2-3-1-1,b2,2,3,1,1,omni-1239,-6,8,4336,0.75,1.0,1.0,2,0.0,6,0.5186480357472208
task2/b2_2-3-1-1,b2,2,3,1,1,omni-2641,7,8,3599,1.0,1.0,0.0,1,0.0,6,0.11587098607558965
task2/b2_2-3-1-1,b2,2,3,1,1,omni-290,\[ 4 \cdot 2007 - 3 = 8025 \],8,2447,0.0,0.0,0.0,3,0.0,6,0.35286319862932763
task2/b2_2-3-1-1,b2,2,3,1,1,omni-4231,$1\text{ for } n=1\text{ and } n^4-n^3\text{ for }n \ge 2$,8,2180,0.0,0.0,0.0,4,0.0,6,0.477641652337673
task2/b2_2-3-1-1,b2,2,3,1,1,omni-3774,75^\circ,8,1908,0.0,0.0,0.0,2,0.0,6,0.6822647733792312
task2/b2_2-3-1-1,b2,2,3,1,1,omni-4243,"\[
\text{For all } n \geq 2.
\]",8,3225,0.25,1.0,1.0,6,0.0,6,0.375981672543642
task2/b2_2-3-1-1,b2,2,3,1,1,omni-1913,\frac{1}{2},8,2606,0.0,0.0,0.0,1,0.0,6,0.463312617145112
task2/b2_2-3-1-1,b2,2,3,1,1,omni-2146,\frac{15 \sqrt{37}-75}{4},8,5107,0.0,0.0,0.0,8,0.0,6,0.3820131430965665
task2/b2_2-3-1-1,b2,2,3,1,1,omni-2351,\frac{13}{3},8,4295,0.0,0.0,0.0,3,0.0,6,0.6010013967739029
task2/b2_2-3-1-1,b2,2,3,1,1,omni-668,41,8,2406,0.0,0.0,0.0,2,0.0,6,0.7483908838200678
task2/b2_2-3-1-1,b2,2,3,1,1,omni-385,1,8,6488,0.875,1.0,1.0,2,0.0,6,0.3378858090083982
task2/b2_2-3-1-1,b2,2,3,1,1,omni-1597,"(995,1),(176,10),(80,21)",8,10808,0.0,0.0,0.0,4,0.125,6,0.31374738817748377
task2/b2_2-3-1-1,b2,2,3,1,1,omni-1041,\binom{43}{21}-1,8,3861,0.0,0.0,0.0,6,0.0,6,0.438977233674043
task2/b2_2-3-1-1,b2,2,3,1,1,omni-3043,5,8,1530,0.625,1.0,1.0,2,0.0,6,0.5207168903963438
task2/b2_2-3-1-1,b2,2,3,1,1,omni-4260,"$\boxed{(1,2,1,0), (2,0,2,0), (2,1,2,0,0), (x-3,2,1,0,0,\ldots, 0,1,0,0,0)} \text{ for any } x \ge 6$",8,5239,0.0,0.0,0.0,6,0.0,6,0.3779282895230313
task2/b2_2-3-1-1,b2,2,3,1,1,omni-929,1149852,8,4684,0.0,0.0,0.0,7,0.0,6,0.39802104476017514
task2/b2_2-3-1-1,b2,2,3,1,1,omni-1279,"\[
\sup \{V \mid V \text{ is good} \} = \frac{1}{4}
\]",8,2926,0.0,0.0,0.0,1,0.0,6,0.41750273885717576
task2/b2_2-3-1-1,b2,2,3,1,1,omni-2069,1026,8,9444,0.0,0.0,0.0,5,0.0,6,0.1839951290726557
task2/b2_2-3-1-1,b2,2,3,1,1,omni-2849,-y,8,838,1.0,1.0,0.0,1,0.0,6,0.6450050375881579
task2/b2_2-3-1-1,b2,2,3,1,1,omni-26,n - 1,8,4246,0.0,0.0,0.0,1,0.0,6,0.602569354487513
task2/b2_2-3-1-1,b2,2,3,1,1,omni-2484,25,8,2685,0.0,0.0,0.0,5,0.0,6,0.6526548977691963
task2/b2_2-3-1-1,b2,2,3,1,1,omni-776,178,8,6026,0.375,1.0,1.0,3,0.0,6,0.15313264796556378
task2/b2_2-3-1-1,b2,2,3,1,1,omni-3867,f(x) = -1 \text{ and } f(x) = x - 1.,8,4815,0.375,1.0,1.0,4,0.0,6,0.6021329504660067
task2/b2_2-3-1-1,b2,2,3,1,1,omni-4270,"\[
a_{u+vn} = 
\begin{cases} 
0, & u+v \le n, \\ 
1, & u+v \ge n+1 
\end{cases} 
\quad \text{for all } 1 \le u \le n \text{ and } 0 \le v \le n.
\]
\[
\text{The terms can be arranged into blocks of length } n \text{ as}
\]
\[
\underbrace{(0 \cdots 0)}_{n} \underbrace{(0 \cdots 0 \ 1)}_{n-1} \underbrace{(0 \cdots 0 \ 1 \ 1)}_{n-2} \cdots \underbrace{(0 \cdots 0 \ 1 \cdots 1)}_{n-v} \underbrace{(0 \ 1 \cdots 1)}_{v} \cdots \underbrace{(0 \ 1 \cdots 1)}_{n-1} \underbrace{(1 \cdots 1)}_{n}.
\]",8,4001,0.5,1.0,1.0,4,0.0,6,0.6087747264537776
task2/b2_2-3-1-1,b2,2,3,1,1,omni-2729,2,8,1432,1.0,1.0,0.0,1,0.0,6,0.5052843572332425
task2/b2_2-3-1-1,b2,2,3,1,1,omni-3669,12,8,4307,0.0,0.0,0.0,2,0.0,6,0.7055495497800607
task2/b2_2-3-1-1,b2,2,3,1,1,omni-2384,257,8,4442,0.0,0.0,0.0,4,0.0,6,0.2973168703034475
task2/b2_2-3-1-1,b2,2,3,1,1,omni-3153,18,8,2758,0.125,1.0,1.0,7,0.0,6,0.4274853100690077
task2/b2_2-3-1-1,b2,2,3,1,1,omni-2130,64912347,8,3206,0.0,0.0,0.0,6,0.0,6,0.45773780473634057
task2/b2_2-3-1-1,b2,2,3,1,1,omni-3205,8,8,1352,0.0,0.0,0.0,2,0.0,6,0.4228255404725993
task2/b2_2-3-1-1,b2,2,3,1,1,omni-3691,P(x) = x + 1,8,3997,0.125,1.0,1.0,7,0.0,6,0.4400334443739425
task2/b2_2-3-1-1,b2,2,3,1,1,omni-1559,"-6,0,2,8",8,5166,0.0,0.0,0.0,4,0.0,6,0.5490443641019848
task2/b2_2-3-1-1,b2,2,3,1,1,omni-2724,181,8,3810,0.0,0.0,0.0,8,0.0,6,0.6320275615842283
task2/b2_2-3-1-1,b2,2,3,1,1,omni-218,"\[
\boxed{\left(\frac{c^2+c-1}{c^2}, \frac{c}{c-1}, c\right)}
\]",8,3874,0.0,0.0,0.0,3,0.0,6,0.7541513824793911
task2/b2_2-3-1-1,b2,2,3,1,1,omni-298,"The pairs of positive integers \((x, y)\) that satisfy the equation \(x^y = y^{x - y}\) are:

\[
(x, y) = (9, 3) \quad \text{and} \quad (x, y) = (8, 2)
\]",8,3066,0.0,0.0,0.0,4,0.0,6,0.7386936569755155
task2/b2_2-3-1-1,b2,2,3,1,1,omni-186,\text{There exist infinitely many such sets } A \text{ and } B.,8,4965,0.125,1.0,1.0,7,0.0,6,0.5470115895469541
task2/b2_2-3-1-1,b2,2,3,1,1,omni-2869,12,8,2098,1.0,1.0,0.0,1,0.0,6,0.38390067961509394
task2/b2_2-3-1-1,b2,2,3,1,1,omni-2131,-\frac{2016}{2017},8,3682,0.125,1.0,1.0,6,0.0,6,0.2825329154487159
task2/b2_2-3-1-1,b2,2,3,1,1,omni-2804,20,8,4540,0.0,0.0,0.0,3,0.0,6,0.6252705728904425
task2/b2_2-3-1-1,b2,2,3,1,1,omni-3357,\log _{2008} 2009,8,4018,0.875,1.0,1.0,3,0.0,6,0.3571806693989071
task2/b2_2-3-1-1,b2,2,3,1,1,omni-3751,\frac{1}{99},8,6180,0.0,0.0,0.0,7,0.0,6,0.4314047671264239
task2/b2_2-3-1-1,b2,2,3,1,1,omni-2885,11,8,5547,0.125,1.0,1.0,7,0.0,6,0.4503042864596733
task2/b2_2-3-1-1,b2,2,3,1,1,omni-12,n \neq 5,8,3434,0.0,0.0,0.0,6,0.0,6,0.520632732815515
task2/b2_2-3-1-1,b2,2,3,1,1,omni-258,\[ N = 2k^3 + 3k^2 + 3k \],8,4237,0.0,0.0,0.0,5,0.0,6,0.6514788905252823
task2/b2_2-3-1-1,b2,2,3,1,1,omni-1291,\frac{7}{33},8,3187,0.0,0.0,0.0,5,0.0,6,0.4554480234965574
task2/b2_2-3-1-1,b2,2,3,1,1,omni-2556,\frac{91 \sqrt{3}}{4},8,6276,0.0,0.0,0.0,5,0.0,6,0.4139751660574691
task2/b2_2-3-1-1,b2,2,3,1,1,omni-3291,The length of the altitude of the tetrahedron from vertex \(A\) can be constructed as \(\sqrt{|A_BY'|^2 - |X'Y'|^2}\).,8,3859,0.0,0.0,0.0,4,0.0,6,0.3812178761216134
task2/b2_2-3-1-1,b2,2,3,1,1,omni-1560,4,8,3367,0.0,0.0,0.0,1,0.0,6,0.7096122614697523
task2/b2_2-3-1-1,b2,2,3,1,1,omni-3249,"$(a,b,c) = (9,8,7)$",8,3382,0.0,0.0,0.0,2,0.0,6,0.38526747749795814
task2/b2_2-3-1-1,b2,2,3,1,1,omni-4266,\text{Yes},8,2082,0.875,1.0,1.0,2,0.0,6,0.5921595388359149
task2/b2_2-3-1-1,b2,2,3,1,1,omni-1685,\frac{2009}{2},8,4044,1.0,1.0,0.0,1,0.0,6,0.30838541562668476
task2/b2_2-3-1-1,b2,2,3,1,1,omni-3051,17,8,2758,1.0,1.0,0.0,1,0.0,6,0.19274081774081775
task2/b2_2-3-1-1,b2,2,3,1,1,omni-2223,\frac{2013}{2014},8,2037,0.0,0.0,0.0,2,0.0,6,0.3781738456157208
task2/b2_2-3-1-1,b2,2,3,1,1,omni-2208,\frac{39}{67},8,2700,0.0,0.0,0.0,2,0.0,6,0.6100372640942421
task2/b2_2-3-1-1,b2,2,3,1,1,omni-941,144,8,3822,0.25,1.0,1.0,4,0.0,6,0.6815610241473209
task2/b2_2-3-1-1,b2,2,3,1,1,omni-2479,36 \cdot 2^{2009}+36,8,3076,0.0,0.0,0.0,5,0.0,6,0.6819448872620244
task2/b2_2-3-1-1,b2,2,3,1,1,omni-3883,f(x) = 1 \text{ for all } x \in \mathbb{Q}_{>0}.,8,5282,0.25,1.0,1.0,6,0.0,6,0.29267868582410544
task2/b2_2-3-1-1,b2,2,3,1,1,omni-2473,49,8,3579,0.125,1.0,1.0,2,0.0,6,0.4782167614300179
task2/b2_2-3-1-1,b2,2,3,1,1,omni-1810,"(3,3),(-4,-4),\left(\frac{1+3 \sqrt{5}}{2}, \frac{1-3 \sqrt{5}}{2}\right),\left(\frac{1-3 \sqrt{5}}{2}, \frac{1+3 \sqrt{5}}{2}\right)",8,6638,0.625,1.0,1.0,6,0.0,6,0.3664888566682851
task2/b2_2-3-1-1,b2,2,3,1,1,omni-4002,\text{No},8,1912,0.0,0.0,0.0,1,0.0,6,0.7210453100158983
task2/b2_2-3-1-1,b2,2,3,1,1,omni-1572,8+5 \sqrt{3},8,3956,0.0,0.0,0.0,4,0.0,6,0.7421655158997655
task2/b2_2-3-1-1,b2,2,3,1,1,omni-1697,65536,8,2128,0.875,1.0,1.0,2,0.0,6,0.08339039183407874
task2/b2_2-3-1-1,b2,2,3,1,1,omni-858,945,8,2929,1.0,1.0,0.0,1,0.0,6,0.28242427308911827
task2/b2_2-3-1-1,b2,2,3,1,1,omni-4083,{\frac{2\left(\sin\frac{\pi}{3\cdot 2^{99}}\right)\left(1-\cos\frac{\pi}{2^{98}}\right)}{\sin \frac{\pi}{2^{99}}}},8,4287,0.0,0.0,0.0,2,0.0,6,0.3442715557096625
task2/b2_2-3-1-1,b2,2,3,1,1,omni-4301,1023,8,5271,0.0,0.0,0.0,4,0.0,6,0.4051480010336495
task2/b2_2-3-1-1,b2,2,3,1,1,omni-1843,2^{2000},8,3845,0.375,1.0,1.0,6,0.0,6,0.4073692565639269
task2/b2_2-3-1-1,b2,2,3,1,1,omni-3041,5,8,9024,0.875,1.0,1.0,2,0.0,6,0.18974637341885744
task2/b2_2-3-1-1,b2,2,3,1,1,omni-625,-26,8,5704,0.0,0.0,0.0,7,0.0,6,0.575506063241141
task2/b2_2-3-1-1,b2,2,3,1,1,omni-167,The assertion is false; \( n = 25 \) is a counter-example.,8,3741,0.0,0.0,0.0,5,0.0,6,0.40058865599383836
task2/b2_2-3-1-1,b2,2,3,1,1,omni-2480,924,8,12303,0.0,0.0,0.0,4,0.375,6,0.4913274490551001
task2/b2_2-3-1-1,b2,2,3,1,1,omni-2736,20,8,1232,1.0,1.0,0.0,1,0.0,6,0.4260073664825046
task2/b2_2-3-1-1,b2,2,3,1,1,omni-1240,899,8,4939,0.5,1.0,1.0,4,0.0,6,0.48018357302305575
task2/b2_2-3-1-1,b2,2,3,1,1,omni-3857,"{P(0) \in (-\infty,0)\cup \{1\} }",8,3956,0.0,0.0,0.0,1,0.0,6,0.3546995242688024
task2/b2_2-3-1-1,b2,2,3,1,1,omni-3140,777.5,8,7207,0.0,0.0,0.0,7,0.0,6,0.3415827885579883
task2/b2_2-3-1-1,b2,2,3,1,1,omni-3175,12,8,1684,0.0,0.0,0.0,4,0.0,6,0.6632366496243394
task2/b2_2-3-1-1,b2,2,3,1,1,omni-3731,\frac{y \pm \sqrt{y^2 - 4}}{2} \text{ where } y \text{ is an integer with } |y| \geq 2,8,4336,0.0,0.0,0.0,3,0.0,6,0.4861581766861161
task2/b2_2-3-1-1,b2,2,3,1,1,omni-1769,26,8,3756,0.0,0.0,0.0,8,0.0,6,0.583581940762511
task2/b2_2-3-1-1,b2,2,3,1,1,omni-1193,7/15,8,9089,0.0,0.0,0.0,8,0.0,6,0.38255080856047735
task2/b2_2-3-1-1,b2,2,3,1,1,omni-251,\text{No solutions},8,5688,0.5,1.0,1.0,4,0.0,6,0.5524670942260312
task2/b2_2-3-1-1,b2,2,3,1,1,omni-643,\frac{9}{10},8,4682,0.375,1.0,1.0,5,0.0,6,0.3619850589424434
task2/b2_2-3-1-1,b2,2,3,1,1,omni-1457,"There are two families of answers: (a) $a_{n}=c(n+2) n!$ for all $n \geq 1$ and $a_{0}=c+1$ for some integer $c \geq 2014$, and (b) $a_{n}=c(n+2) n!$ for all $n \geq 1$ and $a_{0}=c-1$ for some integer $c \geq 2016$.",8,6383,0.125,1.0,1.0,7,0.0,6,0.3592027636971457
task2/b2_2-3-1-1,b2,2,3,1,1,omni-1677,\frac{55}{81},8,5139,0.0,0.0,0.0,7,0.0,6,0.49098607482492307
task2/b2_4-1-1-1,b2,4,1,1,1,omni-3155,n=2^k-1 \text{ for some integer } k\geq 1,8,5278,0.0,0.0,0.0,5,0.0,4,0.31014445793815726
task2/b2_4-1-1-1,b2,4,1,1,1,omni-3904,"f(x) = C, \quad f(x) = \pm x + C, \quad \text{or} \quad f(x) = \pm x^3 + C",8,5344,0.0,0.0,0.0,2,0.0,4,0.6523571571904934
task2/b2_4-1-1-1,b2,4,1,1,1,omni-2052,-\frac{1}{2},8,3637,0.625,1.0,1.0,2,0.0,4,0.42267864467007726
task2/b2_4-1-1-1,b2,4,1,1,1,omni-824,2005^{1002} / 2004!,8,5553,0.0,0.0,0.0,3,0.0,4,0.281484562819325
task2/b2_4-1-1-1,b2,4,1,1,1,omni-2133,2017,8,2946,0.625,1.0,1.0,2,0.0,4,0.2112525539500555
task2/b2_4-1-1-1,b2,4,1,1,1,omni-1998,\frac{5}{12},8,5384,0.0,0.0,0.0,4,0.0,4,0.42652765786339003
task2/b2_4-1-1-1,b2,4,1,1,1,omni-747,477,8,3225,0.0,0.0,0.0,3,0.0,4,0.35528732253001855
task2/b2_4-1-1-1,b2,4,1,1,1,omni-1022,1/2,8,5936,0.0,0.0,0.0,2,0.0,4,0.43651024314686127
task2/b2_4-1-1-1,b2,4,1,1,1,omni-2597,13,8,5635,0.0,0.0,0.0,5,0.0,4,0.8600349138043426
task2/b2_4-1-1-1,b2,4,1,1,1,omni-3903,"2, 128, 2000",8,7937,0.0,0.0,0.0,4,0.0,4,0.22685072760917185
task2/b2_4-1-1-1,b2,4,1,1,1,omni-4297,\text{Yes},8,4030,0.625,1.0,1.0,2,0.0,4,0.764732086778856
task2/b2_4-1-1-1,b2,4,1,1,1,omni-4035,\text{Further combinatorial analysis required},8,4378,0.0,0.0,0.0,7,0.0,4,0.5052833034807837
task2/b2_4-1-1-1,b2,4,1,1,1,omni-1990,1481480,8,9734,0.0,0.0,0.0,5,0.0,4,0.09185798014929022
task2/b2_4-1-1-1,b2,4,1,1,1,omni-3490,8n,8,2498,1.0,1.0,0.0,1,0.0,4,0.191161292503804
task2/b2_4-1-1-1,b2,4,1,1,1,omni-1019,\frac{11}{4},8,9576,0.0,0.0,0.0,7,0.0,4,0.25229735001812964
task2/b2_4-1-1-1,b2,4,1,1,1,omni-177,"\[ n = 2^{a+1} + 2^b, \quad a, b \ge 0 \]

Alternatively, this condition can be expressed as either \( n = 2^k, \, k \ge 2 \) or \( n \) is the sum of two distinct powers of 2.",8,3512,0.0,0.0,0.0,5,0.0,4,0.5687843161459647
task2/b2_4-1-1-1,b2,4,1,1,1,omni-3486,131,8,4657,1.0,1.0,0.0,1,0.0,4,0.10886360284263506
task2/b2_4-1-1-1,b2,4,1,1,1,omni-3572,"(0, 0, 0)",8,5763,1.0,1.0,0.0,1,0.0,4,0.3430877999580684
task2/b2_4-1-1-1,b2,4,1,1,1,omni-2937,15,8,3183,0.875,1.0,1.0,2,0.0,4,0.377926352845351
task2/b2_4-1-1-1,b2,4,1,1,1,omni-4337,1,8,4922,1.0,1.0,0.0,1,0.0,4,0.6887631224678546
task2/b2_4-1-1-1,b2,4,1,1,1,omni-4166,\text{yes},8,3199,1.0,1.0,0.0,1,0.0,4,0.7089948163302499
task2/b2_4-1-1-1,b2,4,1,1,1,omni-647,4,8,4251,1.0,1.0,0.0,1,0.0,4,0.33062625390503425
task2/b2_4-1-1-1,b2,4,1,1,1,omni-2358,10,8,7075,0.0,0.0,0.0,5,0.0,4,0.705627591135428
task2/b2_4-1-1-1,b2,4,1,1,1,omni-1575,516,8,3045,0.0,0.0,0.0,7,0.0,4,0.425085124774257
task2/b2_4-1-1-1,b2,4,1,1,1,omni-3295,\[ k \neq 1 \],8,4798,0.0,0.0,0.0,5,0.0,4,0.40770579985185484
task2/b2_4-1-1-1,b2,4,1,1,1,omni-3656,"(a, b, p, n) = (2^k, 2^k, 2, 2013k + 1)",8,5044,0.0,0.0,0.0,8,0.0,4,0.44056490357666395
task2/b2_4-1-1-1,b2,4,1,1,1,omni-3824,(-1)^n 2^{n-1} d^n (2a + nd),8,4629,0.0,0.0,0.0,5,0.0,4,0.5553014360185023
task2/b2_4-1-1-1,b2,4,1,1,1,omni-3420,Tuesday,8,2458,0.625,1.0,1.0,4,0.0,4,0.4004060947396367
task2/b2_4-1-1-1,b2,4,1,1,1,omni-974,1-\ln (e-1),8,4712,0.0,0.0,0.0,3,0.0,4,0.3143284820196769
task2/b2_4-1-1-1,b2,4,1,1,1,omni-666,\pi / 2,8,5261,1.0,1.0,0.0,2,0.0,4,0.33071811153466985
task2/b2_4-1-1-1,b2,4,1,1,1,omni-2843,24,8,11548,0.0,0.0,0.0,5,0.0,4,0.16115203716757714
task2/b2_4-1-1-1,b2,4,1,1,1,omni-2127,\frac{8}{17},8,5371,0.0,0.0,0.0,8,0.0,4,0.5083541448690077
task2/b2_4-1-1-1,b2,4,1,1,1,omni-4406,"{x=m\pi-\frac{\pi}{4}\ ,\ m\in Z}",8,7019,0.0,0.0,0.0,8,0.0,4,0.509358305548503
task2/b2_4-1-1-1,b2,4,1,1,1,omni-2731,15,8,3110,0.25,1.0,1.0,3,0.0,4,0.6107337631754869
task2/b2_4-1-1-1,b2,4,1,1,1,omni-1342,2013^{4025},8,4371,0.0,0.0,0.0,7,0.0,4,0.4564851155284396
task2/b2_4-1-1-1,b2,4,1,1,1,omni-3916,\lceil \log_a d \rceil,8,3566,0.0,0.0,0.0,2,0.0,4,0.7105271576010174
task2/b2_4-1-1-1,b2,4,1,1,1,omni-3302,The game is winnable if and only if \( n > k \ge 2 \).,8,3602,0.0,0.0,0.0,5,0.0,4,0.20986364514774877
task2/b2_4-1-1-1,b2,4,1,1,1,omni-2761,15,8,2300,0.375,1.0,1.0,4,0.0,4,0.5847563310420786
task2/b2_4-1-1-1,b2,4,1,1,1,omni-2744,24,8,5483,0.0,0.0,0.0,3,0.0,4,0.5112621015073858
task2/b2_4-1-1-1,b2,4,1,1,1,omni-3152,24,8,1699,1.0,1.0,0.0,1,0.0,4,0.25422214724085285
task2/b2_4-1-1-1,b2,4,1,1,1,omni-1779,5994,8,5495,0.0,0.0,0.0,7,0.0,4,0.7658326340924988
task2/b2_4-1-1-1,b2,4,1,1,1,omni-2936,2.2,8,2521,0.0,0.0,0.0,3,0.0,4,0.6332528493116428
task2/b2_4-1-1-1,b2,4,1,1,1,omni-1768,6,8,2367,0.0,0.0,0.0,1,0.0,4,0.5810325928074881
task2/b2_4-1-1-1,b2,4,1,1,1,omni-3996,121,8,4447,0.0,0.0,0.0,5,0.0,4,0.7522650327809843
task2/b2_4-1-1-1,b2,4,1,1,1,omni-4084,2^{n+1} - 2,8,3742,0.0,0.0,0.0,5,0.0,4,0.35188674099073736
task2/b2_4-1-1-1,b2,4,1,1,1,omni-2104,974,8,5454,0.0,0.0,0.0,7,0.0,4,0.32767650668147935
task2/b2_4-1-1-1,b2,4,1,1,1,omni-332,Cathy can win if and only if \( n \leq 2^{k-1} \).,8,2798,0.0,0.0,0.0,3,0.0,4,0.448555100566555
task2/b2_4-1-1-1,b2,4,1,1,1,omni-4136,"(x,y) = (11,1), (49,1), (7t^2,7t), t \text{ is an interge}",8,7379,0.0,0.0,0.0,5,0.0,4,0.5395987513551841
task2/b2_4-1-1-1,b2,4,1,1,1,omni-3492,60 \mathrm{~g},8,1817,1.0,1.0,0.0,1,0.0,4,0.23563160503189093
task2/b2_4-1-1-1,b2,4,1,1,1,omni-1,1,8,2782,0.75,1.0,1.0,2,0.0,4,0.7396048412294534
task2/b2_4-1-1-1,b2,4,1,1,1,omni-3342,39601,8,7649,0.0,0.0,0.0,5,0.0,4,0.26061279130787474
task2/b2_4-1-1-1,b2,4,1,1,1,omni-454,132,8,2446,1.0,1.0,0.0,1,0.0,4,0.25381431846352087
task2/b2_4-1-1-1,b2,4,1,1,1,omni-2889,26,8,5029,0.625,1.0,1.0,3,0.125,4,0.37581341781556293
task2/b2_4-1-1-1,b2,4,1,1,1,omni-165,\[ 1 \],8,5570,0.75,1.0,1.0,3,0.0,4,0.3395216127266747
task2/b2_4-1-1-1,b2,4,1,1,1,omni-4016,"110,143,242,341,440,164,263,362,461,560,198,297,396,495,594,693,792,891,990",8,9642,0.0,0.0,0.0,6,0.0,4,0.5024699532523208
task2/b2_4-1-1-1,b2,4,1,1,1,omni-2406,60,8,5787,0.0,0.0,0.0,4,0.0,4,0.33820590896479974
task2/b2_4-1-1-1,b2,4,1,1,1,omni-2920,64,8,1852,1.0,1.0,0.0,1,0.0,4,0.2093530217626271
task2/b2_4-1-1-1,b2,4,1,1,1,omni-1881,1516,8,5548,0.0,0.0,0.0,6,0.0,4,0.6493428727417507
task2/b2_4-1-1-1,b2,4,1,1,1,omni-3489,113,8,3222,0.0,0.0,0.0,4,0.0,4,0.41167436383286793
task2/b2_4-1-1-1,b2,4,1,1,1,omni-3659,501,8,3052,0.0,0.0,0.0,1,0.0,4,0.6114632539682892
task2/b2_4-1-1-1,b2,4,1,1,1,omni-2887,32,8,3540,0.875,1.0,1.0,2,0.0,4,0.028355957202139893
task2/b2_4-1-1-1,b2,4,1,1,1,omni-81,\frac{97 \sqrt{2} + 40 \sqrt{3}}{15},8,4314,0.0,0.0,0.0,5,0.0,4,0.6826825486019724
task2/b2_4-1-1-1,b2,4,1,1,1,omni-1009,4,8,4842,0.0,0.0,0.0,2,0.125,4,0.42524042666186784
task2/b2_4-1-1-1,b2,4,1,1,1,omni-3445,2004,8,4706,0.625,1.0,1.0,3,0.0,4,0.1605442923491782
task2/b2_4-1-1-1,b2,4,1,1,1,omni-2933,42,8,3076,1.0,1.0,0.0,1,0.0,4,0.25044835081121924
task2/b2_4-1-1-1,b2,4,1,1,1,omni-4362,\text{No},8,6195,1.0,1.0,0.0,1,0.0,4,0.7170469155190644
task2/b2_4-1-1-1,b2,4,1,1,1,omni-2898,16,8,1438,1.0,1.0,0.0,1,0.0,4,0.5565307978770269
task2/b2_4-1-1-1,b2,4,1,1,1,omni-510,\frac{13}{30},8,5315,0.0,0.0,0.0,6,0.0,4,0.34622886765105326
task2/b2_4-1-1-1,b2,4,1,1,1,omni-2664,4180,8,3122,1.0,1.0,0.0,1,0.0,4,0.1693008021024832
task2/b2_4-1-1-1,b2,4,1,1,1,omni-659,6,8,3956,0.625,1.0,1.0,3,0.0,4,0.47208293962057474
task2/b2_4-1-1-1,b2,4,1,1,1,omni-2725,15,8,2587,1.0,1.0,0.0,1,0.0,4,0.5030906881603235
task2/b2_4-1-1-1,b2,4,1,1,1,omni-1983,\frac{4}{\sqrt{5}} \text{ OR } \frac{4 \sqrt{5}}{5},8,5533,0.0,0.0,0.0,1,0.0,4,0.7638159216246602
task2/b2_4-1-1-1,b2,4,1,1,1,omni-565,52,8,3177,0.0,0.0,0.0,5,0.0,4,0.30874775368435375
task2/b2_4-1-1-1,b2,4,1,1,1,omni-2257,\frac{\sqrt{6}}{2},8,8167,0.0,0.0,0.0,3,0.0,4,0.40293937816794684
task2/b2_4-1-1-1,b2,4,1,1,1,omni-2927,4.309,8,1576,1.0,1.0,0.0,1,0.0,4,0.35225219885006953
task2/b2_4-1-1-1,b2,4,1,1,1,omni-132,\text{There are infinitely many positive integers } n \text{ such that } d(n!) - 1 \text{ is a composite number.},8,4656,0.75,1.0,1.0,3,0.0,4,0.48167807866181206
task2/b2_4-1-1-1,b2,4,1,1,1,omni-509,96,8,2625,0.0,0.0,0.0,3,0.0,4,0.3974229451884013
task2/b2_4-1-1-1,b2,4,1,1,1,omni-1544,\frac{1}{2},8,6974,0.625,1.0,1.0,3,0.0,4,0.44007943701851676
task2/b2_4-1-1-1,b2,4,1,1,1,omni-1594,"n=6, 66, 946",8,6346,0.0,0.0,0.0,4,0.0,4,0.41231725987483986
task2/b2_4-1-1-1,b2,4,1,1,1,omni-831,\frac{41}{512},8,6006,0.0,0.0,0.0,4,0.0,4,0.45546393155049025
task2/b2_4-1-1-1,b2,4,1,1,1,omni-1477,4018,8,4223,0.25,1.0,1.0,6,0.0,4,0.7650291614165442
task2/b2_4-1-1-1,b2,4,1,1,1,omni-3852,{\frac{n(n+1)(2n+1)}{6}},8,2733,0.0,0.0,0.0,2,0.0,4,0.6760531782870975
task2/b2_4-1-1-1,b2,4,1,1,1,omni-2053,71.8,8,3152,0.0,0.0,0.0,4,0.0,4,0.27671806365881935
task2/b2_4-1-1-1,b2,4,1,1,1,omni-2551,72^{\circ},8,1725,0.75,1.0,1.0,2,0.0,4,0.5327470807511151
task2/b2_4-1-1-1,b2,4,1,1,1,omni-2751,8,8,4123,0.875,1.0,1.0,2,0.0,4,0.2722888222888223
task2/b2_4-1-1-1,b2,4,1,1,1,omni-2942,113,8,2141,0.0,0.0,0.0,5,0.0,4,0.48826682165629487
task2/b2_4-1-1-1,b2,4,1,1,1,omni-2739,8,8,1841,1.0,1.0,0.0,1,0.0,4,0.6900571574604666
task2/b2_4-1-1-1,b2,4,1,1,1,omni-3426,a^{2}<a<rac{1}{a},8,2573,0.0,0.0,0.0,8,0.0,4,0.5809447023498734
task2/b2_4-1-1-1,b2,4,1,1,1,omni-4321,\text{Yes},8,2142,0.125,1.0,1.0,3,0.0,4,0.3946674928590371
task2/b2_4-1-1-1,b2,4,1,1,1,omni-408,15,8,4727,0.0,0.0,0.0,4,0.0,4,0.3359300744164349
task2/b2_4-1-1-1,b2,4,1,1,1,omni-27,"(2, 6), (2^k - 1, 2), (1, n) \text{ for any } n \ge 1",8,3509,0.0,0.0,0.0,6,0.0,4,0.6981008047819525
task2/b2_4-1-1-1,b2,4,1,1,1,omni-1626,21,8,11805,0.125,1.0,1.0,5,0.125,4,0.1372868229399115
task2/b2_4-1-1-1,b2,4,1,1,1,omni-178,"\[
\boxed{\frac{\pi}{4}}
\]",8,4331,0.0,0.0,0.0,3,0.0,4,0.4141710641631194
task2/b2_4-1-1-1,b2,4,1,1,1,omni-942,673,8,5740,0.125,1.0,1.0,7,0.0,4,0.37254495714321995
task2/b2_4-1-1-1,b2,4,1,1,1,omni-2578,33725,8,4030,0.0,0.0,0.0,2,0.0,4,0.20878321080683196
task2/b2_4-1-1-1,b2,4,1,1,1,omni-1460,\frac{25}{49},8,5799,0.0,0.0,0.0,4,0.0,4,0.43899704632013725
task2/b2_4-1-1-1,b2,4,1,1,1,omni-2764,\frac{89}{243},8,5657,0.0,0.0,0.0,5,0.0,4,0.7013561870339097
task2/b2_4-1-1-1,b2,4,1,1,1,omni-1224,61,8,6331,0.0,0.0,0.0,6,0.0,4,0.22940258231572166
task2/b2_4-1-1-1,b2,4,1,1,1,omni-1963,\frac{1}{1006},8,4101,0.875,1.0,1.0,2,0.0,4,0.3738306419407918
task2/b2_4-1-1-1,b2,4,1,1,1,omni-2691,232,8,2154,1.0,1.0,0.0,1,0.0,4,0.32933334492498983
task2/b2_4-1-1-1,b2,4,1,1,1,omni-2815,-36,8,5208,1.0,1.0,0.0,1,0.0,4,0.6286712602456814
task2/b2_4-1-1-1,b2,4,1,1,1,omni-1275,\frac{1}{1-x},8,3966,1.0,1.0,0.0,1,0.0,4,0.20065749733918767
task2/b2_4-1-1-1,b2,4,1,1,1,omni-64,\text{No such } n \text{ exists},8,5992,0.0,0.0,0.0,4,0.0,4,0.1736702321645001
task2/b2_4-1-1-1,b2,4,1,1,1,omni-3465,39\%,8,6110,0.0,0.0,0.0,4,0.125,4,0.715919285120692
task2/b2_4-1-1-1,b2,4,1,1,1,omni-226,\frac{1}{x^2},8,6632,0.5,1.0,1.0,5,0.0,4,0.4641790843256366
task2/b2_4-1-1-1,b2,4,1,1,1,omni-857,80,8,5315,0.0,0.0,0.0,3,0.0,4,0.569514469072913
task2/b2_4-1-1-1,b2,4,1,1,1,omni-1215,120,8,2692,1.0,1.0,0.0,1,0.0,4,0.14833022157471024
task2/b2_4-1-1-1,b2,4,1,1,1,omni-1654,10201,8,3368,0.375,1.0,1.0,4,0.0,4,0.34856160476498954
task2/b2_4-1-1-1,b2,4,1,1,1,omni-1277,43,8,3625,0.0,0.0,0.0,1,0.0,4,0.24311931467387327
task2/b2_4-1-1-1,b2,4,1,1,1,omni-2461,51,8,5120,0.125,1.0,1.0,4,0.0,4,0.4945424862878886
task2/b2_4-1-1-1,b2,4,1,1,1,omni-3131,18\%,8,3276,1.0,1.0,0.0,1,0.0,4,0.16138771194475607
task2/b2_4-1-1-1,b2,4,1,1,1,omni-1688,2^{2009},8,3410,1.0,1.0,0.0,1,0.0,4,0.17818612714446047
task2/b2_4-1-1-1,b2,4,1,1,1,omni-1490,139,8,11051,0.0,0.0,0.0,5,0.0,4,0.551373831687283
task2/b2_4-1-1-1,b2,4,1,1,1,omni-3147,\frac{19}{35},8,3479,0.0,0.0,0.0,4,0.0,4,0.45747985279426207
task2/b2_4-1-1-1,b2,4,1,1,1,omni-294,"The real roots of the equation \(x^4-(2\cdot10^{10}+1)x^2-x+10^{20}+10^{10}-1=0\) correct to four decimal places are approximately:
\[ x_1 \approx 10^5 - \frac{1 - \sqrt{1 + 4(10^5 + 1)}}{2 \cdot 2 \cdot 10^5} \]
\[ x_2 \approx 10^5 + \frac{1 + \sqrt{1 + 4(10^5 + 1)}}{2 \cdot 2 \cdot 10^5} \]

Given the approximations:
\[ x_1 \approx 99999.5000 \]
\[ x_2 \approx 100000.5000 \]",8,5632,0.0,0.0,0.0,7,0.0,4,0.6766017173179366
task2/b2_4-1-1-1,b2,4,1,1,1,omni-3368,60,8,4090,0.0,0.0,0.0,3,0.0,4,0.5427411905223664
task2/b2_4-1-1-1,b2,4,1,1,1,omni-265,"\[
|S| \ge 8
\]",8,6100,0.0,0.0,0.0,3,0.0,4,0.5038833413422751
task2/b2_4-1-1-1,b2,4,1,1,1,omni-909,56,8,2620,0.625,1.0,1.0,3,0.0,4,0.5779549018872228
task2/b2_4-1-1-1,b2,4,1,1,1,omni-995,p=2 \text{ and } p \equiv 3(\bmod 4),8,7721,0.0,0.0,0.0,4,0.0,4,0.21891626902803096
task2/b2_4-1-1-1,b2,4,1,1,1,omni-617,\frac{\ln 7}{4},8,10035,0.0,0.0,0.0,8,0.0,4,0.37638309539521647
task2/b2_4-1-1-1,b2,4,1,1,1,omni-765,1024,8,2540,0.0,0.0,0.0,2,0.0,4,0.03881951645786667
task2/b2_4-1-1-1,b2,4,1,1,1,omni-3457,7x+4,8,3712,0.0,0.0,0.0,3,0.0,4,0.3966435163977955
task2/b2_4-1-1-1,b2,4,1,1,1,omni-3531,"\frac{5}{2}, 3, \sqrt{10}",8,1981,1.0,1.0,0.0,1,0.0,4,0.5365323524217895
task2/b2_4-1-1-1,b2,4,1,1,1,omni-576,e^{e}-1,8,4407,0.0,0.0,0.0,2,0.0,4,0.53411106966332
task2/b2_4-1-1-1,b2,4,1,1,1,omni-1888,\frac{2}{9},8,3763,0.0,0.0,0.0,1,0.0,4,0.42706696285349866
task2/b2_4-1-1-1,b2,4,1,1,1,omni-58,\text{Every sufficiently large number appears in the sequence},8,4647,0.0,0.0,0.0,5,0.0,4,0.4910244716443485
task2/b2_4-1-1-1,b2,4,1,1,1,omni-331,There are no polynomials of degree 1 with rational coefficients that satisfy the given conditions.,8,2605,0.0,0.0,0.0,4,0.0,4,0.702916165314879
task2/b2_4-1-1-1,b2,4,1,1,1,omni-1789,76,8,6380,0.75,1.0,1.0,2,0.0,4,0.2085888049718529
task2/b2_4-1-1-1,b2,4,1,1,1,omni-1203,30212,8,3126,0.0,0.0,0.0,4,0.0,4,0.34214311521431623
task2/b2_4-1-1-1,b2,4,1,1,1,omni-3556,946,8,8861,0.0,0.0,0.0,4,0.0,4,0.6288168017187307
task2/b2_4-1-1-1,b2,4,1,1,1,omni-115,45^\circ,8,3393,1.0,1.0,0.0,1,0.0,4,0.7543955457558399
task2/b2_4-1-1-1,b2,4,1,1,1,omni-515,\frac{11}{65},8,7889,0.25,1.0,1.0,4,0.0,4,0.5063591304088597
task2/b2_4-1-1-1,b2,4,1,1,1,omni-2621,540,8,3680,0.375,1.0,1.0,5,0.0,4,0.4309717037418572
task2/b2_4-1-1-1,b2,4,1,1,1,omni-4426,"\text{Kolya wins if Dima starts, and Dima wins if Kolya starts.}",8,4325,0.0,0.0,0.0,4,0.0,4,0.522936488822914
task2/b2_4-1-1-1,b2,4,1,1,1,omni-2378,\frac{80\sqrt{3}}{9},8,2748,0.5,1.0,1.0,4,0.0,4,0.4172217172196338
task2/b2_4-1-1-1,b2,4,1,1,1,omni-735,4 \cdot 3^{2011},8,4139,0.0,0.0,0.0,5,0.0,4,0.3318585186977729
task2/b2_4-1-1-1,b2,4,1,1,1,omni-4274,\text{Alice},8,3500,0.75,1.0,1.0,2,0.0,4,0.6329532102065639
task2/b2_4-1-1-1,b2,4,1,1,1,omni-674,50,8,2359,0.0,0.0,0.0,1,0.0,4,0.5605728554775078
task2/b2_4-1-1-1,b2,4,1,1,1,omni-2220,65,8,4732,0.0,0.0,0.0,7,0.0,4,0.20557441160067963
task2/b2_4-1-1-1,b2,4,1,1,1,omni-1198,93,8,3782,0.0,0.0,0.0,5,0.0,4,0.5905630884022428
task2/b2_4-1-1-1,b2,4,1,1,1,omni-980,17,8,3060,0.0,0.0,0.0,8,0.0,4,0.5275620390611293
task2/b2_4-1-1-1,b2,4,1,1,1,omni-1515,34,8,5948,0.0,0.0,0.0,5,0.0,4,0.43013692375250984
task2/b2_4-1-1-1,b2,4,1,1,1,omni-2129,252,8,6161,0.125,1.0,1.0,7,0.0,4,0.37252786520857517
task2/b2_4-1-1-1,b2,4,1,1,1,omni-4125,(n-2)2^n + 1,8,3719,0.0,0.0,0.0,4,0.0,4,0.5047657873241037
task2/b2_4-1-1-1,b2,4,1,1,1,omni-1387,-9+3\sqrt{13},8,6413,0.0,0.0,0.0,2,0.0,4,0.6657649498158983
task2/b2_4-1-1-1,b2,4,1,1,1,omni-960,90,8,4179,0.0,0.0,0.0,3,0.0,4,0.45138079589103675
task2/b2_4-1-1-1,b2,4,1,1,1,omni-2925,600,8,3299,0.0,0.0,0.0,2,0.0,4,0.37998244436638573
task2/b2_4-1-1-1,b2,4,1,1,1,omni-374,\[ MA \cdot NA + MB \cdot NB + MC \cdot NC \geq MD \cdot ND \],8,6330,0.75,1.0,1.0,3,0.0,4,0.40780223886782846
task2/b2_4-1-1-1,b2,4,1,1,1,omni-1084,2 \sqrt[4]{6},8,4370,0.0,0.0,0.0,1,0.0,4,0.5524853162295034
task2/b2_4-1-1-1,b2,4,1,1,1,omni-1311,45,8,4596,0.0,0.0,0.0,2,0.0,4,0.4904343485416836
task2/b2_4-1-1-1,b2,4,1,1,1,omni-383,6,8,1886,0.0,0.0,0.0,1,0.0,4,0.3018535867027131
task2/b2_4-1-1-1,b2,4,1,1,1,omni-3991,$\frac{13}{4}$,8,4119,0.0,0.0,0.0,1,0.0,4,0.6290458639980212
task2/b2_4-1-1-1,b2,4,1,1,1,omni-3400,160,8,2777,1.0,1.0,0.0,1,0.0,4,0.3318610580352225
task2/b2_4-1-1-1,b2,4,1,1,1,omni-1749,47,8,5887,0.0,0.0,0.0,3,0.0,4,0.7215446121792
task2/b2_4-1-1-1,b2,4,1,1,1,omni-2477,\binom{34}{9},8,3360,0.375,1.0,1.0,5,0.0,4,0.5359795695853714
task2/b2_4-1-1-1,b2,4,1,1,1,omni-2250,\frac{3}{10},8,6010,0.0,0.0,0.0,5,0.0,4,0.3563203119402634
task2/b2_4-1-1-1,b2,4,1,1,1,omni-1265,\frac{\binom{4030}{2016}}{2^{4030}},8,5729,0.125,1.0,1.0,6,0.0,4,0.25174559918239064
task2/b2_4-1-1-1,b2,4,1,1,1,omni-3005,19,8,3515,1.0,1.0,0.0,1,0.0,4,0.37405232439357045
task2/b2_4-1-1-1,b2,4,1,1,1,omni-1702,n=3,8,7675,0.875,1.0,1.0,2,0.0,4,0.153801375280903
task2/b2_4-1-1-1,b2,4,1,1,1,omni-3008,7,8,2977,0.0,0.0,0.0,3,0.0,4,0.34822292074317723
task2/b2_4-1-1-1,b2,4,1,1,1,omni-2371,18.5285921,8,3408,0.0,0.0,0.0,5,0.0,4,0.01996302626939774
task2/b2_4-1-1-1,b2,4,1,1,1,omni-395,"6,-\frac{10}{3}",8,8746,0.25,1.0,1.0,3,0.0,4,0.2910167308594537
task2/b2_4-1-1-1,b2,4,1,1,1,omni-2451,109368,8,3643,0.0,0.0,0.0,8,0.0,4,0.38220884031181573
task2/b2_4-1-1-1,b2,4,1,1,1,omni-1018,"1, 2, 3, 4",8,5213,0.0,0.0,0.0,2,0.0,4,0.46595374865261563
task2/b2_4-1-1-1,b2,4,1,1,1,omni-1364,\frac{7}{2},8,4058,0.375,1.0,1.0,2,0.0,4,0.4717266035333994
task2/b2_4-1-1-1,b2,4,1,1,1,omni-803,1,8,2507,1.0,1.0,0.0,1,0.0,4,0.09081342434444041
task2/b2_4-1-1-1,b2,4,1,1,1,omni-685,\begin{tabular}{ll} 00000000 & 00110101 \ 11001010 & 10011110 \ 11100001 & 01101011 \ 11010100 & 01100110 \ 10111001 & 10010011 \ 01111100 & 11001101 \ 00111010 & 10101100 \ 01010111 & 11110010 \ 00001111 & 01011001 \ 10100111 & 11111111 \ \end{tabular},8,3652,0.0,0.0,0.0,1,0.0,4,0.5763887327056638
task2/b2_4-1-1-1,b2,4,1,1,1,omni-4307,"(m, n) = (36, 6)",8,6964,0.0,0.0,0.0,6,0.0,4,0.45726318244399367
task2/b2_4-1-1-1,b2,4,1,1,1,omni-1621,89,8,6092,0.0,0.0,0.0,4,0.0,4,0.3873684572373801
task2/b2_4-1-1-1,b2,4,1,1,1,omni-3325,2015.318180 \ldots,8,5586,0.0,0.0,0.0,6,0.0,4,0.776376390635916
task2/b2_4-1-1-1,b2,4,1,1,1,omni-79,18,8,3873,0.0,0.0,0.0,2,0.0,4,0.592916722002312
task2/b2_4-1-1-1,b2,4,1,1,1,omni-3104,120,8,1786,1.0,1.0,0.0,1,0.0,4,0.630264699075714
task2/b2_4-1-1-1,b2,4,1,1,1,omni-125,"\left( \frac{1}{n+1}, \frac{1}{n+1}, \ldots, \frac{1}{n+1} \right)",8,4734,0.0,0.0,0.0,4,0.0,4,0.4785609332775705
task2/b2_4-1-1-1,b2,4,1,1,1,omni-4340,\text{No},8,3453,0.0,0.0,0.0,1,0.0,4,0.186189756960968
task2/b2_4-1-1-1,b2,4,1,1,1,omni-2372,\frac{45}{14},8,5897,0.0,0.0,0.0,6,0.0,4,0.3029193469489758
task2/b2_4-1-1-1,b2,4,1,1,1,omni-4152,1,8,4011,0.0,0.0,0.0,3,0.0,4,0.40450644922131357
task2/b2_4-1-1-1,b2,4,1,1,1,omni-3143,"f(x) = cx^d, c,d > 0, c=1 \text{ if } d=1",8,4766,0.0,0.0,0.0,2,0.0,4,0.6613349288240828
task2/b2_4-1-1-1,b2,4,1,1,1,omni-3943,3^{100},8,3286,0.0,0.0,0.0,3,0.0,4,0.3556965466714333
task2/b2_4-1-1-1,b2,4,1,1,1,omni-288,The area of triangle $OO_1O_2$ is minimized if $CX \perp AB$.,8,3307,0.0,0.0,0.0,3,0.0,4,0.5363425267564352
task2/b2_4-1-1-1,b2,4,1,1,1,omni-1087,1+\sqrt{2}+\sqrt{6},8,4757,0.125,1.0,1.0,5,0.0,4,0.2114174578418963
task2/b2_4-1-1-1,b2,4,1,1,1,omni-492,3,8,4626,0.125,1.0,1.0,4,0.0,4,0.43829779304707484
task2/b2_4-1-1-1,b2,4,1,1,1,omni-1549,318,8,5684,0.0,0.0,0.0,8,0.0,4,0.4628640572506678
task2/b2_4-1-1-1,b2,4,1,1,1,omni-365,11,8,3397,0.0,0.0,0.0,2,0.0,4,0.27270010894287355
task2/b2_4-1-1-1,b2,4,1,1,1,omni-4290,"(a, b, c) = (10, 10, 1), (10, 1, 10), (1, 10, 10)",8,10993,0.0,0.0,0.0,5,0.0,4,0.7328175837450958
task2/b2_4-1-1-1,b2,4,1,1,1,omni-688,"(1,1), (3,3)",8,4566,1.0,1.0,0.0,1,0.0,4,0.5009618190736442
task2/b2_4-1-1-1,b2,4,1,1,1,omni-3416,40 \text{ minutes},8,3298,0.0,0.0,0.0,7,0.0,4,0.49913555731610804
task2/b2_4-1-1-1,b2,4,1,1,1,omni-994,\frac{1999008}{1999012},8,3286,0.0,0.0,0.0,4,0.0,4,0.319113986650162
task2/b2_4-1-1-1,b2,4,1,1,1,omni-2996,rac{3}{8},8,2430,0.0,0.0,0.0,1,0.0,4,0.38001515048501233
task2/b2_4-1-1-1,b2,4,1,1,1,omni-2402,6,8,3399,0.0,0.0,0.0,4,0.0,4,0.3968963708511589
task2/b2_4-1-1-1,b2,4,1,1,1,omni-2121,13,8,8043,0.875,1.0,1.0,2,0.0,4,0.49263583033195624
task2/b2_4-1-1-1,b2,4,1,1,1,omni-4134,k = \left\lfloor \sqrt{n - 1}\right\rfloor,8,4716,0.0,0.0,0.0,4,0.0,4,0.2934324798496095
task2/b2_4-1-1-1,b2,4,1,1,1,omni-2540,3633,8,3786,0.0,0.0,0.0,4,0.0,4,0.469835535343321
task2/b2_4-1-1-1,b2,4,1,1,1,omni-2590,5,8,3007,0.0,0.0,0.0,3,0.0,4,0.8457383170474269
task2/b2_4-1-1-1,b2,4,1,1,1,omni-764,60^{\circ},8,1804,0.0,0.0,0.0,2,0.0,4,0.4360002296050033
task2/b2_4-1-1-1,b2,4,1,1,1,omni-1565,"(2,2),(3,3),(1,2),(2,3),(2,1),(3,2)",8,6350,0.0,0.0,0.0,6,0.0,4,0.5583339976781378
task2/b2_4-1-1-1,b2,4,1,1,1,omni-4161,\text{All odd integers } n \geq 3.,8,4982,0.25,1.0,1.0,6,0.0,4,0.41173917109336833
task2/b2_4-1-1-1,b2,4,1,1,1,omni-1664,n^{2}+c^{2}-nc-c,8,6083,0.0,0.0,0.0,5,0.125,4,0.3074873146477785
task2/b2_4-1-1-1,b2,4,1,1,1,omni-1506,14034,8,4694,0.0,0.0,0.0,7,0.0,4,0.3109775519513462
task2/b2_4-1-1-1,b2,4,1,1,1,omni-1066,2^{32},8,5000,0.0,0.0,0.0,5,0.0,4,0.5368667640932018
task2/b2_4-1-1-1,b2,4,1,1,1,omni-1929,28,8,4258,0.0,0.0,0.0,6,0.0,4,0.7994572287006931
task2/b2_4-1-1-1,b2,4,1,1,1,omni-2656,109,8,6016,0.0,0.0,0.0,6,0.0,4,0.2962825831436688
task2/b2_4-1-1-1,b2,4,1,1,1,omni-959,\frac{1}{8},8,3626,0.5,1.0,1.0,3,0.0,4,0.3506804448845718
task2/b2_4-1-1-1,b2,4,1,1,1,omni-1792,7521,8,4746,0.0,0.0,0.0,8,0.0,4,0.4514515553376392
task2/b2_4-1-1-1,b2,4,1,1,1,omni-3204,\frac{480}{49},8,4691,0.0,0.0,0.0,3,0.0,4,0.5586020925534698
task2/b2_4-1-1-1,b2,4,1,1,1,omni-1014,31486,8,7706,0.0,0.0,0.0,8,0.0,4,0.4104443191898421
task2/b2_4-1-1-1,b2,4,1,1,1,omni-573,\frac{5}{6},8,5381,0.0,0.0,0.0,1,0.0,4,0.1584624088854896
task2/b2_4-1-1-1,b2,4,1,1,1,omni-3826,120^\circ,8,4715,0.0,0.0,0.0,3,0.0,4,0.44395438123083536
task2/b2_4-1-1-1,b2,4,1,1,1,omni-1666,8,8,2892,0.125,1.0,1.0,4,0.0,4,0.45401230187363006
task2/b2_4-1-1-1,b2,4,1,1,1,omni-3623,150,8,6091,0.25,1.0,1.0,3,0.0,4,0.5055120448584237
task2/b2_4-1-1-1,b2,4,1,1,1,omni-3183,No,8,4524,0.75,1.0,1.0,2,0.0,4,0.6169986045304082
task2/b2_4-1-1-1,b2,4,1,1,1,omni-2300,"(p, q, r)=\left(\frac{2}{5}, \frac{3}{10}, \frac{3}{10}\right)",8,4954,0.0,0.0,0.0,3,0.0,4,0.4148603647529669
task2/b2_4-1-1-1,b2,4,1,1,1,omni-2541,6,8,4355,0.0,0.0,0.0,4,0.0,4,0.35930234350920276
task2/b2_4-1-1-1,b2,4,1,1,1,omni-1961,2 \sqrt{30},8,4391,0.0,0.0,0.0,3,0.0,4,0.40959371869673356
task2/b2_4-1-1-1,b2,4,1,1,1,omni-1357,209,8,3595,0.0,0.0,0.0,7,0.0,4,0.3655108928637213
task2/b2_4-1-1-1,b2,4,1,1,1,omni-0,1 + \left\lceil \frac{n}{2} \right\rceil,8,4741,0.0,0.0,0.0,4,0.0,4,0.60877273704716
task2/b2_4-1-1-1,b2,4,1,1,1,omni-1540,1/2,8,6516,0.375,1.0,1.0,2,0.0,4,0.448257448977452
task2/b2_4-1-1-1,b2,4,1,1,1,omni-117,n \text{ must be odd},8,3670,0.125,1.0,1.0,6,0.0,4,0.5266073922632306
task2/b2_4-1-1-1,b2,4,1,1,1,omni-2293,168089,8,7343,0.0,0.0,0.0,6,0.0,4,0.2418504143818712
task2/b2_4-1-1-1,b2,4,1,1,1,omni-3710,\text{No},8,5315,1.0,1.0,0.0,1,0.0,4,0.4442781790063806
task2/b2_4-1-1-1,b2,4,1,1,1,omni-2280,9,8,4966,1.0,1.0,0.0,1,0.0,4,0.4039219586124041
task2/b2_4-1-1-1,b2,4,1,1,1,omni-344,"\[
\frac{63}{64}
\]",8,2756,0.0,0.0,0.0,2,0.0,4,0.6556193531190003
task2/b2_4-1-1-1,b2,4,1,1,1,omni-3076,44,8,2488,1.0,1.0,0.0,1,0.0,4,0.3821614583333333
task2/b2_4-1-1-1,b2,4,1,1,1,omni-767,\binom{109}{10},8,4667,0.0,0.0,0.0,8,0.0,4,0.5744040504747435
task2/b2_4-1-1-1,b2,4,1,1,1,omni-2956,2,8,2262,0.0,0.0,0.0,3,0.0,4,0.5351140833699161
task2/b2_4-1-1-1,b2,4,1,1,1,omni-2522,1205,8,3437,0.0,0.0,0.0,7,0.0,4,0.43648671838832753
task2/b2_4-1-1-1,b2,4,1,1,1,omni-3397,y=-x+4,8,4235,0.0,0.0,0.0,5,0.0,4,0.5258728216342412
task2/b2_4-1-1-1,b2,4,1,1,1,omni-3924,C \ge 2 \ln 2,8,4334,0.0,0.0,0.0,4,0.0,4,0.35865693723749337
task2/b2_4-1-1-1,b2,4,1,1,1,omni-712,123+6\sqrt{119},8,8038,0.0,0.0,0.0,4,0.125,4,0.5015644383316151
task2/b2_4-1-1-1,b2,4,1,1,1,omni-3226,27,8,3031,1.0,1.0,0.0,1,0.0,4,0.18246358053460762
task2/b2_4-1-1-1,b2,4,1,1,1,omni-3017,1,8,1909,1.0,1.0,0.0,1,0.0,4,0.3355639128162268
task2/b2_4-1-1-1,b2,4,1,1,1,omni-3699,100902018,8,5212,0.0,0.0,0.0,4,0.0,4,0.3992345699963343
task2/b2_4-1-1-1,b2,4,1,1,1,omni-3755,"{6,7,7.5,8,8.5,9,10}",8,5679,0.0,0.0,0.0,5,0.0,4,0.16752043556668322
task2/b2_4-1-1-1,b2,4,1,1,1,omni-3467,3,8,4737,0.125,1.0,1.0,6,0.0,4,0.31662981088420566
task2/b2_4-1-1-1,b2,4,1,1,1,omni-2787,6,8,2342,1.0,1.0,0.0,1,0.0,4,0.3972621718404945
task2/b2_4-1-1-1,b2,4,1,1,1,omni-2411,\frac{20}{3},8,5422,0.0,0.0,0.0,4,0.0,4,0.4444726600520478
task2/b2_4-1-1-1,b2,4,1,1,1,omni-2708,7,8,1920,1.0,1.0,0.0,1,0.0,4,0.35872164849747545
task2/b2_4-1-1-1,b2,4,1,1,1,omni-4115,"$f(x)= 0,f(x)= 2-x, f(x)=-x$",8,6161,0.0,0.0,0.0,2,0.0,4,0.4126905135492592
task2/b2_4-1-1-1,b2,4,1,1,1,omni-4386,\text{yes},8,3337,0.25,1.0,1.0,2,0.0,4,0.5170403439341914
task2/b2_4-1-1-1,b2,4,1,1,1,omni-2084,12,8,6477,0.125,1.0,1.0,5,0.0,4,0.34695558475153626
task2/b2_4-1-1-1,b2,4,1,1,1,omni-1341,581,8,7605,0.0,0.0,0.0,7,0.0,4,0.2748028504772353
task2/b2_4-1-1-1,b2,4,1,1,1,omni-3423,37.5\%,8,3230,0.25,1.0,1.0,2,0.0,4,0.3702254097870098
task2/b2_4-1-1-1,b2,4,1,1,1,omni-3819,"f(x) = \begin{cases}
\frac{2}{2 - x}, & 0 \leq x < 2, \\
0, & x \geq 2.
\end{cases}",8,5122,0.75,1.0,1.0,6,0.0,4,0.6673590951533391
task2/b2_4-1-1-1,b2,4,1,1,1,omni-2653,932,8,6335,0.0,0.0,0.0,5,0.0,4,0.44324168605948033
task2/b2_4-1-1-1,b2,4,1,1,1,omni-3827,f(x) = 0 \text{ and } f(x) = x - 1.,8,5143,0.0,0.0,0.0,2,0.0,4,0.5833615777352019
task2/b2_4-1-1-1,b2,4,1,1,1,omni-312,"The largest integer \( n \) such that there exist monic quadratic polynomials \( p_{1}(x), p_{2}(x), p_{3}(x) \) with integer coefficients so that for all integers \( i \in[1, n] \) there exists some \( j \in[1,3] \) and \( m \in \mathbb{Z} \) such that \( p_{j}(m)=i \) is \( \boxed{9} \).",8,7355,0.375,1.0,1.0,3,0.0,4,0.35483966554350904
task2/b2_4-1-1-1,b2,4,1,1,1,omni-327,\[ 1979 \],8,3605,0.0,0.0,0.0,5,0.0,4,0.2799975893246287
task2/b2_4-1-1-1,b2,4,1,1,1,omni-3441,10^{3} \text{ and } 10^{4},8,1402,0.75,1.0,1.0,2,0.0,4,0.5941478721083985
task2/b2_4-1-1-1,b2,4,1,1,1,omni-3404,\frac{5}{12},8,3522,0.875,1.0,1.0,2,0.0,4,0.07030181899788061
task2/b2_4-1-1-1,b2,4,1,1,1,omni-246,\[\frac{(m+n)!}{(m-n)!} = \prod_{i=1}^{n}\left(m^{2}+m-i^{2}+i\right)\],8,5226,1.0,1.0,0.0,2,0.0,4,0.4896471880802483
task2/b2_4-1-1-1,b2,4,1,1,1,omni-2943,3,8,2908,1.0,1.0,0.0,1,0.0,4,0.43355933526226703
task2/b2_4-1-1-1,b2,4,1,1,1,omni-577,"(16,4,1),(1,16,4)",8,7298,0.0,0.0,0.0,6,0.0,4,0.3176230768670598
task2/b2_4-1-1-1,b2,4,1,1,1,omni-3023,9,8,3793,1.0,1.0,0.0,1,0.0,4,0.3953012879264149
task2/b2_4-1-1-1,b2,4,1,1,1,omni-4188,$\text { We conclude that } I\star (M\star O) = (O\star I)\star M \text { if } \triangle IMO \text{ is positively oriented and is isosceles with } OI = OM \text { and } \angle IOM=\frac{2\pi}{3}.$,8,4434,0.0,0.0,0.0,2,0.0,4,0.4682180461773152
task2/b2_4-1-1-1,b2,4,1,1,1,omni-1140,20,8,3282,0.75,1.0,1.0,3,0.0,4,0.5121659096378215
task2/b2_4-1-1-1,b2,4,1,1,1,omni-809,96,8,5788,0.375,1.0,1.0,6,0.0,4,0.39890013927065304
task2/b2_4-1-1-1,b2,4,1,1,1,omni-1675,21,8,5961,0.125,1.0,1.0,5,0.0,4,0.6637875531839779
task2/b2_4-1-1-1,b2,4,1,1,1,omni-3267,"(j,k) = (2019, 1010)",8,4112,0.0,0.0,0.0,6,0.0,4,0.3547324382019126
task2/b2_4-1-1-1,b2,4,1,1,1,omni-1816,35,8,2985,0.0,0.0,0.0,4,0.0,4,0.40185960428042866
task2/b2_4-1-1-1,b2,4,1,1,1,omni-4008,-\frac{1}{8},8,4297,0.625,1.0,1.0,2,0.0,4,0.9249601287230965
task2/b2_4-1-1-1,b2,4,1,1,1,omni-2356,1006,8,5064,0.5,1.0,1.0,3,0.0,4,0.23871694414676356
task2/b2_4-1-1-1,b2,4,1,1,1,omni-1551,-18910,8,5056,0.0,0.0,0.0,5,0.0,4,0.579649045592012
task2/b2_4-1-1-1,b2,4,1,1,1,omni-1225,"r = 4, s = 5",8,4949,1.0,1.0,0.0,1,0.0,4,0.44417892507422063
task2/b2_4-1-1-1,b2,4,1,1,1,omni-1762,\log _{2} 2015-1,8,3446,1.0,1.0,0.0,4,0.0,4,0.6349021092827742
task2/b2_4-1-1-1,b2,4,1,1,1,omni-944,5,8,5316,0.0,0.0,0.0,3,0.0,4,0.2876289456682002
task2/b2_4-1-1-1,b2,4,1,1,1,omni-1806,1,8,2161,0.75,1.0,1.0,2,0.0,4,0.5574056511535823
task2/b2_4-1-1-1,b2,4,1,1,1,omni-370,14,8,2881,1.0,1.0,0.0,1,0.0,4,0.32278794927099563
task2/b2_4-1-1-1,b2,4,1,1,1,omni-749,\frac{2}{3},8,3897,0.0,0.0,0.0,6,0.0,4,0.14139952834367747
task2/b2_4-1-1-1,b2,4,1,1,1,omni-3925,"$(p,n)=(p,p),(2,4)$",8,5257,0.0,0.0,0.0,3,0.0,4,0.5343522897090843
task2/b2_4-1-1-1,b2,4,1,1,1,omni-1809,\frac{1+\sqrt{5}}{2},8,3736,1.0,1.0,0.0,1,0.0,4,0.368010844792148
task2/b2_4-1-1-1,b2,4,1,1,1,omni-322,The only possible value for the center is \( 18 \).,8,4364,0.0,0.0,0.0,5,0.0,4,0.8432207028665609
task2/b2_4-1-1-1,b2,4,1,1,1,omni-475,144,8,2980,0.0,0.0,0.0,4,0.0,4,0.6843870106112195
task2/b2_4-1-1-1,b2,4,1,1,1,omni-1432,\frac{1005}{1006},8,6036,0.0,0.0,0.0,4,0.0,4,0.30077355920736754
task2/b2_4-1-1-1,b2,4,1,1,1,omni-2055,27,8,3394,0.0,0.0,0.0,4,0.0,4,0.40058443612730704
task2/b2_4-1-1-1,b2,4,1,1,1,omni-1104,283,8,7277,0.0,0.0,0.0,6,0.0,4,0.6025093515244788
task2/b2_4-1-1-1,b2,4,1,1,1,omni-3178,"The coordinates of $R(x,y)$ are $(x+n,y)$.",8,5641,0.125,1.0,1.0,5,0.0,4,0.7192355668419896
task2/b2_4-1-1-1,b2,4,1,1,1,omni-1827,"Two continuous arcs from the circle with diameter 4,4",8,4398,0.0,0.0,0.0,5,0.0,4,0.3006841598838612
task2/b2_4-1-1-1,b2,4,1,1,1,omni-3648,f(x) = \frac{1}{x},8,5826,0.25,1.0,1.0,4,0.0,4,0.4675356635649112
task2/b2_4-1-1-1,b2,4,1,1,1,omni-318,\[ 36 \],8,4179,0.0,0.0,0.0,3,0.0,4,0.5637246569910105
task2/b2_4-1-1-1,b2,4,1,1,1,omni-683,\frac{216 \pi^{3}-2187 \sqrt{3}}{8 \pi^{2}},8,6625,0.0,0.0,0.0,7,0.0,4,0.24014131513710804
task2/b2_4-1-1-1,b2,4,1,1,1,omni-19,69,8,4794,0.0,0.0,0.0,2,0.0,4,0.3902808476260329
task2/b2_4-1-1-1,b2,4,1,1,1,omni-1492,"(0,0) \text{ and } (1,1)",8,3725,1.0,1.0,0.0,1,0.0,4,0.7732394395822983
task2/b2_4-1-1-1,b2,4,1,1,1,omni-948,\frac{224}{243},8,5012,0.0,0.0,0.0,8,0.0,4,0.37841095142114023
task2/b2_4-1-1-1,b2,4,1,1,1,omni-152,A positive integral solution exists.,8,3515,0.0,0.0,0.0,1,0.0,4,0.7517254513452838
task2/b2_4-1-1-1,b2,4,1,1,1,omni-4050,f(x) = c \log(x) \text{ or } f(x) = cx^k.,8,5781,0.0,0.0,0.0,6,0.0,4,0.4646871539606603
task2/b2_4-1-1-1,b2,4,1,1,1,omni-72,\lceil \frac{n}{t} \rceil,8,2798,0.25,1.0,1.0,4,0.0,4,0.5506500435229844
task2/b2_4-1-1-1,b2,4,1,1,1,omni-2770,80,8,3598,0.125,1.0,1.0,4,0.0,4,0.4546476287227597
task2/b2_4-1-1-1,b2,4,1,1,1,omni-3234,\frac{1}{3},8,6103,0.125,1.0,1.0,4,0.0,4,0.5664328395154571
task2/b2_4-1-1-1,b2,4,1,1,1,omni-1471,30,8,1962,1.0,1.0,0.0,1,0.0,4,0.46756054293487337
task2/b2_4-1-1-1,b2,4,1,1,1,omni-890,240,8,7799,0.0,0.0,0.0,8,0.0,4,0.5518123083811299
task2/b2_4-1-1-1,b2,4,1,1,1,omni-4077,$\boxed{2^{19} \cdot 3^{10} \cdot 5^{4} \cdot 3^{3} \cdot 11\cdot 13\cdot 17\cdot 19}$,8,6351,0.0,0.0,0.0,8,0.0,4,0.40192756443357336
task2/b2_4-1-1-1,b2,4,1,1,1,omni-539,12,8,3968,0.0,0.0,0.0,4,0.0,4,0.4261335512955421
task2/b2_4-1-1-1,b2,4,1,1,1,omni-4251,"{x \in \mathbb{Z} \cup \bigcup_{n = 1} ^{\infty} (n, \sqrt{(n-1)^2 + 1} + 1)}",8,6386,0.125,1.0,1.0,7,0.0,4,0.49354756810753403
task2/b2_4-1-1-1,b2,4,1,1,1,omni-1803,f(x) = \lfloor x \rfloor,8,5389,0.0,0.0,0.0,1,0.0,4,0.5520103941721636
task2/b2_4-1-1-1,b2,4,1,1,1,omni-1652,\frac{19}{18},8,4056,0.0,0.0,0.0,5,0.0,4,0.4103536572161134
task2/b2_4-1-1-1,b2,4,1,1,1,omni-3096,236,8,3063,1.0,1.0,0.0,1,0.0,4,0.33674723658614886
task2/b2_4-1-1-1,b2,4,1,1,1,omni-4269,"\tan(\sin x) > \sin(\tan x) \text{ for } x \in \left(0, \frac{\pi}{2}\right)",8,4381,0.0,0.0,0.0,2,0.0,4,0.6413126291134205
task2/b2_4-1-1-1,b2,4,1,1,1,omni-2607,7174,8,5935,0.0,0.0,0.0,7,0.0,4,0.3139837310450305
task2/b2_4-1-1-1,b2,4,1,1,1,omni-3853,3,8,4993,0.0,0.0,0.0,4,0.0,4,0.3171381583937619
task2/b2_4-1-1-1,b2,4,1,1,1,omni-1316,2003,8,3876,1.0,1.0,0.0,1,0.0,4,0.32724617453014987
task2/b2_4-1-1-1,b2,4,1,1,1,omni-275,The function \( f(x) = kx \) for any real value of \( k \).,8,4110,0.0,0.0,0.0,1,0.0,4,0.7350012616836413
task2/b2_4-1-1-1,b2,4,1,1,1,omni-3422,4^{7},8,2571,1.0,1.0,0.0,1,0.0,4,0.3214394029458013
task2/b2_4-1-1-1,b2,4,1,1,1,omni-537,33^{\circ},8,3429,0.0,0.0,0.0,4,0.0,4,0.5275543064282497
task2/b2_4-1-1-1,b2,4,1,1,1,omni-1043,20,8,6963,0.0,0.0,0.0,5,0.0,4,0.3376073192864042
task2/b2_4-1-1-1,b2,4,1,1,1,omni-1154,\frac{4}{9},8,4669,0.0,0.0,0.0,2,0.0,4,0.4059636181419483
task2/b2_4-1-1-1,b2,4,1,1,1,omni-3167,2\sqrt{2} - 1,8,5176,0.0,0.0,0.0,2,0.0,4,0.47748987118637254
task2/b2_4-1-1-1,b2,4,1,1,1,omni-862,403,8,4135,0.0,0.0,0.0,3,0.0,4,0.3156186072121727
task2/b2_4-1-1-1,b2,4,1,1,1,omni-2767,44,8,3823,0.0,0.0,0.0,4,0.0,4,0.42834321348994475
task2/b2_4-1-1-1,b2,4,1,1,1,omni-3211,\frac{\pi \log(2)}{8},8,5855,0.0,0.0,0.0,2,0.0,4,0.5656747025710577
task2/b2_4-1-1-1,b2,4,1,1,1,omni-3982,4,8,4719,0.875,1.0,1.0,2,0.0,4,0.8548449256124709
task2/b2_4-1-1-1,b2,4,1,1,1,omni-4154,"(p, x, y) \in \{(3, 2, 5), (3, 5, 2)\} \cup \{(2, n, 2^k - n) \mid 0 < n < 2^k\}",8,4776,0.0,0.0,0.0,3,0.0,4,0.7464025382955748
task2/b2_4-1-1-1,b2,4,1,1,1,omni-812,433755,8,2896,0.0,0.0,0.0,5,0.0,4,0.36540616372798496
task2/b2_4-1-1-1,b2,4,1,1,1,omni-4068,\lambda \ge \frac{1}{n-1},8,3785,0.0,0.0,0.0,4,0.0,4,0.6365562824657636
task2/b2_4-1-1-1,b2,4,1,1,1,omni-240,The composite positive integers \( n \) for which it is possible to arrange all divisors of \( n \) that are greater than 1 in a circle so that no two adjacent divisors are relatively prime are those \( n \) that are not of the form \( pq \) where \( p \) and \( q \) are distinct primes.,8,4386,0.0,0.0,0.0,8,0.0,4,0.570193066213532
task2/b2_4-1-1-1,b2,4,1,1,1,omni-1173,Yes,8,6035,0.0,0.0,0.0,1,0.0,4,0.4833605813869879
task2/b2_4-1-1-1,b2,4,1,1,1,omni-3980,m \text{ is a prime number},8,4787,0.125,1.0,1.0,6,0.0,4,0.5671858494590369
task2/b2_4-1-1-1,b2,4,1,1,1,omni-2308,210,8,3690,0.0,0.0,0.0,5,0.0,4,0.4666014266003508
task2/b2_4-1-1-1,b2,4,1,1,1,omni-604,\frac{16}{3},8,6300,0.0,0.0,0.0,3,0.0,4,0.16368911700011468
task2/b2_4-1-1-1,b2,4,1,1,1,omni-3907,\frac{1}{4},8,5250,0.25,1.0,1.0,2,0.0,4,0.5733677683371184
task2/b2_4-1-1-1,b2,4,1,1,1,omni-9,561,8,2266,0.0,0.0,0.0,4,0.0,4,0.3152900669804707
task2/b2_4-1-1-1,b2,4,1,1,1,omni-1954,32,8,3724,0.0,0.0,0.0,4,0.0,4,0.542411914571937
task2/b2_4-1-1-1,b2,4,1,1,1,omni-893,1024,8,2375,1.0,1.0,0.0,1,0.0,4,0.2143270944741533
task2/b2_4-1-1-1,b2,4,1,1,1,omni-3645,19,8,5400,0.625,1.0,1.0,2,0.0,4,0.52018031480436
task2/b2_4-1-1-1,b2,4,1,1,1,omni-1529,\frac{79}{20},8,3661,0.0,0.0,0.0,4,0.0,4,0.28814103416347125
task2/b2_4-1-1-1,b2,4,1,1,1,omni-316,\[ f(x) = x + 1 \],8,6147,0.75,1.0,1.0,3,0.0,4,0.30729367293002063
task2/b2_4-1-1-1,b2,4,1,1,1,omni-3435,7,8,2615,1.0,1.0,0.0,1,0.0,4,0.32615893823615055
task2/b2_4-1-1-1,b2,4,1,1,1,omni-3984,3 \text{ and } 4,8,5086,0.0,0.0,0.0,4,0.0,4,0.616851690010065
task2/b2_4-1-1-1,b2,4,1,1,1,omni-3047,28,8,4582,0.75,1.0,1.0,3,0.0,4,0.5124169087764653
task2/b2_4-1-1-1,b2,4,1,1,1,omni-4376,\text{Yes},8,4404,0.375,1.0,1.0,3,0.0,4,0.6931073881411337
task2/b2_4-1-1-1,b2,4,1,1,1,omni-3032,3,8,2204,1.0,1.0,0.0,1,0.0,4,0.41248488267182704
task2/b2_4-1-1-1,b2,4,1,1,1,omni-1725,16,8,4754,0.0,0.0,0.0,7,0.0,4,0.3199458050007747
task2/b2_4-1-1-1,b2,4,1,1,1,omni-589,There is no such function \( f: S \rightarrow S \).,8,4825,0.0,0.0,0.0,2,0.0,4,0.40984837986098205
task2/b2_4-1-1-1,b2,4,1,1,1,omni-826,\frac{\sqrt{30}}{2},8,4103,0.0,0.0,0.0,4,0.0,4,0.5192695700543929
task2/b2_4-1-1-1,b2,4,1,1,1,omni-1296,2002,8,5203,0.625,1.0,1.0,3,0.0,4,0.3666001069382787
task2/b2_4-1-1-1,b2,4,1,1,1,omni-108,41,8,4733,0.0,0.0,0.0,4,0.0,4,0.6600486909645948
task2/b2_4-1-1-1,b2,4,1,1,1,omni-1256,41,8,4541,0.125,1.0,1.0,4,0.0,4,0.5672262542458926
task2/b2_4-1-1-1,b2,4,1,1,1,omni-1967,6,8,2587,0.0,0.0,0.0,2,0.0,4,0.6206226771360065
task2/b2_4-1-1-1,b2,4,1,1,1,omni-3394,4,8,1854,1.0,1.0,0.0,1,0.0,4,0.2545819252828661
task2/b2_4-1-1-1,b2,4,1,1,1,omni-3671,\frac{1}{2^{1007}},8,4203,0.25,1.0,1.0,4,0.0,4,0.6853964815355851
task2/b2_4-1-1-1,b2,4,1,1,1,omni-523,(2i-1)/4,8,5242,0.0,0.0,0.0,5,0.0,4,0.26151355429191286
task2/b2_4-1-1-1,b2,4,1,1,1,omni-4051,f(x) = 2x \text{ and } f(x) = 0,8,7307,0.25,1.0,1.0,3,0.0,4,0.48787960524807744
task2/b2_4-1-1-1,b2,4,1,1,1,omni-1069,2048,8,2047,0.0,0.0,0.0,3,0.0,4,0.5778240298193786
task2/b2_4-1-1-1,b2,4,1,1,1,omni-4328,"f(x) = \begin{cases}
-(1-x)^c + 1 &\text{ if $x < 1$} \\
1 &\text{ if $x = 1$} \\
k(x-1)^c + 1 &\text{ if $x > 1$}
\end{cases}, \text{ for some real constants }c \geq 0, k > 0",8,7721,0.5,1.0,1.0,8,0.0,4,0.3676860837250051
task2/b2_4-1-1-1,b2,4,1,1,1,omni-820,54^{\circ},8,3249,0.5,1.0,1.0,4,0.0,4,0.553990928420679
task2/b2_4-1-1-1,b2,4,1,1,1,omni-2101,1019088,8,3303,0.0,0.0,0.0,6,0.0,4,0.3048461339315912
task2/b2_4-1-1-1,b2,4,1,1,1,omni-346,\[ A = -7 \],8,7059,0.0,0.0,0.0,7,0.0,4,0.40666287037241783
task2/b2_4-1-1-1,b2,4,1,1,1,omni-3757,\frac{2}{5} \cdot 9^n - \frac{2}{5} \cdot (-1)^n,8,2460,0.0,0.0,0.0,2,0.0,4,0.4018510420219205
task2/b2_4-1-1-1,b2,4,1,1,1,omni-1134,23/144,8,4819,0.0,0.0,0.0,5,0.0,4,0.3975759078545045
task2/b2_4-1-1-1,b2,4,1,1,1,omni-292,"There does not exist a strictly increasing eight-term arithmetic progression \(a_{1}, \ldots, a_{8}\) of odd positive integers such that \(r(a_{1}), \ldots, r(a_{8})\) is an arithmetic progression in that order.",8,5078,0.0,0.0,0.0,2,0.0,4,0.3686083271910476
task2/b2_4-1-1-1,b2,4,1,1,1,omni-1062,45,8,7397,0.0,0.0,0.0,8,0.0,4,0.4484733718426745
task2/b2_4-1-1-1,b2,4,1,1,1,omni-4284,\text{Yes},8,3939,0.75,1.0,1.0,2,0.0,4,0.4183147230853596
task2/b2_4-1-1-1,b2,4,1,1,1,omni-814,1,8,4216,0.875,1.0,1.0,2,0.0,4,0.6640845396832042
task2/b2_4-1-1-1,b2,4,1,1,1,omni-3494,15,8,2314,0.625,1.0,1.0,2,0.0,4,0.8931188952228556
task2/b2_4-1-1-1,b2,4,1,1,1,omni-693,29,8,3907,0.0,0.0,0.0,5,0.0,4,0.7623262339124471
task2/b2_4-1-1-1,b2,4,1,1,1,omni-2374,2^{2013}-6036,8,6012,0.75,1.0,1.0,2,0.0,4,0.30095191879806577
task2/b2_4-1-1-1,b2,4,1,1,1,omni-2137,12345,8,7043,0.0,0.0,0.0,6,0.0,4,0.2626164993460943
task2/b2_4-1-1-1,b2,4,1,1,1,omni-4072,$\text{第二个玩家有获胜策略，当且仅当} \displaystyle n \leq \varphi k \text{和}  \displaystyle k \leq \varphi n \text{而且}  \displaystyle \varphi=\frac{\sqrt{5}+1}{2}$,8,3864,0.0,0.0,0.0,6,0.0,4,0.23879814867096197
task2/b2_4-1-1-1,b2,4,1,1,1,omni-2962,8 \text{ p.m. on Saturday},8,1621,0.875,1.0,1.0,2,0.0,4,0.30538397524484767
task2/b2_4-1-1-1,b2,4,1,1,1,omni-4058,\text{No},8,5143,1.0,1.0,0.0,1,0.0,4,0.6769965276197065
task2/b2_4-1-1-1,b2,4,1,1,1,omni-2636,2530,8,2391,0.0,0.0,0.0,3,0.0,4,0.5182081614588288
task2/b2_4-1-1-1,b2,4,1,1,1,omni-543,48,8,2735,0.0,0.0,0.0,5,0.0,4,0.7307491179125931
task2/b2_4-1-1-1,b2,4,1,1,1,omni-1219,\frac{19}{28},8,4454,0.0,0.0,0.0,6,0.0,4,0.26083014763109347
task2/b2_4-1-1-1,b2,4,1,1,1,omni-742,2402,8,6107,0.75,1.0,1.0,3,0.0,4,0.3556427043973268
task2/b2_4-1-1-1,b2,4,1,1,1,omni-3950,2^n - 1,8,4053,0.0,0.0,0.0,2,0.0,4,0.39234866362473403
task2/b2_4-1-1-1,b2,4,1,1,1,omni-4042,f(x) = c \text{ for any } c > 0.,8,5723,0.125,1.0,1.0,7,0.0,4,0.4551532125651957
task2/b2_4-1-1-1,b2,4,1,1,1,omni-1957,60\left(1-\left(\frac{1}{10}\right)^{\frac{1}{9}}\right),8,7011,0.0,0.0,0.0,4,0.0,4,0.280079734768455
task2/b2_4-1-1-1,b2,4,1,1,1,omni-4029,"\text{For } n = 3, \text{ it is not possible. For } n = 2, \text{ it is possible.}",8,3596,0.0,0.0,0.0,6,0.0,4,0.5418779912113337
task2/b2_4-1-1-1,b2,4,1,1,1,omni-3759,2,8,3828,0.875,1.0,1.0,2,0.0,4,0.7493512817524977
task2/b2_4-1-1-1,b2,4,1,1,1,omni-2839,9,8,4247,0.25,1.0,1.0,5,0.0,4,0.6416812105555858
task2/b2_4-1-1-1,b2,4,1,1,1,omni-2427,199 \pi,8,2159,1.0,1.0,0.0,1,0.0,4,0.1783905923912615
task2/b2_4-1-1-1,b2,4,1,1,1,omni-3641,f(n) = 1 \text{ for all } n \in \mathbb{N} \text{ or } f(n) = n^2 \text{ for all } n \in \mathbb{N}.,8,5365,0.125,1.0,1.0,3,0.0,4,0.30591643434582394
task2/b2_4-1-1-1,b2,4,1,1,1,omni-2092,\frac{189}{2},8,4441,0.0,0.0,0.0,1,0.0,4,0.5586632019971651
task2/b2_4-1-1-1,b2,4,1,1,1,omni-2501,20,8,8203,0.375,1.0,1.0,5,0.0,4,0.7215341243876685
task2/b2_4-1-1-1,b2,4,1,1,1,omni-3401,62\%,8,1037,1.0,1.0,0.0,1,0.0,4,0.285196369187734
task2/b2_4-1-1-1,b2,4,1,1,1,omni-2658,648,8,6329,0.0,0.0,0.0,7,0.0,4,0.5564019416800631
task2/b2_4-1-1-1,b2,4,1,1,1,omni-2829,8,8,1360,1.0,1.0,0.0,1,0.0,4,0.2598407789850881
task2/b2_4-1-1-1,b2,4,1,1,1,omni-1703,105,8,2892,1.0,1.0,0.0,1,0.0,4,0.5049050145554497
task2/b2_4-1-1-1,b2,4,1,1,1,omni-3317,23097,8,4922,0.0,0.0,0.0,6,0.0,4,0.33252400261965204
task2/b2_4-1-1-1,b2,4,1,1,1,omni-1144,1/5,8,7010,0.0,0.0,0.0,8,0.0,4,0.20606260774832827
task2/b2_4-1-1-1,b2,4,1,1,1,omni-2704,9 \mathrm{~km} / \mathrm{h},8,3957,1.0,1.0,0.0,2,0.0,4,0.18656039885132214
task2/b2_4-1-1-1,b2,4,1,1,1,omni-3626,2k - 1,8,2684,0.0,0.0,0.0,2,0.0,4,0.5466422187426718
task2/b2_4-1-1-1,b2,4,1,1,1,omni-4043,"(a, a+1)",8,7786,0.125,1.0,1.0,6,0.0,4,0.26031305390177656
task2/b2_4-1-1-1,b2,4,1,1,1,omni-1167,\frac{A B^{2}}{A C^{2}},8,3506,0.125,1.0,1.0,6,0.0,4,0.44374936436068885
task2/b2_4-1-1-1,b2,4,1,1,1,omni-2469,\sqrt[4]{2},8,2919,1.0,1.0,0.0,1,0.0,4,0.2372641046129391
task2/b2_4-1-1-1,b2,4,1,1,1,omni-750,89,8,3975,1.0,1.0,0.0,1,0.0,4,0.28823882291468583
task2/b2_4-1-1-1,b2,4,1,1,1,omni-270,"The minimal total penalty a player can amass is:
\[ \min(BW, 2WR, 3RB) \]

The number of optimal strategies is:
- If \( BW \neq 2WR \neq 3RB \), there is \( 1 \) optimal strategy.
- If \( BW = 2WR < 3RB \), there are \( W+1 \) strategies.
- If \( 2WR = 3RB < BW \), there are \( R+1 \) strategies.
- If \( 3RB = BW < 2WR \), there are \( B+1 \) strategies.
- If \( BW = 2WR = 3RB \), there are \( R+B+W \) strategies.",8,5186,0.0,0.0,0.0,6,0.0,4,0.4525280742054074
task2/b2_4-1-1-1,b2,4,1,1,1,omni-657,1545,8,5266,0.0,0.0,0.0,7,0.0,4,0.30457620462757107
task2/b2_4-1-1-1,b2,4,1,1,1,omni-2254,"(30,92) \text{ OR } (92,30)",8,7905,0.0,0.0,0.0,7,0.0,4,0.19967090853657699
task2/b2_4-1-1-1,b2,4,1,1,1,omni-2746,1: 2,8,3283,1.0,1.0,0.0,1,0.0,4,0.34999762896348313
task2/b2_4-1-1-1,b2,4,1,1,1,omni-1396,f(n)=\left\{\begin{array}{cl} 0 & \text { if } n \text { is even } \\ \frac{1}{2 n} & \text { if } n \text { is odd } \end{array}\right.,8,5662,0.0,0.0,0.0,4,0.0,4,0.40218276618418386
task2/b2_4-1-1-1,b2,4,1,1,1,omni-606,1+\sqrt{\frac{7}{15}},8,4539,0.0,0.0,0.0,6,0.0,4,0.5904003307725106
task2/b2_4-1-1-1,b2,4,1,1,1,omni-950,\binom{100}{50} 2^{98},8,2500,0.0,0.0,0.0,5,0.0,4,0.36074521401082293
task2/b2_4-1-1-1,b2,4,1,1,1,omni-500,28,8,3700,0.0,0.0,0.0,5,0.0,4,0.4509093450134168
task2/b2_4-1-1-1,b2,4,1,1,1,omni-2466,3680,8,4850,0.75,1.0,1.0,3,0.0,4,0.3911147848057118
task2/b2_4-1-1-1,b2,4,1,1,1,omni-1633,323,8,2652,0.0,0.0,0.0,3,0.0,4,0.2701629931797691
task2/b2_4-1-1-1,b2,4,1,1,1,omni-1326,714,8,3958,0.0,0.0,0.0,2,0.0,4,0.39376820460382606
task2/b2_4-1-1-1,b2,4,1,1,1,omni-3863,59,8,3803,0.0,0.0,0.0,2,0.0,4,0.3664365679949567
task2/b2_4-1-1-1,b2,4,1,1,1,omni-101,7,8,2433,0.0,0.0,0.0,1,0.0,4,0.23219640132361885
task2/b2_4-1-1-1,b2,4,1,1,1,omni-3947,(2n-1)!!,8,3057,0.0,0.0,0.0,3,0.0,4,0.4532600288335795
task2/b2_4-1-1-1,b2,4,1,1,1,omni-661,3 \sqrt{3} / 2,8,3254,0.0,0.0,0.0,3,0.0,4,0.28169281000930635
task2/b2_4-1-1-1,b2,4,1,1,1,omni-3101,33,8,4384,0.25,1.0,1.0,5,0.0,4,0.3168918987197607
task2/b2_4-1-1-1,b2,4,1,1,1,omni-2123,\frac{21}{2},8,6479,0.25,1.0,1.0,3,0.0,4,0.39293485522646976
task2/b2_4-1-1-1,b2,4,1,1,1,omni-2670,19,8,1592,1.0,1.0,0.0,1,0.0,4,0.45861337488325765
task2/b2_4-1-1-1,b2,4,1,1,1,omni-120,199,8,8471,0.0,0.0,0.0,3,0.0,4,0.5301900980436113
task2/b2_4-1-1-1,b2,4,1,1,1,omni-801,\frac{116}{35},8,4253,0.0,0.0,0.0,7,0.0,4,0.4060900725139459
task2/b2_4-1-1-1,b2,4,1,1,1,omni-3896,"2, 3, 4, 6, 8, 12, 24",8,4837,0.0,0.0,0.0,3,0.0,4,0.4310093846241539
task2/b2_4-1-1-1,b2,4,1,1,1,omni-1092,192,8,3658,0.0,0.0,0.0,3,0.0,4,0.5958433541411883
task2/b2_4-1-1-1,b2,4,1,1,1,omni-333,77,8,7200,0.0,0.0,0.0,7,0.0,4,0.5762978851812938
task2/b2_4-1-1-1,b2,4,1,1,1,omni-3567,y = -\frac{1}{4},8,4351,0.0,0.0,0.0,5,0.0,4,0.8566691649350532
task2/b2_4-1-1-1,b2,4,1,1,1,omni-1237,20,8,5172,0.75,1.0,1.0,2,0.0,4,0.31563714627519285
task2/b2_4-1-1-1,b2,4,1,1,1,omni-337,\[ x = 4 \],8,4630,1.0,1.0,0.0,1,0.0,4,0.5253186980539734
task2/b2_4-1-1-1,b2,4,1,1,1,omni-2403,\frac{5}{7},8,4108,0.0,0.0,0.0,2,0.0,4,0.21639801795865607
task2/b2_4-1-1-1,b2,4,1,1,1,omni-580,7,8,5887,0.625,1.0,1.0,4,0.0,4,0.705163767274884
task2/b2_4-1-1-1,b2,4,1,1,1,omni-3941,"(2,2)(3,3)(1,2)(2,1)(2,3)(3,2)",8,7865,0.0,0.0,0.0,5,0.0,4,0.4148550946474127
task2/b2_4-1-1-1,b2,4,1,1,1,omni-309,"The simple modules of \( A \) are the 1-dimensional modules \( S_i \) for \( 1 \leq i \leq n \), where \( E_{ii} \) acts by 1 and \( E_{ij}, E_{jj} \) act by 0 for \( j \neq i \).",8,3618,0.0,0.0,0.0,4,0.0,4,0.5685007356308771
task2/b2_4-1-1-1,b2,4,1,1,1,omni-1622,Even,8,6081,0.25,1.0,1.0,2,0.0,4,0.146402475657884
task2/b2_4-1-1-1,b2,4,1,1,1,omni-3674,"(2, 3) \text{ and } (6, 15)",8,5527,0.0,0.0,0.0,5,0.0,4,0.6103431166593006
task2/b2_4-1-1-1,b2,4,1,1,1,omni-3532,The sum diverges.,8,8109,0.0,0.0,0.0,4,0.0,4,0.2400358437834338
task2/b2_4-1-1-1,b2,4,1,1,1,omni-3260,160,8,1515,1.0,1.0,0.0,1,0.0,4,0.5140964734796925
task2/b2_4-1-1-1,b2,4,1,1,1,omni-1239,-6,8,4555,0.5,1.0,1.0,3,0.0,4,0.7765906599263739
task2/b2_4-1-1-1,b2,4,1,1,1,omni-2641,7,8,3551,1.0,1.0,0.0,1,0.0,4,0.14165809388767137
task2/b2_4-1-1-1,b2,4,1,1,1,omni-290,\[ 4 \cdot 2007 - 3 = 8025 \],8,3202,0.0,0.0,0.0,4,0.0,4,0.3561408990986301
task2/b2_4-1-1-1,b2,4,1,1,1,omni-4231,$1\text{ for } n=1\text{ and } n^4-n^3\text{ for }n \ge 2$,8,3635,0.0,0.0,0.0,3,0.0,4,0.21829534249650048
task2/b2_4-1-1-1,b2,4,1,1,1,omni-3774,75^\circ,8,3123,0.0,0.0,0.0,2,0.0,4,0.5696857287827178
task2/b2_4-1-1-1,b2,4,1,1,1,omni-4243,"\[
\text{For all } n \geq 2.
\]",8,3774,0.125,1.0,1.0,6,0.0,4,0.4861391274029839
task2/b2_4-1-1-1,b2,4,1,1,1,omni-1913,\frac{1}{2},8,2385,0.0,0.0,0.0,1,0.0,4,0.6231287301675454
task2/b2_4-1-1-1,b2,4,1,1,1,omni-2146,\frac{15 \sqrt{37}-75}{4},8,5244,0.0,0.0,0.0,7,0.0,4,0.35523226236113603
task2/b2_4-1-1-1,b2,4,1,1,1,omni-2351,\frac{13}{3},8,5615,0.0,0.0,0.0,5,0.0,4,0.53350690585257
task2/b2_4-1-1-1,b2,4,1,1,1,omni-668,41,8,5062,0.0,0.0,0.0,3,0.0,4,0.5843614562925336
task2/b2_4-1-1-1,b2,4,1,1,1,omni-385,1,8,6831,0.875,1.0,1.0,2,0.0,4,0.38335400526017804
task2/b2_4-1-1-1,b2,4,1,1,1,omni-1597,"(995,1),(176,10),(80,21)",8,8759,0.0,0.0,0.0,3,0.125,4,0.4881115629898266
task2/b2_4-1-1-1,b2,4,1,1,1,omni-1041,\binom{43}{21}-1,8,4202,0.0,0.0,0.0,6,0.0,4,0.545789450284023
task2/b2_4-1-1-1,b2,4,1,1,1,omni-3043,5,8,1708,0.75,1.0,1.0,2,0.0,4,0.4790805652300747
task2/b2_4-1-1-1,b2,4,1,1,1,omni-4260,"$\boxed{(1,2,1,0), (2,0,2,0), (2,1,2,0,0), (x-3,2,1,0,0,\ldots, 0,1,0,0,0)} \text{ for any } x \ge 6$",8,4571,0.0,0.0,0.0,5,0.0,4,0.7912502950499886
task2/b2_4-1-1-1,b2,4,1,1,1,omni-929,1149852,8,4380,0.0,0.0,0.0,6,0.0,4,0.7612124669626472
task2/b2_4-1-1-1,b2,4,1,1,1,omni-1279,"\[
\sup \{V \mid V \text{ is good} \} = \frac{1}{4}
\]",8,3488,0.0,0.0,0.0,2,0.0,4,0.5614164337762467
task2/b2_4-1-1-1,b2,4,1,1,1,omni-2069,1026,8,9526,0.0,0.0,0.0,2,0.0,4,0.36264631628066635
task2/b2_4-1-1-1,b2,4,1,1,1,omni-2849,-y,8,1143,1.0,1.0,0.0,1,0.0,4,0.6436115609094165
task2/b2_4-1-1-1,b2,4,1,1,1,omni-26,n - 1,8,4670,0.0,0.0,0.0,1,0.0,4,0.6432681450063115
task2/b2_4-1-1-1,b2,4,1,1,1,omni-2484,25,8,3541,0.0,0.0,0.0,6,0.0,4,0.7319621125841125
task2/b2_4-1-1-1,b2,4,1,1,1,omni-776,178,8,6229,0.375,1.0,1.0,4,0.0,4,0.18261578683557106
task2/b2_4-1-1-1,b2,4,1,1,1,omni-3867,f(x) = -1 \text{ and } f(x) = x - 1.,8,6901,0.25,1.0,1.0,6,0.0,4,0.7676485523869249
task2/b2_4-1-1-1,b2,4,1,1,1,omni-4270,"\[
a_{u+vn} = 
\begin{cases} 
0, & u+v \le n, \\ 
1, & u+v \ge n+1 
\end{cases} 
\quad \text{for all } 1 \le u \le n \text{ and } 0 \le v \le n.
\]
\[
\text{The terms can be arranged into blocks of length } n \text{ as}
\]
\[
\underbrace{(0 \cdots 0)}_{n} \underbrace{(0 \cdots 0 \ 1)}_{n-1} \underbrace{(0 \cdots 0 \ 1 \ 1)}_{n-2} \cdots \underbrace{(0 \cdots 0 \ 1 \cdots 1)}_{n-v} \underbrace{(0 \ 1 \cdots 1)}_{v} \cdots \underbrace{(0 \ 1 \cdots 1)}_{n-1} \underbrace{(1 \cdots 1)}_{n}.
\]",8,5015,0.125,1.0,1.0,8,0.0,4,0.6243881306115353
task2/b2_4-1-1-1,b2,4,1,1,1,omni-2729,2,8,1644,1.0,1.0,0.0,1,0.0,4,0.5375679227749204
task2/b2_4-1-1-1,b2,4,1,1,1,omni-3669,12,8,6493,0.0,0.0,0.0,2,0.0,4,0.35313760275992134
task2/b2_4-1-1-1,b2,4,1,1,1,omni-2384,257,8,3260,0.0,0.0,0.0,3,0.0,4,0.356198592633003
task2/b2_4-1-1-1,b2,4,1,1,1,omni-3153,18,8,4477,0.0,0.0,0.0,6,0.0,4,0.23004926002793316
task2/b2_4-1-1-1,b2,4,1,1,1,omni-2130,64912347,8,3197,0.0,0.0,0.0,6,0.0,4,0.514677338070212
task2/b2_4-1-1-1,b2,4,1,1,1,omni-3205,8,8,1695,0.0,0.0,0.0,2,0.0,4,0.46935577861004085
task2/b2_4-1-1-1,b2,4,1,1,1,omni-3691,P(x) = x + 1,8,5009,0.125,1.0,1.0,7,0.0,4,0.5286775040090241
task2/b2_4-1-1-1,b2,4,1,1,1,omni-1559,"-6,0,2,8",8,7511,0.0,0.0,0.0,4,0.0,4,0.30238698469198677
task2/b2_4-1-1-1,b2,4,1,1,1,omni-2724,181,8,9237,0.0,0.0,0.0,7,0.0,4,0.3116239914379151
task2/b2_4-1-1-1,b2,4,1,1,1,omni-218,"\[
\boxed{\left(\frac{c^2+c-1}{c^2}, \frac{c}{c-1}, c\right)}
\]",8,4955,0.0,0.0,0.0,4,0.0,4,0.7753785057673201
task2/b2_4-1-1-1,b2,4,1,1,1,omni-298,"The pairs of positive integers \((x, y)\) that satisfy the equation \(x^y = y^{x - y}\) are:

\[
(x, y) = (9, 3) \quad \text{and} \quad (x, y) = (8, 2)
\]",8,6447,0.0,0.0,0.0,6,0.0,4,0.49195297143296657
task2/b2_4-1-1-1,b2,4,1,1,1,omni-186,\text{There exist infinitely many such sets } A \text{ and } B.,8,5668,0.125,1.0,1.0,4,0.0,4,0.6618724919812162
task2/b2_4-1-1-1,b2,4,1,1,1,omni-2869,12,8,2336,1.0,1.0,0.0,1,0.0,4,0.47466248535993955
task2/b2_4-1-1-1,b2,4,1,1,1,omni-2131,-\frac{2016}{2017},8,3793,0.0,0.0,0.0,4,0.0,4,0.3180674999451436
task2/b2_4-1-1-1,b2,4,1,1,1,omni-2804,20,8,4787,0.25,1.0,1.0,4,0.0,4,0.6050937682931558
task2/b2_4-1-1-1,b2,4,1,1,1,omni-3357,\log _{2008} 2009,8,4355,0.875,1.0,1.0,3,0.0,4,0.6928441723108332
task2/b2_4-1-1-1,b2,4,1,1,1,omni-3751,\frac{1}{99},8,5648,0.0,0.0,0.0,4,0.0,4,0.6338815547944562
task2/b2_4-1-1-1,b2,4,1,1,1,omni-2885,11,8,4036,0.0,0.0,0.0,6,0.0,4,0.7639188883394739
task2/b2_4-1-1-1,b2,4,1,1,1,omni-12,n \neq 5,8,3920,0.0,0.0,0.0,2,0.0,4,0.5951108392755915
task2/b2_4-1-1-1,b2,4,1,1,1,omni-258,\[ N = 2k^3 + 3k^2 + 3k \],8,6009,0.0,0.0,0.0,7,0.0,4,0.35610903582968123
task2/b2_4-1-1-1,b2,4,1,1,1,omni-1291,\frac{7}{33},8,3290,0.125,1.0,1.0,7,0.0,4,0.30074155750482073
task2/b2_4-1-1-1,b2,4,1,1,1,omni-2556,\frac{91 \sqrt{3}}{4},8,8734,0.0,0.0,0.0,5,0.0,4,0.2821987628595028
task2/b2_4-1-1-1,b2,4,1,1,1,omni-3291,The length of the altitude of the tetrahedron from vertex \(A\) can be constructed as \(\sqrt{|A_BY'|^2 - |X'Y'|^2}\).,8,4411,0.0,0.0,0.0,5,0.0,4,0.42402060526800267
task2/b2_4-1-1-1,b2,4,1,1,1,omni-1560,4,8,3791,0.125,1.0,1.0,2,0.0,4,0.7618121475511986
task2/b2_4-1-1-1,b2,4,1,1,1,omni-3249,"$(a,b,c) = (9,8,7)$",8,4301,0.0,0.0,0.0,3,0.0,4,0.2603483993740161
task2/b2_4-1-1-1,b2,4,1,1,1,omni-4266,\text{Yes},8,2748,1.0,1.0,0.0,1,0.0,4,0.6346386222737936
task2/b2_4-1-1-1,b2,4,1,1,1,omni-1685,\frac{2009}{2},8,4962,1.0,1.0,0.0,1,0.0,4,0.26055634519026477
task2/b2_4-1-1-1,b2,4,1,1,1,omni-3051,17,8,2748,1.0,1.0,0.0,1,0.0,4,0.4508123996478924
task2/b2_4-1-1-1,b2,4,1,1,1,omni-2223,\frac{2013}{2014},8,2619,0.0,0.0,0.0,3,0.0,4,0.1460619662261198
task2/b2_4-1-1-1,b2,4,1,1,1,omni-2208,\frac{39}{67},8,4378,0.0,0.0,0.0,1,0.0,4,0.4140354257491123
task2/b2_4-1-1-1,b2,4,1,1,1,omni-941,144,8,4097,0.125,1.0,1.0,3,0.0,4,0.6539851512827956
task2/b2_4-1-1-1,b2,4,1,1,1,omni-2479,36 \cdot 2^{2009}+36,8,5894,0.0,0.0,0.0,7,0.0,4,0.40147732404638653
task2/b2_4-1-1-1,b2,4,1,1,1,omni-3883,f(x) = 1 \text{ for all } x \in \mathbb{Q}_{>0}.,8,5117,0.625,1.0,1.0,3,0.0,4,0.44412450030501655
task2/b2_4-1-1-1,b2,4,1,1,1,omni-2473,49,8,4897,0.125,1.0,1.0,2,0.0,4,0.4306060059092485
task2/b2_4-1-1-1,b2,4,1,1,1,omni-1810,"(3,3),(-4,-4),\left(\frac{1+3 \sqrt{5}}{2}, \frac{1-3 \sqrt{5}}{2}\right),\left(\frac{1-3 \sqrt{5}}{2}, \frac{1+3 \sqrt{5}}{2}\right)",8,5436,0.75,1.0,1.0,4,0.0,4,0.7693665873886026
task2/b2_4-1-1-1,b2,4,1,1,1,omni-4002,\text{No},8,2956,0.125,1.0,1.0,2,0.0,4,0.45352701130929457
task2/b2_4-1-1-1,b2,4,1,1,1,omni-1572,8+5 \sqrt{3},8,7023,0.0,0.0,0.0,3,0.0,4,0.5633515791119439
task2/b2_4-1-1-1,b2,4,1,1,1,omni-1697,65536,8,2052,0.875,1.0,1.0,2,0.0,4,0.21393272620705336
task2/b2_4-1-1-1,b2,4,1,1,1,omni-858,945,8,3205,1.0,1.0,0.0,1,0.0,4,0.3004770500333464
task2/b2_4-1-1-1,b2,4,1,1,1,omni-4083,{\frac{2\left(\sin\frac{\pi}{3\cdot 2^{99}}\right)\left(1-\cos\frac{\pi}{2^{98}}\right)}{\sin \frac{\pi}{2^{99}}}},8,4204,0.0,0.0,0.0,3,0.0,4,0.5683066299854602
task2/b2_4-1-1-1,b2,4,1,1,1,omni-4301,1023,8,8041,0.0,0.0,0.0,6,0.125,4,0.2732948626000355
task2/b2_4-1-1-1,b2,4,1,1,1,omni-1843,2^{2000},8,4216,0.0,0.0,0.0,7,0.0,4,0.5914671993273924
task2/b2_4-1-1-1,b2,4,1,1,1,omni-3041,5,8,8743,1.0,1.0,0.0,1,0.0,4,0.26476248736033486
task2/b2_4-1-1-1,b2,4,1,1,1,omni-625,-26,8,7221,0.0,0.0,0.0,6,0.0,4,0.5727364487362883
task2/b2_4-1-1-1,b2,4,1,1,1,omni-167,The assertion is false; \( n = 25 \) is a counter-example.,8,2752,0.0,0.0,0.0,4,0.0,4,0.6899290996345606
task2/b2_4-1-1-1,b2,4,1,1,1,omni-2480,924,8,8123,0.0,0.0,0.0,5,0.125,4,0.5747220351768434
task2/b2_4-1-1-1,b2,4,1,1,1,omni-2736,20,8,1335,1.0,1.0,0.0,1,0.0,4,0.3267596399342477
task2/b2_4-1-1-1,b2,4,1,1,1,omni-1240,899,8,5603,0.375,1.0,1.0,6,0.0,4,0.5841083606905522
task2/b2_4-1-1-1,b2,4,1,1,1,omni-3857,"{P(0) \in (-\infty,0)\cup \{1\} }",8,3124,0.0,0.0,0.0,1,0.0,4,0.8014174751184817
task2/b2_4-1-1-1,b2,4,1,1,1,omni-3140,777.5,8,6668,0.0,0.0,0.0,6,0.0,4,0.5811585850921454
task2/b2_4-1-1-1,b2,4,1,1,1,omni-3175,12,8,2836,0.125,1.0,1.0,7,0.0,4,0.6082114107364619
task2/b2_4-1-1-1,b2,4,1,1,1,omni-3731,\frac{y \pm \sqrt{y^2 - 4}}{2} \text{ where } y \text{ is an integer with } |y| \geq 2,8,4777,0.0,0.0,0.0,3,0.0,4,0.576943691111694
task2/b2_4-1-1-1,b2,4,1,1,1,omni-1769,26,8,7235,0.0,0.0,0.0,7,0.0,4,0.5075778278441146
task2/b2_4-1-1-1,b2,4,1,1,1,omni-1193,7/15,8,9809,0.0,0.0,0.0,8,0.0,4,0.09529880813756272
task2/b2_4-1-1-1,b2,4,1,1,1,omni-251,\text{No solutions},8,8235,0.25,1.0,1.0,5,0.0,4,0.47056446814984093
task2/b2_4-1-1-1,b2,4,1,1,1,omni-643,\frac{9}{10},8,6488,0.375,1.0,1.0,4,0.0,4,0.44328020439755905
task2/b2_4-1-1-1,b2,4,1,1,1,omni-1457,"There are two families of answers: (a) $a_{n}=c(n+2) n!$ for all $n \geq 1$ and $a_{0}=c+1$ for some integer $c \geq 2014$, and (b) $a_{n}=c(n+2) n!$ for all $n \geq 1$ and $a_{0}=c-1$ for some integer $c \geq 2016$.",8,6889,0.0,0.0,0.0,8,0.0,4,0.6143409183235468
task2/b2_4-1-1-1,b2,4,1,1,1,omni-1677,\frac{55}{81},8,6114,0.0,0.0,0.0,8,0.0,4,0.5848871941307464
task2/b2_4-3-1-1,b2,4,3,1,1,omni-3155,n=2^k-1 \text{ for some integer } k\geq 1,16,12528,0.0,0.0,0.0,6,0.0,12,0.15978752081232037
task2/b2_4-3-1-1,b2,4,3,1,1,omni-3904,"f(x) = C, \quad f(x) = \pm x + C, \quad \text{or} \quad f(x) = \pm x^3 + C",16,8552,0.0,0.0,0.0,3,0.0,12,0.5638749804913202
task2/b2_4-3-1-1,b2,4,3,1,1,omni-2052,-\frac{1}{2},16,6987,0.9375,1.0,1.0,2,0.0,12,0.22119653504034842
task2/b2_4-3-1-1,b2,4,3,1,1,omni-824,2005^{1002} / 2004!,16,11353,0.0625,1.0,1.0,5,0.0,12,0.2959367207430746
task2/b2_4-3-1-1,b2,4,3,1,1,omni-2133,2017,16,5208,0.875,1.0,1.0,3,0.0,12,0.3677536449352457
task2/b2_4-3-1-1,b2,4,3,1,1,omni-1998,\frac{5}{12},16,11272,0.0,0.0,0.0,6,0.0,12,0.32210609186941325
task2/b2_4-3-1-1,b2,4,3,1,1,omni-747,477,16,7291,0.0,0.0,0.0,8,0.0,12,0.28849788533522613
task2/b2_4-3-1-1,b2,4,3,1,1,omni-1022,1/2,16,13323,0.0,0.0,0.0,5,0.0,12,0.35703966074799487
task2/b2_4-3-1-1,b2,4,3,1,1,omni-2597,13,16,8668,0.0,0.0,0.0,10,0.0,12,0.8383055891838693
task2/b2_4-3-1-1,b2,4,3,1,1,omni-3903,"2, 128, 2000",16,10790,0.0,0.0,0.0,10,0.0,12,0.5172385078484
task2/b2_4-3-1-1,b2,4,3,1,1,omni-4297,\text{Yes},16,6134,0.0,0.0,0.0,1,0.0,12,0.634315976989347
task2/b2_4-3-1-1,b2,4,3,1,1,omni-4035,\text{Further combinatorial analysis required},16,6390,0.0,0.0,0.0,13,0.0,12,0.5142631276670219
task2/b2_4-3-1-1,b2,4,3,1,1,omni-1990,1481480,16,10041,0.0,0.0,0.0,10,0.0,12,0.47918481568470095
task2/b2_4-3-1-1,b2,4,3,1,1,omni-3490,8n,16,4048,1.0,1.0,0.0,1,0.0,12,0.33920294134194995
task2/b2_4-3-1-1,b2,4,3,1,1,omni-1019,\frac{11}{4},16,17570,0.0,0.0,0.0,11,0.0,12,0.29583947689639484
task2/b2_4-3-1-1,b2,4,3,1,1,omni-177,"\[ n = 2^{a+1} + 2^b, \quad a, b \ge 0 \]

Alternatively, this condition can be expressed as either \( n = 2^k, \, k \ge 2 \) or \( n \) is the sum of two distinct powers of 2.",16,7154,0.0,0.0,0.0,8,0.0,12,0.4820210919403696
task2/b2_4-3-1-1,b2,4,3,1,1,omni-3486,131,16,7352,0.9375,1.0,1.0,2,0.0,12,0.18401444203922854
task2/b2_4-3-1-1,b2,4,3,1,1,omni-3572,"(0, 0, 0)",16,8726,0.875,1.0,1.0,3,0.0,12,0.46717725738230037
task2/b2_4-3-1-1,b2,4,3,1,1,omni-2937,15,16,5418,0.875,1.0,1.0,2,0.0,12,0.4088390959042795
task2/b2_4-3-1-1,b2,4,3,1,1,omni-4337,1,16,8156,0.9375,1.0,1.0,1,0.0,12,0.6540520783920577
task2/b2_4-3-1-1,b2,4,3,1,1,omni-4166,\text{yes},16,5066,0.9375,1.0,1.0,2,0.0,12,0.5575130130907305
task2/b2_4-3-1-1,b2,4,3,1,1,omni-647,4,16,6632,0.875,1.0,1.0,3,0.0,12,0.548702610406944
task2/b2_4-3-1-1,b2,4,3,1,1,omni-2358,10,16,14212,0.0,0.0,0.0,8,0.0,12,0.347803523411065
task2/b2_4-3-1-1,b2,4,3,1,1,omni-1575,516,16,5009,0.0,0.0,0.0,6,0.0,12,0.5509521770460098
task2/b2_4-3-1-1,b2,4,3,1,1,omni-3295,\[ k \neq 1 \],16,6589,0.125,1.0,1.0,9,0.0,12,0.38204472684164464
task2/b2_4-3-1-1,b2,4,3,1,1,omni-3656,"(a, b, p, n) = (2^k, 2^k, 2, 2013k + 1)",16,6856,0.125,1.0,1.0,8,0.0,12,0.5298736992370623
task2/b2_4-3-1-1,b2,4,3,1,1,omni-3824,(-1)^n 2^{n-1} d^n (2a + nd),16,5103,0.0,0.0,0.0,5,0.0,12,0.7068457032059804
task2/b2_4-3-1-1,b2,4,3,1,1,omni-3420,Tuesday,16,4392,0.6875,1.0,1.0,5,0.0,12,0.3846400524091485
task2/b2_4-3-1-1,b2,4,3,1,1,omni-974,1-\ln (e-1),16,5512,0.0,0.0,0.0,1,0.0,12,0.6509843910536712
task2/b2_4-3-1-1,b2,4,3,1,1,omni-666,\pi / 2,16,8542,0.875,1.0,1.0,2,0.0,12,0.3386957056634816
task2/b2_4-3-1-1,b2,4,3,1,1,omni-2843,24,16,22697,0.0,0.0,0.0,6,0.0,12,0.24354257035328594
task2/b2_4-3-1-1,b2,4,3,1,1,omni-2127,\frac{8}{17},16,8695,0.0,0.0,0.0,5,0.0,12,0.38289319857823134
task2/b2_4-3-1-1,b2,4,3,1,1,omni-4406,"{x=m\pi-\frac{\pi}{4}\ ,\ m\in Z}",16,8017,0.0,0.0,0.0,10,0.0,12,0.7633927023138524
task2/b2_4-3-1-1,b2,4,3,1,1,omni-2731,15,16,5326,0.5,1.0,1.0,3,0.0,12,0.6012642063775506
task2/b2_4-3-1-1,b2,4,3,1,1,omni-1342,2013^{4025},16,7579,0.0,0.0,0.0,10,0.0,12,0.4689912303025641
task2/b2_4-3-1-1,b2,4,3,1,1,omni-3916,\lceil \log_a d \rceil,16,7544,0.0,0.0,0.0,2,0.0,12,0.5751654438099462
task2/b2_4-3-1-1,b2,4,3,1,1,omni-3302,The game is winnable if and only if \( n > k \ge 2 \).,16,5654,0.0,0.0,0.0,7,0.0,12,0.4410193220757697
task2/b2_4-3-1-1,b2,4,3,1,1,omni-2761,15,16,6656,0.5,1.0,1.0,7,0.0,12,0.3727919532595794
task2/b2_4-3-1-1,b2,4,3,1,1,omni-2744,24,16,11315,0.0,0.0,0.0,3,0.0,12,0.42917606905540445
task2/b2_4-3-1-1,b2,4,3,1,1,omni-3152,24,16,2708,1.0,1.0,0.0,1,0.0,12,0.4202183749441348
task2/b2_4-3-1-1,b2,4,3,1,1,omni-1779,5994,16,11141,0.0,0.0,0.0,14,0.0,12,0.4574154530744212
task2/b2_4-3-1-1,b2,4,3,1,1,omni-2936,2.2,16,4964,0.0,0.0,0.0,6,0.0,12,0.4112646132418762
task2/b2_4-3-1-1,b2,4,3,1,1,omni-1768,6,16,3929,0.0,0.0,0.0,2,0.0,12,0.46537404593616466
task2/b2_4-3-1-1,b2,4,3,1,1,omni-3996,121,16,6945,0.0,0.0,0.0,12,0.0,12,0.6389557432491416
task2/b2_4-3-1-1,b2,4,3,1,1,omni-4084,2^{n+1} - 2,16,6222,0.0,0.0,0.0,7,0.0,12,0.3270432806308797
task2/b2_4-3-1-1,b2,4,3,1,1,omni-2104,974,16,8339,0.0625,1.0,1.0,14,0.0,12,0.2905012140945337
task2/b2_4-3-1-1,b2,4,3,1,1,omni-332,Cathy can win if and only if \( n \leq 2^{k-1} \).,16,5295,0.0,0.0,0.0,4,0.0,12,0.46381483514896954
task2/b2_4-3-1-1,b2,4,3,1,1,omni-4136,"(x,y) = (11,1), (49,1), (7t^2,7t), t \text{ is an interge}",16,11788,0.0,0.0,0.0,7,0.0,12,0.4816617899007482
task2/b2_4-3-1-1,b2,4,3,1,1,omni-3492,60 \mathrm{~g},16,3158,1.0,1.0,0.0,1,0.0,12,0.223188783175707
task2/b2_4-3-1-1,b2,4,3,1,1,omni-1,1,16,3555,0.875,1.0,1.0,2,0.0,12,0.7474412906824233
task2/b2_4-3-1-1,b2,4,3,1,1,omni-3342,39601,16,12737,0.0,0.0,0.0,8,0.0,12,0.3308096897831464
task2/b2_4-3-1-1,b2,4,3,1,1,omni-454,132,16,4605,1.0,1.0,0.0,1,0.0,12,0.21698251621310913
task2/b2_4-3-1-1,b2,4,3,1,1,omni-2889,26,16,7078,0.8125,1.0,1.0,1,0.0,12,0.41017379145043015
task2/b2_4-3-1-1,b2,4,3,1,1,omni-165,\[ 1 \],16,10176,0.5625,1.0,1.0,4,0.0,12,0.3927183022016442
task2/b2_4-3-1-1,b2,4,3,1,1,omni-4016,"110,143,242,341,440,164,263,362,461,560,198,297,396,495,594,693,792,891,990",16,23548,0.0,0.0,0.0,16,0.0,12,0.35847519704984626
task2/b2_4-3-1-1,b2,4,3,1,1,omni-2406,60,16,8377,0.0,0.0,0.0,3,0.0,12,0.504976489473158
task2/b2_4-3-1-1,b2,4,3,1,1,omni-2920,64,16,3362,0.9375,1.0,1.0,2,0.0,12,0.37834953945766053
task2/b2_4-3-1-1,b2,4,3,1,1,omni-1881,1516,16,12523,0.0,0.0,0.0,8,0.0,12,0.5613614755271584
task2/b2_4-3-1-1,b2,4,3,1,1,omni-3489,113,16,6578,0.0,0.0,0.0,6,0.0,12,0.5219476735496654
task2/b2_4-3-1-1,b2,4,3,1,1,omni-3659,501,16,6380,0.0,0.0,0.0,1,0.0,12,0.41827721976966065
task2/b2_4-3-1-1,b2,4,3,1,1,omni-2887,32,16,6050,0.875,1.0,1.0,3,0.0,12,0.024970399571542345
task2/b2_4-3-1-1,b2,4,3,1,1,omni-81,\frac{97 \sqrt{2} + 40 \sqrt{3}}{15},16,10649,0.0,0.0,0.0,12,0.0,12,0.4673904329567513
task2/b2_4-3-1-1,b2,4,3,1,1,omni-1009,4,16,3510,0.0,0.0,0.0,3,0.0,12,0.3985421679160823
task2/b2_4-3-1-1,b2,4,3,1,1,omni-3445,2004,16,8194,0.5,1.0,1.0,4,0.0,12,0.24063130955101106
task2/b2_4-3-1-1,b2,4,3,1,1,omni-2933,42,16,4801,1.0,1.0,0.0,1,0.0,12,0.37274063294673304
task2/b2_4-3-1-1,b2,4,3,1,1,omni-4362,\text{No},16,8732,1.0,1.0,0.0,1,0.0,12,0.5105442316103402
task2/b2_4-3-1-1,b2,4,3,1,1,omni-2898,16,16,2364,1.0,1.0,0.0,2,0.0,12,0.566948874106994
task2/b2_4-3-1-1,b2,4,3,1,1,omni-510,\frac{13}{30},16,8720,0.0,0.0,0.0,6,0.0,12,0.26044004826552214
task2/b2_4-3-1-1,b2,4,3,1,1,omni-2664,4180,16,5195,1.0,1.0,0.0,1,0.0,12,0.320565950295158
task2/b2_4-3-1-1,b2,4,3,1,1,omni-659,6,16,6914,0.5625,1.0,1.0,4,0.0,12,0.4599038246355431
task2/b2_4-3-1-1,b2,4,3,1,1,omni-2725,15,16,4556,1.0,1.0,0.0,1,0.0,12,0.4233461677572852
task2/b2_4-3-1-1,b2,4,3,1,1,omni-1983,\frac{4}{\sqrt{5}} \text{ OR } \frac{4 \sqrt{5}}{5},16,10070,0.0,0.0,0.0,2,0.0,12,0.49447221707298067
task2/b2_4-3-1-1,b2,4,3,1,1,omni-565,52,16,5007,0.0,0.0,0.0,6,0.0,12,0.38548154337106194
task2/b2_4-3-1-1,b2,4,3,1,1,omni-2257,\frac{\sqrt{6}}{2},16,13240,0.0,0.0,0.0,4,0.0,12,0.40740461316272697
task2/b2_4-3-1-1,b2,4,3,1,1,omni-2927,4.309,16,2843,1.0,1.0,0.0,1,0.0,12,0.40851733293107223
task2/b2_4-3-1-1,b2,4,3,1,1,omni-132,\text{There are infinitely many positive integers } n \text{ such that } d(n!) - 1 \text{ is a composite number.},16,9310,0.8125,1.0,1.0,4,0.0,12,0.316377443313343
task2/b2_4-3-1-1,b2,4,3,1,1,omni-509,96,16,3910,0.0,0.0,0.0,4,0.0,12,0.4844436961549043
task2/b2_4-3-1-1,b2,4,3,1,1,omni-1544,\frac{1}{2},16,8433,0.9375,1.0,1.0,2,0.0,12,0.48264397497938943
task2/b2_4-3-1-1,b2,4,3,1,1,omni-1594,"n=6, 66, 946",16,13127,0.0,0.0,0.0,5,0.0,12,0.6958288881692739
task2/b2_4-3-1-1,b2,4,3,1,1,omni-831,\frac{41}{512},16,8782,0.0,0.0,0.0,6,0.0,12,0.5649221592888098
task2/b2_4-3-1-1,b2,4,3,1,1,omni-1477,4018,16,10344,0.3125,1.0,1.0,10,0.0625,12,0.4532276813762364
task2/b2_4-3-1-1,b2,4,3,1,1,omni-3852,{\frac{n(n+1)(2n+1)}{6}},16,5679,0.0,0.0,0.0,3,0.0,12,0.45009346331663264
task2/b2_4-3-1-1,b2,4,3,1,1,omni-2053,71.8,16,5005,0.0,0.0,0.0,5,0.0,12,0.3897169421220716
task2/b2_4-3-1-1,b2,4,3,1,1,omni-2551,72^{\circ},16,3245,0.875,1.0,1.0,2,0.0,12,0.4752927762353541
task2/b2_4-3-1-1,b2,4,3,1,1,omni-2751,8,16,7251,0.8125,1.0,1.0,2,0.0,12,0.515748917645503
task2/b2_4-3-1-1,b2,4,3,1,1,omni-2942,113,16,4189,0.0,0.0,0.0,4,0.0,12,0.5173805483949656
task2/b2_4-3-1-1,b2,4,3,1,1,omni-2739,8,16,4190,1.0,1.0,0.0,1,0.0,12,0.35899571279505427
task2/b2_4-3-1-1,b2,4,3,1,1,omni-3426,a^{2}<a<rac{1}{a},16,4739,0.0,0.0,0.0,8,0.0,12,0.3915644938720963
task2/b2_4-3-1-1,b2,4,3,1,1,omni-4321,\text{Yes},16,3650,0.0,0.0,0.0,1,0.0,12,0.48407742831515294
task2/b2_4-3-1-1,b2,4,3,1,1,omni-408,15,16,9366,0.0,0.0,0.0,5,0.0,12,0.2064298038861886
task2/b2_4-3-1-1,b2,4,3,1,1,omni-27,"(2, 6), (2^k - 1, 2), (1, n) \text{ for any } n \ge 1",16,7104,0.25,1.0,1.0,9,0.0,12,0.5024152745598814
task2/b2_4-3-1-1,b2,4,3,1,1,omni-1626,21,16,17172,0.125,1.0,1.0,13,0.0,12,0.33972030215915766
task2/b2_4-3-1-1,b2,4,3,1,1,omni-178,"\[
\boxed{\frac{\pi}{4}}
\]",16,6607,0.0,0.0,0.0,4,0.0,12,0.5119455168991276
task2/b2_4-3-1-1,b2,4,3,1,1,omni-942,673,16,12031,0.125,1.0,1.0,9,0.0,12,0.3947973082580234
task2/b2_4-3-1-1,b2,4,3,1,1,omni-2578,33725,16,14101,0.0,0.0,0.0,10,0.0,12,0.2851425663489883
task2/b2_4-3-1-1,b2,4,3,1,1,omni-1460,\frac{25}{49},16,8548,0.0,0.0,0.0,3,0.0,12,0.5979066396757324
task2/b2_4-3-1-1,b2,4,3,1,1,omni-2764,\frac{89}{243},16,8069,0.0,0.0,0.0,8,0.0,12,0.39445539541330016
task2/b2_4-3-1-1,b2,4,3,1,1,omni-1224,61,16,11990,0.0,0.0,0.0,15,0.0,12,0.29061783002133623
task2/b2_4-3-1-1,b2,4,3,1,1,omni-1963,\frac{1}{1006},16,7841,0.75,1.0,1.0,3,0.0,12,0.3987715419451923
task2/b2_4-3-1-1,b2,4,3,1,1,omni-2691,232,16,4304,1.0,1.0,0.0,1,0.0,12,0.24168420429906276
task2/b2_4-3-1-1,b2,4,3,1,1,omni-2815,-36,16,10148,1.0,1.0,0.0,1,0.0,12,0.32444576177151824
task2/b2_4-3-1-1,b2,4,3,1,1,omni-1275,\frac{1}{1-x},16,5521,0.9375,1.0,1.0,2,0.0,12,0.4296693472609052
task2/b2_4-3-1-1,b2,4,3,1,1,omni-64,\text{No such } n \text{ exists},16,7536,0.0,0.0,0.0,12,0.0,12,0.5315563035504928
task2/b2_4-3-1-1,b2,4,3,1,1,omni-3465,39\%,16,8288,0.0,0.0,0.0,6,0.0,12,0.6763188433779487
task2/b2_4-3-1-1,b2,4,3,1,1,omni-226,\frac{1}{x^2},16,11598,0.4375,1.0,1.0,8,0.0,12,0.5108868453837803
task2/b2_4-3-1-1,b2,4,3,1,1,omni-857,80,16,6762,0.0,0.0,0.0,7,0.0,12,0.6905877813410469
task2/b2_4-3-1-1,b2,4,3,1,1,omni-1215,120,16,4110,1.0,1.0,0.0,1,0.0,12,0.47556461459687266
task2/b2_4-3-1-1,b2,4,3,1,1,omni-1654,10201,16,9732,0.1875,1.0,1.0,7,0.0,12,0.38134151588680826
task2/b2_4-3-1-1,b2,4,3,1,1,omni-1277,43,16,7030,0.0625,1.0,1.0,7,0.0,12,0.36563998584388474
task2/b2_4-3-1-1,b2,4,3,1,1,omni-2461,51,16,7405,0.0625,1.0,1.0,6,0.0,12,0.5830528811735819
task2/b2_4-3-1-1,b2,4,3,1,1,omni-3131,18\%,16,5700,1.0,1.0,0.0,2,0.0,12,0.2504301489749472
task2/b2_4-3-1-1,b2,4,3,1,1,omni-1688,2^{2009},16,6264,0.5625,1.0,1.0,3,0.0,12,0.38489651524793045
task2/b2_4-3-1-1,b2,4,3,1,1,omni-1490,139,16,21750,0.0,0.0,0.0,9,0.0,12,0.41152703005967517
task2/b2_4-3-1-1,b2,4,3,1,1,omni-3147,\frac{19}{35},16,5093,0.0,0.0,0.0,6,0.0,12,0.5647794531480187
task2/b2_4-3-1-1,b2,4,3,1,1,omni-294,"The real roots of the equation \(x^4-(2\cdot10^{10}+1)x^2-x+10^{20}+10^{10}-1=0\) correct to four decimal places are approximately:
\[ x_1 \approx 10^5 - \frac{1 - \sqrt{1 + 4(10^5 + 1)}}{2 \cdot 2 \cdot 10^5} \]
\[ x_2 \approx 10^5 + \frac{1 + \sqrt{1 + 4(10^5 + 1)}}{2 \cdot 2 \cdot 10^5} \]

Given the approximations:
\[ x_1 \approx 99999.5000 \]
\[ x_2 \approx 100000.5000 \]",16,10618,0.0,0.0,0.0,9,0.0,12,0.32105274729162175
task2/b2_4-3-1-1,b2,4,3,1,1,omni-3368,60,16,9188,0.0,0.0,0.0,6,0.0,12,0.4936305647615171
task2/b2_4-3-1-1,b2,4,3,1,1,omni-265,"\[
|S| \ge 8
\]",16,10696,0.0,0.0,0.0,5,0.0,12,0.4129382956089818
task2/b2_4-3-1-1,b2,4,3,1,1,omni-909,56,16,6185,0.4375,1.0,1.0,9,0.0,12,0.4302547306487008
task2/b2_4-3-1-1,b2,4,3,1,1,omni-995,p=2 \text{ and } p \equiv 3(\bmod 4),16,10958,0.0,0.0,0.0,7,0.0,12,0.3691349778836845
task2/b2_4-3-1-1,b2,4,3,1,1,omni-617,\frac{\ln 7}{4},16,17978,0.0,0.0,0.0,13,0.0,12,0.30992903497986507
task2/b2_4-3-1-1,b2,4,3,1,1,omni-765,1024,16,4753,0.0,0.0,0.0,2,0.0,12,0.124160910048963
task2/b2_4-3-1-1,b2,4,3,1,1,omni-3457,7x+4,16,7039,0.0,0.0,0.0,1,0.0,12,0.2092689218493137
task2/b2_4-3-1-1,b2,4,3,1,1,omni-3531,"\frac{5}{2}, 3, \sqrt{10}",16,4086,1.0,1.0,0.0,1,0.0,12,0.2788919380686034
task2/b2_4-3-1-1,b2,4,3,1,1,omni-576,e^{e}-1,16,9556,0.0,0.0,0.0,5,0.0,12,0.4157559441471927
task2/b2_4-3-1-1,b2,4,3,1,1,omni-1888,\frac{2}{9},16,5470,0.0,0.0,0.0,1,0.0,12,0.5562244619926796
task2/b2_4-3-1-1,b2,4,3,1,1,omni-58,\text{Every sufficiently large number appears in the sequence},16,6842,0.0,0.0,0.0,2,0.0,12,0.5346644613774679
task2/b2_4-3-1-1,b2,4,3,1,1,omni-331,There are no polynomials of degree 1 with rational coefficients that satisfy the given conditions.,16,4611,0.0,0.0,0.0,7,0.0,12,0.49341412095951465
task2/b2_4-3-1-1,b2,4,3,1,1,omni-1789,76,16,9599,1.0,1.0,0.0,1,0.0,12,0.4354463459523091
task2/b2_4-3-1-1,b2,4,3,1,1,omni-1203,30212,16,5050,0.0,0.0,0.0,4,0.0,12,0.4551354202248859
task2/b2_4-3-1-1,b2,4,3,1,1,omni-3556,946,16,13088,0.0,0.0,0.0,12,0.0625,12,0.4381842742018447
task2/b2_4-3-1-1,b2,4,3,1,1,omni-115,45^\circ,16,10001,0.75,1.0,1.0,2,0.0,12,0.29358276631060515
task2/b2_4-3-1-1,b2,4,3,1,1,omni-515,\frac{11}{65},16,11633,0.0,0.0,0.0,4,0.0,12,0.45515491463856267
task2/b2_4-3-1-1,b2,4,3,1,1,omni-2621,540,16,6905,0.625,1.0,1.0,6,0.0,12,0.4783997267258613
task2/b2_4-3-1-1,b2,4,3,1,1,omni-4426,"\text{Kolya wins if Dima starts, and Dima wins if Kolya starts.}",16,8317,0.0,0.0,0.0,6,0.0,12,0.31280082938170933
task2/b2_4-3-1-1,b2,4,3,1,1,omni-2378,\frac{80\sqrt{3}}{9},16,4523,0.8125,1.0,1.0,3,0.0,12,0.41720776308888446
task2/b2_4-3-1-1,b2,4,3,1,1,omni-735,4 \cdot 3^{2011},16,7895,0.1875,1.0,1.0,11,0.0,12,0.4482657871486692
task2/b2_4-3-1-1,b2,4,3,1,1,omni-4274,\text{Alice},16,5725,0.8125,1.0,1.0,2,0.0,12,0.6153289606067045
task2/b2_4-3-1-1,b2,4,3,1,1,omni-674,50,16,4219,0.0,0.0,0.0,1,0.0,12,0.5832059364895817
task2/b2_4-3-1-1,b2,4,3,1,1,omni-2220,65,16,7815,0.0,0.0,0.0,13,0.0,12,0.2856392067168987
task2/b2_4-3-1-1,b2,4,3,1,1,omni-1198,93,16,6020,0.0,0.0,0.0,7,0.0,12,0.6029149877070826
task2/b2_4-3-1-1,b2,4,3,1,1,omni-980,17,16,5997,0.0,0.0,0.0,7,0.0,12,0.42733325265552824
task2/b2_4-3-1-1,b2,4,3,1,1,omni-1515,34,16,10827,0.0,0.0,0.0,6,0.0,12,0.4630147819141352
task2/b2_4-3-1-1,b2,4,3,1,1,omni-2129,252,16,10848,0.0,0.0,0.0,5,0.0,12,0.4229981691956455
task2/b2_4-3-1-1,b2,4,3,1,1,omni-4125,(n-2)2^n + 1,16,6065,0.0,0.0,0.0,4,0.0,12,0.5645723566535009
task2/b2_4-3-1-1,b2,4,3,1,1,omni-1387,-9+3\sqrt{13},16,8471,0.0,0.0,0.0,2,0.0,12,0.6377097341322908
task2/b2_4-3-1-1,b2,4,3,1,1,omni-960,90,16,7352,0.0,0.0,0.0,3,0.0,12,0.4841368486344754
task2/b2_4-3-1-1,b2,4,3,1,1,omni-2925,600,16,6033,0.0,0.0,0.0,3,0.0,12,0.35098305945002756
task2/b2_4-3-1-1,b2,4,3,1,1,omni-374,\[ MA \cdot NA + MB \cdot NB + MC \cdot NC \geq MD \cdot ND \],16,11417,0.6875,1.0,1.0,6,0.0,12,0.26857308121283646
task2/b2_4-3-1-1,b2,4,3,1,1,omni-1084,2 \sqrt[4]{6},16,9631,0.0,0.0,0.0,5,0.0,12,0.34441943045518436
task2/b2_4-3-1-1,b2,4,3,1,1,omni-1311,45,16,9826,0.0,0.0,0.0,2,0.0,12,0.3116755971164366
task2/b2_4-3-1-1,b2,4,3,1,1,omni-383,6,16,2534,0.0,0.0,0.0,1,0.0,12,0.4952526085370949
task2/b2_4-3-1-1,b2,4,3,1,1,omni-3991,$\frac{13}{4}$,16,8489,0.0,0.0,0.0,3,0.0,12,0.41892673945596787
task2/b2_4-3-1-1,b2,4,3,1,1,omni-3400,160,16,3634,0.9375,1.0,1.0,2,0.0,12,0.4337140643230339
task2/b2_4-3-1-1,b2,4,3,1,1,omni-1749,47,16,13183,0.0625,1.0,1.0,8,0.0,12,0.590867913216027
task2/b2_4-3-1-1,b2,4,3,1,1,omni-2477,\binom{34}{9},16,7953,0.125,1.0,1.0,4,0.0,12,0.23956845837188367
task2/b2_4-3-1-1,b2,4,3,1,1,omni-2250,\frac{3}{10},16,5280,0.0,0.0,0.0,10,0.0,12,0.5247027122042561
task2/b2_4-3-1-1,b2,4,3,1,1,omni-1265,\frac{\binom{4030}{2016}}{2^{4030}},16,10585,0.1875,1.0,1.0,10,0.0,12,0.3904878006699514
task2/b2_4-3-1-1,b2,4,3,1,1,omni-3005,19,16,6436,1.0,1.0,0.0,1,0.0,12,0.44743289223685395
task2/b2_4-3-1-1,b2,4,3,1,1,omni-1702,n=3,16,10494,0.875,1.0,1.0,3,0.0,12,0.4447200595818331
task2/b2_4-3-1-1,b2,4,3,1,1,omni-3008,7,16,2675,0.0,0.0,0.0,3,0.0,12,0.4724027932169042
task2/b2_4-3-1-1,b2,4,3,1,1,omni-2371,18.5285921,16,6726,0.0,0.0,0.0,8,0.0,12,0.00848221196087024
task2/b2_4-3-1-1,b2,4,3,1,1,omni-395,"6,-\frac{10}{3}",16,13962,0.6875,1.0,1.0,5,0.0,12,0.24366574436228583
task2/b2_4-3-1-1,b2,4,3,1,1,omni-2451,109368,16,7041,0.0,0.0,0.0,16,0.0,12,0.33229689024735537
task2/b2_4-3-1-1,b2,4,3,1,1,omni-1018,"1, 2, 3, 4",16,14781,0.0625,1.0,1.0,5,0.0,12,0.2325222649629669
task2/b2_4-3-1-1,b2,4,3,1,1,omni-1364,\frac{7}{2},16,5917,0.25,1.0,1.0,2,0.0,12,0.5637831065368702
task2/b2_4-3-1-1,b2,4,3,1,1,omni-803,1,16,4723,0.9375,1.0,1.0,2,0.0,12,0.30312982292249574
task2/b2_4-3-1-1,b2,4,3,1,1,omni-685,\begin{tabular}{ll} 00000000 & 00110101 \ 11001010 & 10011110 \ 11100001 & 01101011 \ 11010100 & 01100110 \ 10111001 & 10010011 \ 01111100 & 11001101 \ 00111010 & 10101100 \ 01010111 & 11110010 \ 00001111 & 01011001 \ 10100111 & 11111111 \ \end{tabular},16,6541,0.0,0.0,0.0,1,0.0,12,0.60251829689819
task2/b2_4-3-1-1,b2,4,3,1,1,omni-4307,"(m, n) = (36, 6)",16,9542,0.0,0.0,0.0,6,0.0,12,0.4751241300870844
task2/b2_4-3-1-1,b2,4,3,1,1,omni-1621,89,16,7259,0.0,0.0,0.0,5,0.0,12,0.5486800497408738
task2/b2_4-3-1-1,b2,4,3,1,1,omni-3325,2015.318180 \ldots,16,9122,0.0,0.0,0.0,10,0.0,12,0.5866095703186027
task2/b2_4-3-1-1,b2,4,3,1,1,omni-79,18,16,7567,0.0625,1.0,1.0,4,0.0,12,0.45500618003237053
task2/b2_4-3-1-1,b2,4,3,1,1,omni-3104,120,16,4617,1.0,1.0,0.0,1,0.0,12,0.3247984953948172
task2/b2_4-3-1-1,b2,4,3,1,1,omni-125,"\left( \frac{1}{n+1}, \frac{1}{n+1}, \ldots, \frac{1}{n+1} \right)",16,8587,0.25,1.0,1.0,5,0.0,12,0.46972474739540276
task2/b2_4-3-1-1,b2,4,3,1,1,omni-4340,\text{No},16,6117,0.0625,1.0,1.0,2,0.0,12,0.37377853338250405
task2/b2_4-3-1-1,b2,4,3,1,1,omni-2372,\frac{45}{14},16,12444,0.0,0.0,0.0,14,0.0,12,0.422436617356129
task2/b2_4-3-1-1,b2,4,3,1,1,omni-4152,1,16,6317,0.0,0.0,0.0,5,0.0,12,0.5703392911156232
task2/b2_4-3-1-1,b2,4,3,1,1,omni-3143,"f(x) = cx^d, c,d > 0, c=1 \text{ if } d=1",16,9883,0.0,0.0,0.0,9,0.0,12,0.46052037204450175
task2/b2_4-3-1-1,b2,4,3,1,1,omni-3943,3^{100},16,4545,0.0,0.0,0.0,3,0.0,12,0.5164502255257434
task2/b2_4-3-1-1,b2,4,3,1,1,omni-288,The area of triangle $OO_1O_2$ is minimized if $CX \perp AB$.,16,5570,0.0,0.0,0.0,4,0.0,12,0.5137351615533391
task2/b2_4-3-1-1,b2,4,3,1,1,omni-1087,1+\sqrt{2}+\sqrt{6},16,9466,0.0625,1.0,1.0,7,0.0,12,0.27872714702168716
task2/b2_4-3-1-1,b2,4,3,1,1,omni-492,3,16,8119,0.0,0.0,0.0,5,0.0,12,0.36433571270880166
task2/b2_4-3-1-1,b2,4,3,1,1,omni-1549,318,16,9261,0.0,0.0,0.0,11,0.0,12,0.5856802835211979
task2/b2_4-3-1-1,b2,4,3,1,1,omni-365,11,16,6592,0.0,0.0,0.0,1,0.0,12,0.28071638830497875
task2/b2_4-3-1-1,b2,4,3,1,1,omni-4290,"(a, b, c) = (10, 10, 1), (10, 1, 10), (1, 10, 10)",16,29027,0.125,1.0,1.0,11,0.0,12,0.15172263685359788
task2/b2_4-3-1-1,b2,4,3,1,1,omni-688,"(1,1), (3,3)",16,6779,0.875,1.0,1.0,3,0.0,12,0.5353448671911487
task2/b2_4-3-1-1,b2,4,3,1,1,omni-3416,40 \text{ minutes},16,6878,0.0,0.0,0.0,6,0.0,12,0.38278819804861963
task2/b2_4-3-1-1,b2,4,3,1,1,omni-994,\frac{1999008}{1999012},16,8718,0.0,0.0,0.0,13,0.0,12,0.1891736395820582
task2/b2_4-3-1-1,b2,4,3,1,1,omni-2996,rac{3}{8},16,4137,0.0,0.0,0.0,1,0.0,12,0.3649281677746557
task2/b2_4-3-1-1,b2,4,3,1,1,omni-2402,6,16,6246,0.0,0.0,0.0,8,0.0,12,0.5186016897543241
task2/b2_4-3-1-1,b2,4,3,1,1,omni-2121,13,16,12463,0.8125,1.0,1.0,3,0.0,12,0.48847058627012285
task2/b2_4-3-1-1,b2,4,3,1,1,omni-4134,k = \left\lfloor \sqrt{n - 1}\right\rfloor,16,6877,0.0625,1.0,1.0,4,0.0,12,0.42469313862608904
task2/b2_4-3-1-1,b2,4,3,1,1,omni-2540,3633,16,5608,0.0,0.0,0.0,3,0.0,12,0.49991448795450594
task2/b2_4-3-1-1,b2,4,3,1,1,omni-2590,5,16,5495,0.0,0.0,0.0,2,0.0,12,0.6708877058421449
task2/b2_4-3-1-1,b2,4,3,1,1,omni-764,60^{\circ},16,2615,0.0,0.0,0.0,3,0.0,12,0.6289424356438115
task2/b2_4-3-1-1,b2,4,3,1,1,omni-1565,"(2,2),(3,3),(1,2),(2,3),(2,1),(3,2)",16,10588,0.0625,1.0,1.0,8,0.0,12,0.484023265720444
task2/b2_4-3-1-1,b2,4,3,1,1,omni-4161,\text{All odd integers } n \geq 3.,16,7657,0.1875,1.0,1.0,10,0.0,12,0.4455610178583491
task2/b2_4-3-1-1,b2,4,3,1,1,omni-1664,n^{2}+c^{2}-nc-c,16,6012,0.0,0.0,0.0,5,0.0,12,0.6206280198239228
task2/b2_4-3-1-1,b2,4,3,1,1,omni-1506,14034,16,7179,0.0,0.0,0.0,12,0.0,12,0.5240687777608021
task2/b2_4-3-1-1,b2,4,3,1,1,omni-1066,2^{32},16,14535,0.0,0.0,0.0,8,0.0,12,0.4978262522774866
task2/b2_4-3-1-1,b2,4,3,1,1,omni-1929,28,16,10620,0.0625,1.0,1.0,11,0.0,12,0.5429650129136421
task2/b2_4-3-1-1,b2,4,3,1,1,omni-2656,109,16,10719,0.0,0.0,0.0,9,0.0,12,0.375312945731002
task2/b2_4-3-1-1,b2,4,3,1,1,omni-959,\frac{1}{8},16,6654,0.625,1.0,1.0,7,0.0,12,0.4083537143612999
task2/b2_4-3-1-1,b2,4,3,1,1,omni-1792,7521,16,7086,0.0,0.0,0.0,8,0.0,12,0.475555543088029
task2/b2_4-3-1-1,b2,4,3,1,1,omni-3204,\frac{480}{49},16,9983,0.0,0.0,0.0,9,0.0,12,0.48259104020850163
task2/b2_4-3-1-1,b2,4,3,1,1,omni-1014,31486,16,13503,0.0,0.0,0.0,16,0.0,12,0.3366673588548483
task2/b2_4-3-1-1,b2,4,3,1,1,omni-573,\frac{5}{6},16,10457,0.1875,1.0,1.0,3,0.0625,12,0.5865853996011396
task2/b2_4-3-1-1,b2,4,3,1,1,omni-3826,120^\circ,16,7338,0.0625,1.0,1.0,3,0.0,12,0.549926078263862
task2/b2_4-3-1-1,b2,4,3,1,1,omni-1666,8,16,4058,0.0,0.0,0.0,2,0.0,12,0.6126099018077212
task2/b2_4-3-1-1,b2,4,3,1,1,omni-3623,150,16,8850,0.5625,1.0,1.0,3,0.0,12,0.532817160203228
task2/b2_4-3-1-1,b2,4,3,1,1,omni-3183,No,16,6534,0.625,1.0,1.0,2,0.0,12,0.5964210043560808
task2/b2_4-3-1-1,b2,4,3,1,1,omni-2300,"(p, q, r)=\left(\frac{2}{5}, \frac{3}{10}, \frac{3}{10}\right)",16,10072,0.0,0.0,0.0,4,0.0,12,0.2628531296223437
task2/b2_4-3-1-1,b2,4,3,1,1,omni-2541,6,16,6615,0.4375,1.0,1.0,4,0.0,12,0.5220869927158194
task2/b2_4-3-1-1,b2,4,3,1,1,omni-1961,2 \sqrt{30},16,8582,0.0,0.0,0.0,3,0.0,12,0.2926214325186373
task2/b2_4-3-1-1,b2,4,3,1,1,omni-1357,209,16,7136,0.0625,1.0,1.0,12,0.0,12,0.4275118696479019
task2/b2_4-3-1-1,b2,4,3,1,1,omni-0,1 + \left\lceil \frac{n}{2} \right\rceil,16,8747,0.0,0.0,0.0,6,0.0,12,0.4909879299720234
task2/b2_4-3-1-1,b2,4,3,1,1,omni-1540,1/2,16,9885,0.9375,1.0,1.0,2,0.0,12,0.47167247075450347
task2/b2_4-3-1-1,b2,4,3,1,1,omni-117,n \text{ must be odd},16,7200,0.0,0.0,0.0,7,0.0,12,0.5353192775599996
task2/b2_4-3-1-1,b2,4,3,1,1,omni-2293,168089,16,9117,0.0,0.0,0.0,9,0.0,12,0.5303752123978963
task2/b2_4-3-1-1,b2,4,3,1,1,omni-3710,\text{No},16,6580,1.0,1.0,0.0,1,0.0,12,0.6522087064295256
task2/b2_4-3-1-1,b2,4,3,1,1,omni-2280,9,16,7919,0.875,1.0,1.0,2,0.0,12,0.49087252331915526
task2/b2_4-3-1-1,b2,4,3,1,1,omni-344,"\[
\frac{63}{64}
\]",16,5017,0.0,0.0,0.0,5,0.0,12,0.5044502882667071
task2/b2_4-3-1-1,b2,4,3,1,1,omni-3076,44,16,5237,1.0,1.0,0.0,1,0.0,12,0.2414570264281247
task2/b2_4-3-1-1,b2,4,3,1,1,omni-767,\binom{109}{10},16,7520,0.0,0.0,0.0,9,0.0,12,0.5978238837355506
task2/b2_4-3-1-1,b2,4,3,1,1,omni-2956,2,16,4055,0.0,0.0,0.0,4,0.0,12,0.5234206714551503
task2/b2_4-3-1-1,b2,4,3,1,1,omni-2522,1205,16,6265,0.0,0.0,0.0,13,0.0,12,0.4149280874202761
task2/b2_4-3-1-1,b2,4,3,1,1,omni-3397,y=-x+4,16,6575,0.0,0.0,0.0,5,0.0,12,0.5119717864186332
task2/b2_4-3-1-1,b2,4,3,1,1,omni-3924,C \ge 2 \ln 2,16,7897,0.0,0.0,0.0,7,0.0,12,0.4513511085656696
task2/b2_4-3-1-1,b2,4,3,1,1,omni-712,123+6\sqrt{119},16,8787,0.0,0.0,0.0,5,0.0,12,0.5312833004087456
task2/b2_4-3-1-1,b2,4,3,1,1,omni-3226,27,16,4200,1.0,1.0,0.0,1,0.0,12,0.49811170193107684
task2/b2_4-3-1-1,b2,4,3,1,1,omni-3017,1,16,3906,1.0,1.0,0.0,1,0.0,12,0.2540724790618369
task2/b2_4-3-1-1,b2,4,3,1,1,omni-3699,100902018,16,8455,0.0,0.0,0.0,9,0.0,12,0.5526443715080628
task2/b2_4-3-1-1,b2,4,3,1,1,omni-3755,"{6,7,7.5,8,8.5,9,10}",16,13510,0.0,0.0,0.0,9,0.0625,12,0.45311659886933014
task2/b2_4-3-1-1,b2,4,3,1,1,omni-3467,3,16,7027,0.0,0.0,0.0,4,0.0,12,0.2992616084282511
task2/b2_4-3-1-1,b2,4,3,1,1,omni-2787,6,16,3805,1.0,1.0,0.0,1,0.0,12,0.5566660626514757
task2/b2_4-3-1-1,b2,4,3,1,1,omni-2411,\frac{20}{3},16,9051,0.0,0.0,0.0,5,0.0,12,0.46404512994839026
task2/b2_4-3-1-1,b2,4,3,1,1,omni-2708,7,16,3746,1.0,1.0,0.0,1,0.0,12,0.3746097689646077
task2/b2_4-3-1-1,b2,4,3,1,1,omni-4115,"$f(x)= 0,f(x)= 2-x, f(x)=-x$",16,9000,0.0,0.0,0.0,5,0.0,12,0.6466645284550031
task2/b2_4-3-1-1,b2,4,3,1,1,omni-4386,\text{yes},16,6287,0.375,1.0,1.0,2,0.0,12,0.5490942707380505
task2/b2_4-3-1-1,b2,4,3,1,1,omni-2084,12,16,15911,0.0625,1.0,1.0,11,0.0,12,0.3628357470723325
task2/b2_4-3-1-1,b2,4,3,1,1,omni-1341,581,16,20220,0.0,0.0,0.0,11,0.0,12,0.3908417609646662
task2/b2_4-3-1-1,b2,4,3,1,1,omni-3423,37.5\%,16,6167,0.1875,1.0,1.0,2,0.0,12,0.30167457837050843
task2/b2_4-3-1-1,b2,4,3,1,1,omni-3819,"f(x) = \begin{cases}
\frac{2}{2 - x}, & 0 \leq x < 2, \\
0, & x \geq 2.
\end{cases}",16,10925,0.875,1.0,1.0,6,0.0,12,0.4588453471387677
task2/b2_4-3-1-1,b2,4,3,1,1,omni-2653,932,16,12224,0.0,0.0,0.0,7,0.0,12,0.39947451090484676
task2/b2_4-3-1-1,b2,4,3,1,1,omni-3827,f(x) = 0 \text{ and } f(x) = x - 1.,16,6229,0.0,0.0,0.0,3,0.0,12,0.7027977016134973
task2/b2_4-3-1-1,b2,4,3,1,1,omni-312,"The largest integer \( n \) such that there exist monic quadratic polynomials \( p_{1}(x), p_{2}(x), p_{3}(x) \) with integer coefficients so that for all integers \( i \in[1, n] \) there exists some \( j \in[1,3] \) and \( m \in \mathbb{Z} \) such that \( p_{j}(m)=i \) is \( \boxed{9} \).",16,9249,0.5625,1.0,1.0,4,0.0,12,0.43680264481481595
task2/b2_4-3-1-1,b2,4,3,1,1,omni-327,\[ 1979 \],16,6094,0.25,1.0,1.0,4,0.0,12,0.45351890958438384
task2/b2_4-3-1-1,b2,4,3,1,1,omni-3441,10^{3} \text{ and } 10^{4},16,3098,1.0,1.0,0.0,1,0.0,12,0.32922071364052247
task2/b2_4-3-1-1,b2,4,3,1,1,omni-3404,\frac{5}{12},16,5858,0.5625,1.0,1.0,3,0.0,12,0.18751361430679467
task2/b2_4-3-1-1,b2,4,3,1,1,omni-246,\[\frac{(m+n)!}{(m-n)!} = \prod_{i=1}^{n}\left(m^{2}+m-i^{2}+i\right)\],16,9661,1.0,1.0,0.0,2,0.0,12,0.47455702312799836
task2/b2_4-3-1-1,b2,4,3,1,1,omni-2943,3,16,5741,1.0,1.0,0.0,1,0.0,12,0.33314247174337275
task2/b2_4-3-1-1,b2,4,3,1,1,omni-577,"(16,4,1),(1,16,4)",16,13559,0.0,0.0,0.0,12,0.0625,12,0.3863378756433607
task2/b2_4-3-1-1,b2,4,3,1,1,omni-3023,9,16,6957,0.9375,1.0,1.0,2,0.0,12,0.322659172792014
task2/b2_4-3-1-1,b2,4,3,1,1,omni-4188,$\text { We conclude that } I\star (M\star O) = (O\star I)\star M \text { if } \triangle IMO \text{ is positively oriented and is isosceles with } OI = OM \text { and } \angle IOM=\frac{2\pi}{3}.$,16,8238,0.0,0.0,0.0,5,0.0,12,0.516375528843487
task2/b2_4-3-1-1,b2,4,3,1,1,omni-1140,20,16,4299,0.3125,1.0,1.0,5,0.0,12,0.5736649091520355
task2/b2_4-3-1-1,b2,4,3,1,1,omni-809,96,16,9957,0.125,1.0,1.0,13,0.0,12,0.46905643835541055
task2/b2_4-3-1-1,b2,4,3,1,1,omni-1675,21,16,10341,0.375,1.0,1.0,7,0.0,12,0.48923554198860475
task2/b2_4-3-1-1,b2,4,3,1,1,omni-3267,"(j,k) = (2019, 1010)",16,8420,0.0,0.0,0.0,8,0.0,12,0.36446545405172204
task2/b2_4-3-1-1,b2,4,3,1,1,omni-1816,35,16,5679,0.0,0.0,0.0,7,0.0,12,0.3884476818072537
task2/b2_4-3-1-1,b2,4,3,1,1,omni-4008,-\frac{1}{8},16,11504,0.875,1.0,1.0,2,0.0,12,0.3187128701411262
task2/b2_4-3-1-1,b2,4,3,1,1,omni-2356,1006,16,8116,0.625,1.0,1.0,4,0.0,12,0.28008961561627504
task2/b2_4-3-1-1,b2,4,3,1,1,omni-1551,-18910,16,5384,0.0,0.0,0.0,5,0.0,12,0.6671485108686225
task2/b2_4-3-1-1,b2,4,3,1,1,omni-1225,"r = 4, s = 5",16,10071,0.9375,1.0,1.0,2,0.0,12,0.2815098431233007
task2/b2_4-3-1-1,b2,4,3,1,1,omni-1762,\log _{2} 2015-1,16,8950,0.5,1.0,1.0,9,0.0,12,0.5163794069745
task2/b2_4-3-1-1,b2,4,3,1,1,omni-944,5,16,9178,0.0,0.0,0.0,3,0.0,12,0.37285624145854945
task2/b2_4-3-1-1,b2,4,3,1,1,omni-1806,1,16,3601,0.75,1.0,1.0,4,0.0,12,0.5667632116487326
task2/b2_4-3-1-1,b2,4,3,1,1,omni-370,14,16,5412,0.9375,1.0,1.0,2,0.0,12,0.3980937232648368
task2/b2_4-3-1-1,b2,4,3,1,1,omni-749,\frac{2}{3},16,5425,0.0,0.0,0.0,3,0.0,12,0.467641890478258
task2/b2_4-3-1-1,b2,4,3,1,1,omni-3925,"$(p,n)=(p,p),(2,4)$",16,8106,0.125,1.0,1.0,11,0.0,12,0.6478811742610249
task2/b2_4-3-1-1,b2,4,3,1,1,omni-1809,\frac{1+\sqrt{5}}{2},16,8429,1.0,1.0,0.0,1,0.0,12,0.21935178428680535
task2/b2_4-3-1-1,b2,4,3,1,1,omni-322,The only possible value for the center is \( 18 \).,16,8520,0.0,0.0,0.0,6,0.0,12,0.48469976684450894
task2/b2_4-3-1-1,b2,4,3,1,1,omni-475,144,16,5812,0.0,0.0,0.0,2,0.0,12,0.4425973076342972
task2/b2_4-3-1-1,b2,4,3,1,1,omni-1432,\frac{1005}{1006},16,9463,0.0,0.0,0.0,4,0.0,12,0.6052117547741681
task2/b2_4-3-1-1,b2,4,3,1,1,omni-2055,27,16,5724,0.0,0.0,0.0,7,0.0,12,0.5601713742843542
task2/b2_4-3-1-1,b2,4,3,1,1,omni-1104,283,16,13925,0.0,0.0,0.0,6,0.0,12,0.41245737216975803
task2/b2_4-3-1-1,b2,4,3,1,1,omni-3178,"The coordinates of $R(x,y)$ are $(x+n,y)$.",16,7804,0.0,0.0,0.0,4,0.0,12,0.614539183121932
task2/b2_4-3-1-1,b2,4,3,1,1,omni-1827,"Two continuous arcs from the circle with diameter 4,4",16,5464,0.0,0.0,0.0,3,0.0,12,0.28883121401034195
task2/b2_4-3-1-1,b2,4,3,1,1,omni-3648,f(x) = \frac{1}{x},16,9704,0.375,1.0,1.0,5,0.0,12,0.4396467182206519
task2/b2_4-3-1-1,b2,4,3,1,1,omni-318,\[ 36 \],16,6418,0.0,0.0,0.0,4,0.0,12,0.4741585696823323
task2/b2_4-3-1-1,b2,4,3,1,1,omni-683,\frac{216 \pi^{3}-2187 \sqrt{3}}{8 \pi^{2}},16,9595,0.0,0.0,0.0,9,0.0,12,0.48604750190337104
task2/b2_4-3-1-1,b2,4,3,1,1,omni-19,69,16,8051,0.0,0.0,0.0,5,0.0,12,0.3927016897233287
task2/b2_4-3-1-1,b2,4,3,1,1,omni-1492,"(0,0) \text{ and } (1,1)",16,7783,0.75,1.0,1.0,4,0.0,12,0.55102475529131
task2/b2_4-3-1-1,b2,4,3,1,1,omni-948,\frac{224}{243},16,4417,0.0,0.0,0.0,10,0.0,12,0.42045803598731607
task2/b2_4-3-1-1,b2,4,3,1,1,omni-152,A positive integral solution exists.,16,6564,0.0,0.0,0.0,2,0.0,12,0.5728303362690094
task2/b2_4-3-1-1,b2,4,3,1,1,omni-4050,f(x) = c \log(x) \text{ or } f(x) = cx^k.,16,8129,0.0,0.0,0.0,9,0.0,12,0.4936302278401998
task2/b2_4-3-1-1,b2,4,3,1,1,omni-72,\lceil \frac{n}{t} \rceil,16,5803,0.5,1.0,1.0,3,0.0,12,0.41614287825496965
task2/b2_4-3-1-1,b2,4,3,1,1,omni-2770,80,16,4680,0.0,0.0,0.0,6,0.0,12,0.4198246379315907
task2/b2_4-3-1-1,b2,4,3,1,1,omni-3234,\frac{1}{3},16,11982,0.3125,1.0,1.0,5,0.0,12,0.5064846016166659
task2/b2_4-3-1-1,b2,4,3,1,1,omni-1471,30,16,3577,1.0,1.0,0.0,1,0.0,12,0.41635248991378654
task2/b2_4-3-1-1,b2,4,3,1,1,omni-890,240,16,9507,0.0,0.0,0.0,6,0.0,12,0.6236084680079289
task2/b2_4-3-1-1,b2,4,3,1,1,omni-4077,$\boxed{2^{19} \cdot 3^{10} \cdot 5^{4} \cdot 3^{3} \cdot 11\cdot 13\cdot 17\cdot 19}$,16,11325,0.0,0.0,0.0,14,0.0,12,0.5816085393065918
task2/b2_4-3-1-1,b2,4,3,1,1,omni-539,12,16,6164,0.0,0.0,0.0,9,0.0,12,0.4908517085880418
task2/b2_4-3-1-1,b2,4,3,1,1,omni-4251,"{x \in \mathbb{Z} \cup \bigcup_{n = 1} ^{\infty} (n, \sqrt{(n-1)^2 + 1} + 1)}",16,9628,0.125,1.0,1.0,14,0.0,12,0.6097854619384355
task2/b2_4-3-1-1,b2,4,3,1,1,omni-1803,f(x) = \lfloor x \rfloor,16,9433,0.0,0.0,0.0,4,0.0,12,0.6257949852499837
task2/b2_4-3-1-1,b2,4,3,1,1,omni-1652,\frac{19}{18},16,7849,0.0625,1.0,1.0,11,0.0,12,0.3888926779909945
task2/b2_4-3-1-1,b2,4,3,1,1,omni-3096,236,16,5689,1.0,1.0,0.0,1,0.0,12,0.3237022611478173
task2/b2_4-3-1-1,b2,4,3,1,1,omni-4269,"\tan(\sin x) > \sin(\tan x) \text{ for } x \in \left(0, \frac{\pi}{2}\right)",16,8360,0.0,0.0,0.0,3,0.0,12,0.46881541266434423
task2/b2_4-3-1-1,b2,4,3,1,1,omni-2607,7174,16,11191,0.0,0.0,0.0,13,0.0,12,0.38950768206513947
task2/b2_4-3-1-1,b2,4,3,1,1,omni-3853,3,16,7529,0.1875,1.0,1.0,6,0.0,12,0.4689749773991489
task2/b2_4-3-1-1,b2,4,3,1,1,omni-1316,2003,16,6318,1.0,1.0,0.0,1,0.0,12,0.40002485551562456
task2/b2_4-3-1-1,b2,4,3,1,1,omni-275,The function \( f(x) = kx \) for any real value of \( k \).,16,8773,0.0,0.0,0.0,4,0.0,12,0.4881881798034918
task2/b2_4-3-1-1,b2,4,3,1,1,omni-3422,4^{7},16,5552,1.0,1.0,0.0,1,0.0,12,0.36859452483267435
task2/b2_4-3-1-1,b2,4,3,1,1,omni-537,33^{\circ},16,5654,0.0,0.0,0.0,5,0.0,12,0.6356722146133831
task2/b2_4-3-1-1,b2,4,3,1,1,omni-1043,20,16,22476,0.0,0.0,0.0,6,0.0,12,0.09897821418414565
task2/b2_4-3-1-1,b2,4,3,1,1,omni-1154,\frac{4}{9},16,7723,0.0,0.0,0.0,3,0.0,12,0.5543830598548213
task2/b2_4-3-1-1,b2,4,3,1,1,omni-3167,2\sqrt{2} - 1,16,8919,0.0,0.0,0.0,8,0.0,12,0.4378218799104215
task2/b2_4-3-1-1,b2,4,3,1,1,omni-862,403,16,6980,0.0625,1.0,1.0,8,0.0,12,0.4305392019053682
task2/b2_4-3-1-1,b2,4,3,1,1,omni-2767,44,16,6687,0.0,0.0,0.0,11,0.0,12,0.4434878329040162
task2/b2_4-3-1-1,b2,4,3,1,1,omni-3211,\frac{\pi \log(2)}{8},16,15474,0.0,0.0,0.0,6,0.0,12,0.33276820792385725
task2/b2_4-3-1-1,b2,4,3,1,1,omni-3982,4,16,9406,0.4375,1.0,1.0,5,0.0625,12,0.6314665074725522
task2/b2_4-3-1-1,b2,4,3,1,1,omni-4154,"(p, x, y) \in \{(3, 2, 5), (3, 5, 2)\} \cup \{(2, n, 2^k - n) \mid 0 < n < 2^k\}",16,9546,0.0,0.0,0.0,6,0.0,12,0.5059317914309008
task2/b2_4-3-1-1,b2,4,3,1,1,omni-812,433755,16,6160,0.0,0.0,0.0,3,0.0,12,0.28645109981397104
task2/b2_4-3-1-1,b2,4,3,1,1,omni-4068,\lambda \ge \frac{1}{n-1},16,5208,0.0,0.0,0.0,5,0.0,12,0.6468421529834787
task2/b2_4-3-1-1,b2,4,3,1,1,omni-240,The composite positive integers \( n \) for which it is possible to arrange all divisors of \( n \) that are greater than 1 in a circle so that no two adjacent divisors are relatively prime are those \( n \) that are not of the form \( pq \) where \( p \) and \( q \) are distinct primes.,16,7578,0.0,0.0,0.0,13,0.0,12,0.5534990783746122
task2/b2_4-3-1-1,b2,4,3,1,1,omni-1173,Yes,16,10646,0.0,0.0,0.0,1,0.0,12,0.3995895527474475
task2/b2_4-3-1-1,b2,4,3,1,1,omni-3980,m \text{ is a prime number},16,7732,0.0625,1.0,1.0,10,0.0,12,0.6683398633364318
task2/b2_4-3-1-1,b2,4,3,1,1,omni-2308,210,16,4758,0.0,0.0,0.0,7,0.0,12,0.5526260124157331
task2/b2_4-3-1-1,b2,4,3,1,1,omni-604,\frac{16}{3},16,12472,0.0625,1.0,1.0,7,0.0,12,0.3714457277139633
task2/b2_4-3-1-1,b2,4,3,1,1,omni-3907,\frac{1}{4},16,8972,0.0625,1.0,1.0,3,0.0,12,0.4327129391237215
task2/b2_4-3-1-1,b2,4,3,1,1,omni-9,561,16,3820,0.0,0.0,0.0,5,0.0,12,0.4730429624254436
task2/b2_4-3-1-1,b2,4,3,1,1,omni-1954,32,16,6295,0.0625,1.0,1.0,8,0.0,12,0.5747028574430088
task2/b2_4-3-1-1,b2,4,3,1,1,omni-893,1024,16,4584,1.0,1.0,0.0,1,0.0,12,0.3733426421663619
task2/b2_4-3-1-1,b2,4,3,1,1,omni-3645,19,16,7991,0.625,1.0,1.0,3,0.0,12,0.5396412033939085
task2/b2_4-3-1-1,b2,4,3,1,1,omni-1529,\frac{79}{20},16,5232,0.0,0.0,0.0,3,0.0,12,0.4816748606851721
task2/b2_4-3-1-1,b2,4,3,1,1,omni-316,\[ f(x) = x + 1 \],16,11598,0.625,1.0,1.0,6,0.0,12,0.3271094585720689
task2/b2_4-3-1-1,b2,4,3,1,1,omni-3435,7,16,6635,1.0,1.0,0.0,1,0.0,12,0.3502155009036662
task2/b2_4-3-1-1,b2,4,3,1,1,omni-3984,3 \text{ and } 4,16,11710,0.375,1.0,1.0,4,0.0,12,0.3710722786712359
task2/b2_4-3-1-1,b2,4,3,1,1,omni-3047,28,16,7487,0.5625,1.0,1.0,6,0.0,12,0.33960000485105013
task2/b2_4-3-1-1,b2,4,3,1,1,omni-4376,\text{Yes},16,11007,0.5625,1.0,1.0,3,0.0,12,0.4441732460061292
task2/b2_4-3-1-1,b2,4,3,1,1,omni-3032,3,16,4106,1.0,1.0,0.0,1,0.0,12,0.40593889820309287
task2/b2_4-3-1-1,b2,4,3,1,1,omni-1725,16,16,8587,0.0,0.0,0.0,13,0.0,12,0.28658055231954127
task2/b2_4-3-1-1,b2,4,3,1,1,omni-589,There is no such function \( f: S \rightarrow S \).,16,8991,0.0,0.0,0.0,4,0.0,12,0.3212508397704286
task2/b2_4-3-1-1,b2,4,3,1,1,omni-826,\frac{\sqrt{30}}{2},16,8158,0.0,0.0,0.0,9,0.0,12,0.39841293768855274
task2/b2_4-3-1-1,b2,4,3,1,1,omni-1296,2002,16,8255,0.6875,1.0,1.0,5,0.0,12,0.42878175772177257
task2/b2_4-3-1-1,b2,4,3,1,1,omni-108,41,16,12801,0.0,0.0,0.0,6,0.0,12,0.7034263971249027
task2/b2_4-3-1-1,b2,4,3,1,1,omni-1256,41,16,5791,0.4375,1.0,1.0,6,0.0,12,0.7439766242006094
task2/b2_4-3-1-1,b2,4,3,1,1,omni-1967,6,16,4310,0.0,0.0,0.0,2,0.0,12,0.6101689492123236
task2/b2_4-3-1-1,b2,4,3,1,1,omni-3394,4,16,3115,1.0,1.0,0.0,1,0.0,12,0.3995040693682769
task2/b2_4-3-1-1,b2,4,3,1,1,omni-3671,\frac{1}{2^{1007}},16,6752,0.0,0.0,0.0,4,0.0,12,0.48794436544633996
task2/b2_4-3-1-1,b2,4,3,1,1,omni-523,(2i-1)/4,16,8284,0.0,0.0,0.0,7,0.0,12,0.3153768948679208
task2/b2_4-3-1-1,b2,4,3,1,1,omni-4051,f(x) = 2x \text{ and } f(x) = 0,16,9115,0.3125,1.0,1.0,6,0.0,12,0.5647466516859659
task2/b2_4-3-1-1,b2,4,3,1,1,omni-1069,2048,16,3710,0.0,0.0,0.0,2,0.0,12,0.5176376873889691
task2/b2_4-3-1-1,b2,4,3,1,1,omni-4328,"f(x) = \begin{cases}
-(1-x)^c + 1 &\text{ if $x < 1$} \\
1 &\text{ if $x = 1$} \\
k(x-1)^c + 1 &\text{ if $x > 1$}
\end{cases}, \text{ for some real constants }c \geq 0, k > 0",16,13628,0.5625,1.0,1.0,15,0.0,12,0.40700075246609263
task2/b2_4-3-1-1,b2,4,3,1,1,omni-820,54^{\circ},16,5373,0.25,1.0,1.0,4,0.0,12,0.47483732018582087
task2/b2_4-3-1-1,b2,4,3,1,1,omni-2101,1019088,16,5789,0.0,0.0,0.0,4,0.0,12,0.2827007608649796
task2/b2_4-3-1-1,b2,4,3,1,1,omni-346,\[ A = -7 \],16,13557,0.0625,1.0,1.0,16,0.0,12,0.3602787659918898
task2/b2_4-3-1-1,b2,4,3,1,1,omni-3757,\frac{2}{5} \cdot 9^n - \frac{2}{5} \cdot (-1)^n,16,4345,0.0,0.0,0.0,3,0.0,12,0.4752290047359277
task2/b2_4-3-1-1,b2,4,3,1,1,omni-1134,23/144,16,7022,0.0,0.0,0.0,13,0.0,12,0.42091936307977645
task2/b2_4-3-1-1,b2,4,3,1,1,omni-292,"There does not exist a strictly increasing eight-term arithmetic progression \(a_{1}, \ldots, a_{8}\) of odd positive integers such that \(r(a_{1}), \ldots, r(a_{8})\) is an arithmetic progression in that order.",16,7635,0.0,0.0,0.0,1,0.0,12,0.6457795006975814
task2/b2_4-3-1-1,b2,4,3,1,1,omni-1062,45,16,7202,0.0,0.0,0.0,9,0.0,12,0.8293879848515249
task2/b2_4-3-1-1,b2,4,3,1,1,omni-4284,\text{Yes},16,6816,0.75,1.0,1.0,2,0.0,12,0.5108811720654444
task2/b2_4-3-1-1,b2,4,3,1,1,omni-814,1,16,8027,1.0,1.0,0.0,1,0.0,12,0.5088931384183798
task2/b2_4-3-1-1,b2,4,3,1,1,omni-3494,15,16,6632,0.0625,1.0,1.0,7,0.0,12,0.5002328172836229
task2/b2_4-3-1-1,b2,4,3,1,1,omni-693,29,16,10155,0.0,0.0,0.0,6,0.0,12,0.39788665158532543
task2/b2_4-3-1-1,b2,4,3,1,1,omni-2374,2^{2013}-6036,16,13297,0.5625,1.0,1.0,5,0.0,12,0.44988219910372845
task2/b2_4-3-1-1,b2,4,3,1,1,omni-2137,12345,16,9891,0.0,0.0,0.0,14,0.0,12,0.2688199957041854
task2/b2_4-3-1-1,b2,4,3,1,1,omni-4072,$\text{第二个玩家有获胜策略，当且仅当} \displaystyle n \leq \varphi k \text{和}  \displaystyle k \leq \varphi n \text{而且}  \displaystyle \varphi=\frac{\sqrt{5}+1}{2}$,16,5548,0.0,0.0,0.0,7,0.0,12,0.4472052995624589
task2/b2_4-3-1-1,b2,4,3,1,1,omni-2962,8 \text{ p.m. on Saturday},16,2835,1.0,1.0,0.0,1,0.0,12,0.3243588836099657
task2/b2_4-3-1-1,b2,4,3,1,1,omni-4058,\text{No},16,9013,0.75,1.0,1.0,2,0.0,12,0.4983714949580185
task2/b2_4-3-1-1,b2,4,3,1,1,omni-2636,2530,16,3801,0.0,0.0,0.0,2,0.0,12,0.4668069544997728
task2/b2_4-3-1-1,b2,4,3,1,1,omni-543,48,16,4437,0.0625,1.0,1.0,7,0.0,12,0.5391956974891513
task2/b2_4-3-1-1,b2,4,3,1,1,omni-1219,\frac{19}{28},16,7936,0.0,0.0,0.0,11,0.0,12,0.3860281300031653
task2/b2_4-3-1-1,b2,4,3,1,1,omni-742,2402,16,12722,0.8125,1.0,1.0,2,0.0625,12,0.5249808622197145
task2/b2_4-3-1-1,b2,4,3,1,1,omni-3950,2^n - 1,16,6243,0.0,0.0,0.0,4,0.0,12,0.4952564569723901
task2/b2_4-3-1-1,b2,4,3,1,1,omni-4042,f(x) = c \text{ for any } c > 0.,16,8529,0.0,0.0,0.0,14,0.0,12,0.5992256773124022
task2/b2_4-3-1-1,b2,4,3,1,1,omni-1957,60\left(1-\left(\frac{1}{10}\right)^{\frac{1}{9}}\right),16,11018,0.0,0.0,0.0,3,0.0,12,0.2689734953234369
task2/b2_4-3-1-1,b2,4,3,1,1,omni-4029,"\text{For } n = 3, \text{ it is not possible. For } n = 2, \text{ it is possible.}",16,5208,0.0,0.0,0.0,6,0.0,12,0.5692032626235697
task2/b2_4-3-1-1,b2,4,3,1,1,omni-3759,2,16,6820,0.875,1.0,1.0,2,0.0,12,0.6008043574098755
task2/b2_4-3-1-1,b2,4,3,1,1,omni-2839,9,16,12632,0.0,0.0,0.0,6,0.0,12,0.22168741158721592
task2/b2_4-3-1-1,b2,4,3,1,1,omni-2427,199 \pi,16,3295,1.0,1.0,0.0,1,0.0,12,0.3733101394582878
task2/b2_4-3-1-1,b2,4,3,1,1,omni-3641,f(n) = 1 \text{ for all } n \in \mathbb{N} \text{ or } f(n) = n^2 \text{ for all } n \in \mathbb{N}.,16,8902,0.0,0.0,0.0,5,0.0,12,0.5569969760551202
task2/b2_4-3-1-1,b2,4,3,1,1,omni-2092,\frac{189}{2},16,8102,0.0,0.0,0.0,3,0.0,12,0.31001881518130886
task2/b2_4-3-1-1,b2,4,3,1,1,omni-2501,20,16,10554,0.1875,1.0,1.0,7,0.0625,12,0.7168041300768841
task2/b2_4-3-1-1,b2,4,3,1,1,omni-3401,62\%,16,1861,1.0,1.0,0.0,1,0.0,12,0.3465605574980575
task2/b2_4-3-1-1,b2,4,3,1,1,omni-2658,648,16,5902,0.0,0.0,0.0,6,0.0,12,0.5354647856192484
task2/b2_4-3-1-1,b2,4,3,1,1,omni-2829,8,16,1963,1.0,1.0,0.0,1,0.0,12,0.4454682925968006
task2/b2_4-3-1-1,b2,4,3,1,1,omni-1703,105,16,5979,1.0,1.0,0.0,1,0.0,12,0.3953321977457322
task2/b2_4-3-1-1,b2,4,3,1,1,omni-3317,23097,16,7753,0.0,0.0,0.0,6,0.0,12,0.5128225882028012
task2/b2_4-3-1-1,b2,4,3,1,1,omni-1144,1/5,16,13301,0.375,1.0,1.0,9,0.0,12,0.325293127503637
task2/b2_4-3-1-1,b2,4,3,1,1,omni-2704,9 \mathrm{~km} / \mathrm{h},16,6035,1.0,1.0,0.0,1,0.0,12,0.39611227816372785
task2/b2_4-3-1-1,b2,4,3,1,1,omni-3626,2k - 1,16,5071,0.0,0.0,0.0,4,0.0,12,0.4432781137584669
task2/b2_4-3-1-1,b2,4,3,1,1,omni-4043,"(a, a+1)",16,13082,0.0,0.0,0.0,11,0.0,12,0.4325164222284364
task2/b2_4-3-1-1,b2,4,3,1,1,omni-1167,\frac{A B^{2}}{A C^{2}},16,4353,0.0625,1.0,1.0,10,0.0,12,0.620681535848777
task2/b2_4-3-1-1,b2,4,3,1,1,omni-2469,\sqrt[4]{2},16,4646,1.0,1.0,0.0,2,0.0,12,0.33628401325477414
task2/b2_4-3-1-1,b2,4,3,1,1,omni-750,89,16,7241,1.0,1.0,0.0,1,0.0,12,0.2963688514695719
task2/b2_4-3-1-1,b2,4,3,1,1,omni-270,"The minimal total penalty a player can amass is:
\[ \min(BW, 2WR, 3RB) \]

The number of optimal strategies is:
- If \( BW \neq 2WR \neq 3RB \), there is \( 1 \) optimal strategy.
- If \( BW = 2WR < 3RB \), there are \( W+1 \) strategies.
- If \( 2WR = 3RB < BW \), there are \( R+1 \) strategies.
- If \( 3RB = BW < 2WR \), there are \( B+1 \) strategies.
- If \( BW = 2WR = 3RB \), there are \( R+B+W \) strategies.",16,9837,0.0,0.0,0.0,12,0.0625,12,0.3960736279021149
task2/b2_4-3-1-1,b2,4,3,1,1,omni-657,1545,16,13117,0.0,0.0,0.0,15,0.0,12,0.35349520475805174
task2/b2_4-3-1-1,b2,4,3,1,1,omni-2254,"(30,92) \text{ OR } (92,30)",16,19048,0.0,0.0,0.0,9,0.0,12,0.26055096755134205
task2/b2_4-3-1-1,b2,4,3,1,1,omni-2746,1: 2,16,5928,1.0,1.0,0.0,1,0.0,12,0.2613435029616998
task2/b2_4-3-1-1,b2,4,3,1,1,omni-1396,f(n)=\left\{\begin{array}{cl} 0 & \text { if } n \text { is even } \\ \frac{1}{2 n} & \text { if } n \text { is odd } \end{array}\right.,16,10848,0.0,0.0,0.0,6,0.0,12,0.387040994779906
task2/b2_4-3-1-1,b2,4,3,1,1,omni-606,1+\sqrt{\frac{7}{15}},16,10336,0.0,0.0,0.0,6,0.0,12,0.4149199767724827
task2/b2_4-3-1-1,b2,4,3,1,1,omni-950,\binom{100}{50} 2^{98},16,4382,0.0,0.0,0.0,8,0.0,12,0.3574580338638423
task2/b2_4-3-1-1,b2,4,3,1,1,omni-500,28,16,6919,0.0,0.0,0.0,5,0.0,12,0.656666154086264
task2/b2_4-3-1-1,b2,4,3,1,1,omni-2466,3680,16,9332,0.8125,1.0,1.0,4,0.0,12,0.35899756025371965
task2/b2_4-3-1-1,b2,4,3,1,1,omni-1633,323,16,5092,0.0625,1.0,1.0,6,0.0,12,0.2875777169415411
task2/b2_4-3-1-1,b2,4,3,1,1,omni-1326,714,16,5748,0.0,0.0,0.0,2,0.0,12,0.4736403208724806
task2/b2_4-3-1-1,b2,4,3,1,1,omni-3863,59,16,4789,0.0,0.0,0.0,7,0.0,12,0.5526059970920112
task2/b2_4-3-1-1,b2,4,3,1,1,omni-101,7,16,4241,0.0,0.0,0.0,1,0.0,12,0.24906743816569202
task2/b2_4-3-1-1,b2,4,3,1,1,omni-3947,(2n-1)!!,16,5180,0.0,0.0,0.0,6,0.0,12,0.4562315846424057
task2/b2_4-3-1-1,b2,4,3,1,1,omni-661,3 \sqrt{3} / 2,16,5107,0.0,0.0,0.0,3,0.0,12,0.29639352390046086
task2/b2_4-3-1-1,b2,4,3,1,1,omni-3101,33,16,8518,0.1875,1.0,1.0,8,0.0,12,0.29111192907654887
task2/b2_4-3-1-1,b2,4,3,1,1,omni-2123,\frac{21}{2},16,7789,0.0625,1.0,1.0,5,0.0,12,0.700520874370307
task2/b2_4-3-1-1,b2,4,3,1,1,omni-2670,19,16,3223,1.0,1.0,0.0,1,0.0,12,0.3067228036940392
task2/b2_4-3-1-1,b2,4,3,1,1,omni-120,199,16,15068,0.0,0.0,0.0,3,0.0,12,0.5959851450557858
task2/b2_4-3-1-1,b2,4,3,1,1,omni-801,\frac{116}{35},16,12333,0.0,0.0,0.0,5,0.0625,12,0.2899403918937557
task2/b2_4-3-1-1,b2,4,3,1,1,omni-3896,"2, 3, 4, 6, 8, 12, 24",16,12392,0.0,0.0,0.0,9,0.0,12,0.4052648964596206
task2/b2_4-3-1-1,b2,4,3,1,1,omni-1092,192,16,6518,0.0,0.0,0.0,2,0.0,12,0.46504175517006047
task2/b2_4-3-1-1,b2,4,3,1,1,omni-333,77,16,12576,0.0,0.0,0.0,10,0.0,12,0.3942545145777614
task2/b2_4-3-1-1,b2,4,3,1,1,omni-3567,y = -\frac{1}{4},16,7833,0.0,0.0,0.0,11,0.0,12,0.5297856719886632
task2/b2_4-3-1-1,b2,4,3,1,1,omni-1237,20,16,9643,0.9375,1.0,1.0,2,0.0,12,0.22644634818619902
task2/b2_4-3-1-1,b2,4,3,1,1,omni-337,\[ x = 4 \],16,7158,1.0,1.0,0.0,1,0.0,12,0.5282484236782854
task2/b2_4-3-1-1,b2,4,3,1,1,omni-2403,\frac{5}{7},16,7482,0.0,0.0,0.0,6,0.0,12,0.3517580262496629
task2/b2_4-3-1-1,b2,4,3,1,1,omni-580,7,16,11190,0.4375,1.0,1.0,3,0.0,12,0.46067521208431556
task2/b2_4-3-1-1,b2,4,3,1,1,omni-3941,"(2,2)(3,3)(1,2)(2,1)(2,3)(3,2)",16,10053,0.0,0.0,0.0,9,0.0,12,0.5528947026727562
task2/b2_4-3-1-1,b2,4,3,1,1,omni-309,"The simple modules of \( A \) are the 1-dimensional modules \( S_i \) for \( 1 \leq i \leq n \), where \( E_{ii} \) acts by 1 and \( E_{ij}, E_{jj} \) act by 0 for \( j \neq i \).",16,6093,0.0,0.0,0.0,9,0.0,12,0.4873761510292463
task2/b2_4-3-1-1,b2,4,3,1,1,omni-1622,Even,16,9194,0.3125,1.0,1.0,3,0.0,12,0.4599541659472343
task2/b2_4-3-1-1,b2,4,3,1,1,omni-3674,"(2, 3) \text{ and } (6, 15)",16,9245,0.0,0.0,0.0,4,0.0,12,0.5311797354508642
task2/b2_4-3-1-1,b2,4,3,1,1,omni-3532,The sum diverges.,16,8479,0.0,0.0,0.0,4,0.0,12,0.5620595603871822
task2/b2_4-3-1-1,b2,4,3,1,1,omni-3260,160,16,2861,1.0,1.0,0.0,1,0.0,12,0.41994719694416355
task2/b2_4-3-1-1,b2,4,3,1,1,omni-1239,-6,16,8954,0.25,1.0,1.0,9,0.0,12,0.46935488490420574
task2/b2_4-3-1-1,b2,4,3,1,1,omni-2641,7,16,6583,0.9375,1.0,1.0,2,0.0,12,0.36640487105585473
task2/b2_4-3-1-1,b2,4,3,1,1,omni-290,\[ 4 \cdot 2007 - 3 = 8025 \],16,4977,0.0,0.0,0.0,8,0.0,12,0.49435092226763705
task2/b2_4-3-1-1,b2,4,3,1,1,omni-4231,$1\text{ for } n=1\text{ and } n^4-n^3\text{ for }n \ge 2$,16,5812,0.0,0.0,0.0,5,0.0,12,0.4233829682129138
task2/b2_4-3-1-1,b2,4,3,1,1,omni-3774,75^\circ,16,5203,0.0,0.0,0.0,1,0.0,12,0.5529941402612505
task2/b2_4-3-1-1,b2,4,3,1,1,omni-4243,"\[
\text{For all } n \geq 2.
\]",16,7129,0.0,0.0,0.0,9,0.0,12,0.40528257135821444
task2/b2_4-3-1-1,b2,4,3,1,1,omni-1913,\frac{1}{2},16,6411,0.0,0.0,0.0,1,0.0,12,0.41540820256004235
task2/b2_4-3-1-1,b2,4,3,1,1,omni-2146,\frac{15 \sqrt{37}-75}{4},16,9607,0.0,0.0,0.0,6,0.0,12,0.3637825046982192
task2/b2_4-3-1-1,b2,4,3,1,1,omni-2351,\frac{13}{3},16,11032,0.0,0.0,0.0,12,0.0,12,0.4737896281144722
task2/b2_4-3-1-1,b2,4,3,1,1,omni-668,41,16,7146,0.0,0.0,0.0,5,0.0,12,0.5981408186392158
task2/b2_4-3-1-1,b2,4,3,1,1,omni-385,1,16,9476,0.8125,1.0,1.0,2,0.0,12,0.5368130597623338
task2/b2_4-3-1-1,b2,4,3,1,1,omni-1597,"(995,1),(176,10),(80,21)",16,7807,0.0,0.0,0.0,9,0.0,12,0.39424419572328095
task2/b2_4-3-1-1,b2,4,3,1,1,omni-1041,\binom{43}{21}-1,16,7930,0.0,0.0,0.0,10,0.0,12,0.4763976536000332
task2/b2_4-3-1-1,b2,4,3,1,1,omni-3043,5,16,3439,1.0,1.0,0.0,1,0.0,12,0.45728300910930303
task2/b2_4-3-1-1,b2,4,3,1,1,omni-4260,"$\boxed{(1,2,1,0), (2,0,2,0), (2,1,2,0,0), (x-3,2,1,0,0,\ldots, 0,1,0,0,0)} \text{ for any } x \ge 6$",16,8364,0.0,0.0,0.0,10,0.0,12,0.5940140586767005
task2/b2_4-3-1-1,b2,4,3,1,1,omni-929,1149852,16,10469,0.0,0.0,0.0,7,0.0625,12,0.5489607703503788
task2/b2_4-3-1-1,b2,4,3,1,1,omni-1279,"\[
\sup \{V \mid V \text{ is good} \} = \frac{1}{4}
\]",16,4834,0.0,0.0,0.0,2,0.0,12,0.6266421264490202
task2/b2_4-3-1-1,b2,4,3,1,1,omni-2069,1026,16,14643,0.0,0.0,0.0,7,0.0,12,0.2863401529305459
task2/b2_4-3-1-1,b2,4,3,1,1,omni-2849,-y,16,1792,1.0,1.0,0.0,1,0.0,12,0.5513679535136995
task2/b2_4-3-1-1,b2,4,3,1,1,omni-26,n - 1,16,8235,0.0,0.0,0.0,3,0.0,12,0.4784962738211249
task2/b2_4-3-1-1,b2,4,3,1,1,omni-2484,25,16,6611,0.0,0.0,0.0,12,0.0,12,0.6681598502968149
task2/b2_4-3-1-1,b2,4,3,1,1,omni-776,178,16,10562,0.125,1.0,1.0,4,0.0,12,0.27418450960633933
task2/b2_4-3-1-1,b2,4,3,1,1,omni-3867,f(x) = -1 \text{ and } f(x) = x - 1.,16,13111,0.0625,1.0,1.0,13,0.0,12,0.4062149822173326
task2/b2_4-3-1-1,b2,4,3,1,1,omni-4270,"\[
a_{u+vn} = 
\begin{cases} 
0, & u+v \le n, \\ 
1, & u+v \ge n+1 
\end{cases} 
\quad \text{for all } 1 \le u \le n \text{ and } 0 \le v \le n.
\]
\[
\text{The terms can be arranged into blocks of length } n \text{ as}
\]
\[
\underbrace{(0 \cdots 0)}_{n} \underbrace{(0 \cdots 0 \ 1)}_{n-1} \underbrace{(0 \cdots 0 \ 1 \ 1)}_{n-2} \cdots \underbrace{(0 \cdots 0 \ 1 \cdots 1)}_{n-v} \underbrace{(0 \ 1 \cdots 1)}_{v} \cdots \underbrace{(0 \ 1 \cdots 1)}_{n-1} \underbrace{(1 \cdots 1)}_{n}.
\]",16,8317,0.1875,1.0,1.0,14,0.0,12,0.5811916671698416
task2/b2_4-3-1-1,b2,4,3,1,1,omni-2729,2,16,2859,1.0,1.0,0.0,1,0.0,12,0.4950702909303886
task2/b2_4-3-1-1,b2,4,3,1,1,omni-3669,12,16,8750,0.0625,1.0,1.0,5,0.0,12,0.5282602728734908
task2/b2_4-3-1-1,b2,4,3,1,1,omni-2384,257,16,5107,0.0,0.0,0.0,9,0.0,12,0.5466510391749168
task2/b2_4-3-1-1,b2,4,3,1,1,omni-3153,18,16,7998,0.0,0.0,0.0,6,0.0,12,0.3620111346205737
task2/b2_4-3-1-1,b2,4,3,1,1,omni-2130,64912347,16,5473,0.0,0.0,0.0,13,0.0,12,0.6406398489441626
task2/b2_4-3-1-1,b2,4,3,1,1,omni-3205,8,16,3065,0.0,0.0,0.0,3,0.0,12,0.4703978190874318
task2/b2_4-3-1-1,b2,4,3,1,1,omni-3691,P(x) = x + 1,16,7724,0.0,0.0,0.0,9,0.0,12,0.5358498693591439
task2/b2_4-3-1-1,b2,4,3,1,1,omni-1559,"-6,0,2,8",16,9033,0.0,0.0,0.0,4,0.0,12,0.6036869840920788
task2/b2_4-3-1-1,b2,4,3,1,1,omni-2724,181,16,9114,0.0,0.0,0.0,12,0.0,12,0.5532254016346955
task2/b2_4-3-1-1,b2,4,3,1,1,omni-218,"\[
\boxed{\left(\frac{c^2+c-1}{c^2}, \frac{c}{c-1}, c\right)}
\]",16,9099,0.0,0.0,0.0,3,0.0,12,0.4845980731960431
task2/b2_4-3-1-1,b2,4,3,1,1,omni-298,"The pairs of positive integers \((x, y)\) that satisfy the equation \(x^y = y^{x - y}\) are:

\[
(x, y) = (9, 3) \quad \text{and} \quad (x, y) = (8, 2)
\]",16,10794,0.0,0.0,0.0,7,0.0,12,0.39691380969925477
task2/b2_4-3-1-1,b2,4,3,1,1,omni-186,\text{There exist infinitely many such sets } A \text{ and } B.,16,9461,0.0,0.0,0.0,8,0.0,12,0.5489433409409312
task2/b2_4-3-1-1,b2,4,3,1,1,omni-2869,12,16,4464,0.9375,1.0,1.0,2,0.0,12,0.5825027814711076
task2/b2_4-3-1-1,b2,4,3,1,1,omni-2131,-\frac{2016}{2017},16,6659,0.0625,1.0,1.0,11,0.0,12,0.531119942894666
task2/b2_4-3-1-1,b2,4,3,1,1,omni-2804,20,16,7931,0.125,1.0,1.0,7,0.0,12,0.5297479349693741
task2/b2_4-3-1-1,b2,4,3,1,1,omni-3357,\log _{2008} 2009,16,8231,0.75,1.0,1.0,4,0.0,12,0.49213194325681303
task2/b2_4-3-1-1,b2,4,3,1,1,omni-3751,\frac{1}{99},16,10758,0.0,0.0,0.0,5,0.0,12,0.6539786583112522
task2/b2_4-3-1-1,b2,4,3,1,1,omni-2885,11,16,8348,0.125,1.0,1.0,9,0.0,12,0.48714702311213265
task2/b2_4-3-1-1,b2,4,3,1,1,omni-12,n \neq 5,16,7044,0.0,0.0,0.0,7,0.0,12,0.5246374876234271
task2/b2_4-3-1-1,b2,4,3,1,1,omni-258,\[ N = 2k^3 + 3k^2 + 3k \],16,9134,0.0,0.0,0.0,13,0.0,12,0.6091360189010293
task2/b2_4-3-1-1,b2,4,3,1,1,omni-1291,\frac{7}{33},16,5477,0.1875,1.0,1.0,11,0.0,12,0.47378151871321633
task2/b2_4-3-1-1,b2,4,3,1,1,omni-2556,\frac{91 \sqrt{3}}{4},16,14041,0.0,0.0,0.0,10,0.0,12,0.4279862394813138
task2/b2_4-3-1-1,b2,4,3,1,1,omni-3291,The length of the altitude of the tetrahedron from vertex \(A\) can be constructed as \(\sqrt{|A_BY'|^2 - |X'Y'|^2}\).,16,6494,0.0,0.0,0.0,3,0.0,12,0.41613531154040584
task2/b2_4-3-1-1,b2,4,3,1,1,omni-1560,4,16,7428,0.0,0.0,0.0,1,0.0,12,0.6884823003401798
task2/b2_4-3-1-1,b2,4,3,1,1,omni-3249,"$(a,b,c) = (9,8,7)$",16,5594,0.0,0.0,0.0,5,0.0,12,0.5168162841918676
task2/b2_4-3-1-1,b2,4,3,1,1,omni-4266,\text{Yes},16,4315,0.8125,1.0,1.0,3,0.0,12,0.6089466575444406
task2/b2_4-3-1-1,b2,4,3,1,1,omni-1685,\frac{2009}{2},16,7974,0.75,1.0,1.0,3,0.0,12,0.3674821249661319
task2/b2_4-3-1-1,b2,4,3,1,1,omni-3051,17,16,5510,1.0,1.0,0.0,1,0.0,12,0.2753677480994023
task2/b2_4-3-1-1,b2,4,3,1,1,omni-2223,\frac{2013}{2014},16,4630,0.0,0.0,0.0,3,0.0,12,0.23017323964531777
task2/b2_4-3-1-1,b2,4,3,1,1,omni-2208,\frac{39}{67},16,6124,0.0,0.0,0.0,1,0.0,12,0.5402959491482991
task2/b2_4-3-1-1,b2,4,3,1,1,omni-941,144,16,6837,0.125,1.0,1.0,7,0.0,12,0.6627405596741007
task2/b2_4-3-1-1,b2,4,3,1,1,omni-2479,36 \cdot 2^{2009}+36,16,9130,0.0,0.0,0.0,12,0.0,12,0.46739254179820694
task2/b2_4-3-1-1,b2,4,3,1,1,omni-3883,f(x) = 1 \text{ for all } x \in \mathbb{Q}_{>0}.,16,7273,0.3125,1.0,1.0,4,0.0,12,0.6570730270609054
task2/b2_4-3-1-1,b2,4,3,1,1,omni-2473,49,16,8779,0.125,1.0,1.0,4,0.0,12,0.39168089523483324
task2/b2_4-3-1-1,b2,4,3,1,1,omni-1810,"(3,3),(-4,-4),\left(\frac{1+3 \sqrt{5}}{2}, \frac{1-3 \sqrt{5}}{2}\right),\left(\frac{1-3 \sqrt{5}}{2}, \frac{1+3 \sqrt{5}}{2}\right)",16,10765,0.3125,1.0,1.0,11,0.0,12,0.5760018596059123
task2/b2_4-3-1-1,b2,4,3,1,1,omni-4002,\text{No},16,4470,0.0625,1.0,1.0,4,0.0,12,0.5399440763183816
task2/b2_4-3-1-1,b2,4,3,1,1,omni-1572,8+5 \sqrt{3},16,13595,0.0,0.0,0.0,5,0.0,12,0.49783003674306864
task2/b2_4-3-1-1,b2,4,3,1,1,omni-1697,65536,16,2596,1.0,1.0,0.0,1,0.0,12,0.5206627122382181
task2/b2_4-3-1-1,b2,4,3,1,1,omni-858,945,16,6062,1.0,1.0,0.0,1,0.0,12,0.31417184847161145
task2/b2_4-3-1-1,b2,4,3,1,1,omni-4083,{\frac{2\left(\sin\frac{\pi}{3\cdot 2^{99}}\right)\left(1-\cos\frac{\pi}{2^{98}}\right)}{\sin \frac{\pi}{2^{99}}}},16,8071,0.0,0.0,0.0,3,0.0,12,0.4437495223250804
task2/b2_4-3-1-1,b2,4,3,1,1,omni-4301,1023,16,5485,0.0,0.0,0.0,2,0.0,12,0.419088809023283
task2/b2_4-3-1-1,b2,4,3,1,1,omni-1843,2^{2000},16,9961,0.0,0.0,0.0,15,0.0,12,0.40987788400521413
task2/b2_4-3-1-1,b2,4,3,1,1,omni-3041,5,16,15637,0.875,1.0,1.0,2,0.0,12,0.28135808114781946
task2/b2_4-3-1-1,b2,4,3,1,1,omni-625,-26,16,10535,0.0,0.0,0.0,5,0.0,12,0.5655326199933308
task2/b2_4-3-1-1,b2,4,3,1,1,omni-167,The assertion is false; \( n = 25 \) is a counter-example.,16,7154,0.0,0.0,0.0,5,0.0,12,0.44492395942132507
task2/b2_4-3-1-1,b2,4,3,1,1,omni-2480,924,16,7087,0.0,0.0,0.0,9,0.0,12,0.5997209265942719
task2/b2_4-3-1-1,b2,4,3,1,1,omni-2736,20,16,2457,1.0,1.0,0.0,1,0.0,12,0.38610888745912586
task2/b2_4-3-1-1,b2,4,3,1,1,omni-1240,899,16,9194,0.5625,1.0,1.0,7,0.0,12,0.40644946626608985
task2/b2_4-3-1-1,b2,4,3,1,1,omni-3857,"{P(0) \in (-\infty,0)\cup \{1\} }",16,8849,0.0,0.0,0.0,1,0.0,12,0.4512551231865947
task2/b2_4-3-1-1,b2,4,3,1,1,omni-3140,777.5,16,13921,0.0,0.0,0.0,10,0.0,12,0.4782071406811543
task2/b2_4-3-1-1,b2,4,3,1,1,omni-3175,12,16,4701,0.0,0.0,0.0,11,0.0,12,0.5952851382237045
task2/b2_4-3-1-1,b2,4,3,1,1,omni-3731,\frac{y \pm \sqrt{y^2 - 4}}{2} \text{ where } y \text{ is an integer with } |y| \geq 2,16,7797,0.0,0.0,0.0,5,0.0,12,0.5565321710161445
task2/b2_4-3-1-1,b2,4,3,1,1,omni-1769,26,16,16728,0.0,0.0,0.0,8,0.0,12,0.4165738437805439
task2/b2_4-3-1-1,b2,4,3,1,1,omni-1193,7/15,16,16966,0.0,0.0,0.0,13,0.0,12,0.31972883008188163
task2/b2_4-3-1-1,b2,4,3,1,1,omni-251,\text{No solutions},16,10999,0.375,1.0,1.0,8,0.0,12,0.5339855405917512
task2/b2_4-3-1-1,b2,4,3,1,1,omni-643,\frac{9}{10},16,11785,0.0625,1.0,1.0,7,0.0,12,0.3316089714423077
task2/b2_4-3-1-1,b2,4,3,1,1,omni-1457,"There are two families of answers: (a) $a_{n}=c(n+2) n!$ for all $n \geq 1$ and $a_{0}=c+1$ for some integer $c \geq 2014$, and (b) $a_{n}=c(n+2) n!$ for all $n \geq 1$ and $a_{0}=c-1$ for some integer $c \geq 2016$.",16,8924,0.0625,1.0,1.0,14,0.0,12,0.6071674934531954
task2/b2_4-3-1-1,b2,4,3,1,1,omni-1677,\frac{55}{81},16,14194,0.0,0.0,0.0,15,0.0,12,0.32345290817411626
task2/b2_6-2-1-2,b2,6,2,1,2,omni-3155,n=2^k-1 \text{ for some integer } k\geq 1,30,24008,0.0,0.0,0.0,5,0.03333333333333333,24,0.3229549092863604
task2/b2_6-2-1-2,b2,6,2,1,2,omni-3904,"f(x) = C, \quad f(x) = \pm x + C, \quad \text{or} \quad f(x) = \pm x^3 + C",30,21645,0.0,0.0,0.0,9,0.0,24,0.340673630654787
task2/b2_6-2-1-2,b2,6,2,1,2,omni-2052,-\frac{1}{2},30,10783,0.8666666666666667,1.0,1.0,3,0.0,24,0.500508627839016
task2/b2_6-2-1-2,b2,6,2,1,2,omni-824,2005^{1002} / 2004!,30,18795,0.2,1.0,1.0,10,0.0,24,0.3023074597736007
task2/b2_6-2-1-2,b2,6,2,1,2,omni-2133,2017,30,7201,0.9333333333333333,1.0,1.0,2,0.0,24,0.5496821033494689
task2/b2_6-2-1-2,b2,6,2,1,2,omni-1998,\frac{5}{12},30,19142,0.0,0.0,0.0,16,0.0,24,0.3602274676861435
task2/b2_6-2-1-2,b2,6,2,1,2,omni-747,477,30,9466,0.0,0.0,0.0,8,0.0,24,0.5353474077756192
task2/b2_6-2-1-2,b2,6,2,1,2,omni-1022,1/2,30,27603,0.0,0.0,0.0,14,0.03333333333333333,24,0.2833846774605035
task2/b2_6-2-1-2,b2,6,2,1,2,omni-2597,13,30,20307,0.16666666666666666,1.0,1.0,14,0.0,24,0.6014226508619294
task2/b2_6-2-1-2,b2,6,2,1,2,omni-3903,"2, 128, 2000",30,17091,0.0,0.0,0.0,8,0.0,24,0.5456946755538855
task2/b2_6-2-1-2,b2,6,2,1,2,omni-4297,\text{Yes},30,13709,0.3,1.0,1.0,2,0.0,24,0.5255728340138756
task2/b2_6-2-1-2,b2,6,2,1,2,omni-4035,\text{Further combinatorial analysis required},30,14436,0.0,0.0,0.0,19,0.0,24,0.49000772074837906
task2/b2_6-2-1-2,b2,6,2,1,2,omni-1990,1481480,30,25258,0.0,0.0,0.0,17,0.0,24,0.4439720091267849
task2/b2_6-2-1-2,b2,6,2,1,2,omni-3490,8n,30,6762,1.0,1.0,0.0,1,0.0,24,0.4395790682730268
task2/b2_6-2-1-2,b2,6,2,1,2,omni-1019,\frac{11}{4},30,29252,0.0,0.0,0.0,14,0.0,24,0.2849565968874819
task2/b2_6-2-1-2,b2,6,2,1,2,omni-177,"\[ n = 2^{a+1} + 2^b, \quad a, b \ge 0 \]

Alternatively, this condition can be expressed as either \( n = 2^k, \, k \ge 2 \) or \( n \) is the sum of two distinct powers of 2.",30,13551,0.0,0.0,0.0,14,0.0,24,0.4106626736149977
task2/b2_6-2-1-2,b2,6,2,1,2,omni-3486,131,30,13897,0.9666666666666667,1.0,1.0,2,0.0,24,0.16615681818693098
task2/b2_6-2-1-2,b2,6,2,1,2,omni-3572,"(0, 0, 0)",30,17509,0.6666666666666666,1.0,1.0,11,0.0,24,0.4437619147844139
task2/b2_6-2-1-2,b2,6,2,1,2,omni-2937,15,30,9126,0.6333333333333333,1.0,1.0,4,0.0,24,0.32303447739014673
task2/b2_6-2-1-2,b2,6,2,1,2,omni-4337,1,30,14307,1.0,1.0,0.0,1,0.0,24,0.5270314974190832
task2/b2_6-2-1-2,b2,6,2,1,2,omni-4166,\text{yes},30,10104,0.9,1.0,1.0,2,0.0,24,0.5120340911655351
task2/b2_6-2-1-2,b2,6,2,1,2,omni-647,4,30,10026,0.9333333333333333,1.0,1.0,2,0.0,24,0.6323595974683075
task2/b2_6-2-1-2,b2,6,2,1,2,omni-2358,10,30,28864,0.03333333333333333,1.0,1.0,16,0.0,24,0.34475474047059823
task2/b2_6-2-1-2,b2,6,2,1,2,omni-1575,516,30,8815,0.0,0.0,0.0,20,0.0,24,0.550527338984702
task2/b2_6-2-1-2,b2,6,2,1,2,omni-3295,\[ k \neq 1 \],30,13037,0.03333333333333333,1.0,1.0,14,0.0,24,0.44827077433756096
task2/b2_6-2-1-2,b2,6,2,1,2,omni-3656,"(a, b, p, n) = (2^k, 2^k, 2, 2013k + 1)",30,15285,0.06666666666666667,1.0,1.0,14,0.0,24,0.5524243726489008
task2/b2_6-2-1-2,b2,6,2,1,2,omni-3824,(-1)^n 2^{n-1} d^n (2a + nd),30,16183,0.0,0.0,0.0,19,0.0,24,0.57848649156504
task2/b2_6-2-1-2,b2,6,2,1,2,omni-3420,Tuesday,30,7040,0.7,1.0,1.0,5,0.0,24,0.46292366273590696
task2/b2_6-2-1-2,b2,6,2,1,2,omni-974,1-\ln (e-1),30,12014,0.0,0.0,0.0,6,0.0,24,0.5664371664601309
task2/b2_6-2-1-2,b2,6,2,1,2,omni-666,\pi / 2,30,16827,0.9333333333333333,1.0,1.0,3,0.0,24,0.2761786229845389
task2/b2_6-2-1-2,b2,6,2,1,2,omni-2843,24,30,34842,0.03333333333333333,1.0,1.0,15,0.0,24,0.24285922136637494
task2/b2_6-2-1-2,b2,6,2,1,2,omni-2127,\frac{8}{17},30,13691,0.0,0.0,0.0,8,0.0,24,0.5333817522750984
task2/b2_6-2-1-2,b2,6,2,1,2,omni-4406,"{x=m\pi-\frac{\pi}{4}\ ,\ m\in Z}",30,15770,0.0,0.0,0.0,22,0.0,24,0.6632413004992698
task2/b2_6-2-1-2,b2,6,2,1,2,omni-2731,15,30,14589,0.3333333333333333,1.0,1.0,5,0.0,24,0.39454135530803164
task2/b2_6-2-1-2,b2,6,2,1,2,omni-1342,2013^{4025},30,12072,0.03333333333333333,1.0,1.0,13,0.0,24,0.5020010692038305
task2/b2_6-2-1-2,b2,6,2,1,2,omni-3916,\lceil \log_a d \rceil,30,12756,0.0,0.0,0.0,2,0.0,24,0.48728676607889154
task2/b2_6-2-1-2,b2,6,2,1,2,omni-3302,The game is winnable if and only if \( n > k \ge 2 \).,30,9971,0.0,0.0,0.0,12,0.0,24,0.4695040193533277
task2/b2_6-2-1-2,b2,6,2,1,2,omni-2761,15,30,9187,0.43333333333333335,1.0,1.0,7,0.0,24,0.489578612407873
task2/b2_6-2-1-2,b2,6,2,1,2,omni-2744,24,30,20352,0.0,0.0,0.0,8,0.0,24,0.491506270370561
task2/b2_6-2-1-2,b2,6,2,1,2,omni-3152,24,30,5302,1.0,1.0,0.0,1,0.0,24,0.31656218799164476
task2/b2_6-2-1-2,b2,6,2,1,2,omni-1779,5994,30,21983,0.0,0.0,0.0,30,0.0,24,0.48647795059227344
task2/b2_6-2-1-2,b2,6,2,1,2,omni-2936,2.2,30,10674,0.0,0.0,0.0,6,0.0,24,0.41202282225622583
task2/b2_6-2-1-2,b2,6,2,1,2,omni-1768,6,30,7999,0.0,0.0,0.0,3,0.0,24,0.4632057912394462
task2/b2_6-2-1-2,b2,6,2,1,2,omni-3996,121,30,12927,0.0,0.0,0.0,15,0.0,24,0.5599434685371829
task2/b2_6-2-1-2,b2,6,2,1,2,omni-4084,2^{n+1} - 2,30,15145,0.0,0.0,0.0,11,0.0,24,0.4312694788532165
task2/b2_6-2-1-2,b2,6,2,1,2,omni-2104,974,30,18210,0.03333333333333333,1.0,1.0,27,0.0,24,0.20766812125279235
task2/b2_6-2-1-2,b2,6,2,1,2,omni-332,Cathy can win if and only if \( n \leq 2^{k-1} \).,30,10118,0.0,0.0,0.0,8,0.0,24,0.4559249132702603
task2/b2_6-2-1-2,b2,6,2,1,2,omni-4136,"(x,y) = (11,1), (49,1), (7t^2,7t), t \text{ is an interge}",30,21094,0.0,0.0,0.0,17,0.0,24,0.6277099817463152
task2/b2_6-2-1-2,b2,6,2,1,2,omni-3492,60 \mathrm{~g},30,4973,0.9666666666666667,1.0,1.0,2,0.0,24,0.4588360865037599
task2/b2_6-2-1-2,b2,6,2,1,2,omni-1,1,30,7803,0.9,1.0,1.0,2,0.0,24,0.6184999308100588
task2/b2_6-2-1-2,b2,6,2,1,2,omni-3342,39601,30,26052,0.0,0.0,0.0,8,0.0,24,0.3202149339591655
task2/b2_6-2-1-2,b2,6,2,1,2,omni-454,132,30,8680,0.9,1.0,1.0,2,0.0,24,0.23650946026879793
task2/b2_6-2-1-2,b2,6,2,1,2,omni-2889,26,30,9225,1.0,1.0,0.0,1,0.0,24,0.3853919567954756
task2/b2_6-2-1-2,b2,6,2,1,2,omni-165,\[ 1 \],30,13910,0.6333333333333333,1.0,1.0,4,0.0,24,0.508370877488305
task2/b2_6-2-1-2,b2,6,2,1,2,omni-4016,"110,143,242,341,440,164,263,362,461,560,198,297,396,495,594,693,792,891,990",30,33401,0.0,0.0,0.0,23,0.0,24,0.3801239430709258
task2/b2_6-2-1-2,b2,6,2,1,2,omni-2406,60,30,13132,0.0,0.0,0.0,5,0.0,24,0.5074189206483418
task2/b2_6-2-1-2,b2,6,2,1,2,omni-2920,64,30,5777,0.9666666666666667,1.0,1.0,2,0.0,24,0.39880769030702584
task2/b2_6-2-1-2,b2,6,2,1,2,omni-1881,1516,30,23385,0.0,0.0,0.0,21,0.0,24,0.4166465919630466
task2/b2_6-2-1-2,b2,6,2,1,2,omni-3489,113,30,13308,0.0,0.0,0.0,9,0.0,24,0.4446699344172467
task2/b2_6-2-1-2,b2,6,2,1,2,omni-3659,501,30,11246,0.1,1.0,1.0,3,0.0,24,0.3628401832483917
task2/b2_6-2-1-2,b2,6,2,1,2,omni-2887,32,30,11791,0.9333333333333333,1.0,1.0,3,0.0,24,0.03890085767503188
task2/b2_6-2-1-2,b2,6,2,1,2,omni-81,\frac{97 \sqrt{2} + 40 \sqrt{3}}{15},30,16760,0.0,0.0,0.0,16,0.0,24,0.4551737151825586
task2/b2_6-2-1-2,b2,6,2,1,2,omni-1009,4,30,5954,0.0,0.0,0.0,4,0.0,24,0.4704940196741377
task2/b2_6-2-1-2,b2,6,2,1,2,omni-3445,2004,30,15160,0.4,1.0,1.0,5,0.0,24,0.29504417224959817
task2/b2_6-2-1-2,b2,6,2,1,2,omni-2933,42,30,9218,1.0,1.0,0.0,1,0.0,24,0.36628225353234295
task2/b2_6-2-1-2,b2,6,2,1,2,omni-4362,\text{No},30,9918,0.9666666666666667,1.0,1.0,2,0.0,24,0.7647055249113465
task2/b2_6-2-1-2,b2,6,2,1,2,omni-2898,16,30,5148,1.0,1.0,0.0,2,0.0,24,0.4099453783421568
task2/b2_6-2-1-2,b2,6,2,1,2,omni-510,\frac{13}{30},30,18029,0.0,0.0,0.0,11,0.0,24,0.2622678999984825
task2/b2_6-2-1-2,b2,6,2,1,2,omni-2664,4180,30,11242,1.0,1.0,0.0,1,0.0,24,0.21950849476911674
task2/b2_6-2-1-2,b2,6,2,1,2,omni-659,6,30,14349,0.5666666666666667,1.0,1.0,8,0.0,24,0.6450867530078624
task2/b2_6-2-1-2,b2,6,2,1,2,omni-2725,15,30,9139,1.0,1.0,0.0,1,0.0,24,0.3267102993629677
task2/b2_6-2-1-2,b2,6,2,1,2,omni-1983,\frac{4}{\sqrt{5}} \text{ OR } \frac{4 \sqrt{5}}{5},30,16124,0.0,0.0,0.0,3,0.0,24,0.5144354586345238
task2/b2_6-2-1-2,b2,6,2,1,2,omni-565,52,30,16369,0.0,0.0,0.0,9,0.0,24,0.3902618663898469
task2/b2_6-2-1-2,b2,6,2,1,2,omni-2257,\frac{\sqrt{6}}{2},30,14676,0.03333333333333333,1.0,1.0,5,0.0,24,0.6276993087173802
task2/b2_6-2-1-2,b2,6,2,1,2,omni-2927,4.309,30,6755,1.0,1.0,0.0,1,0.0,24,0.3014120995047582
task2/b2_6-2-1-2,b2,6,2,1,2,omni-132,\text{There are infinitely many positive integers } n \text{ such that } d(n!) - 1 \text{ is a composite number.},30,14196,0.7666666666666667,1.0,1.0,5,0.0,24,0.46459898581429077
task2/b2_6-2-1-2,b2,6,2,1,2,omni-509,96,30,11216,0.0,0.0,0.0,7,0.0,24,0.3805215625171819
task2/b2_6-2-1-2,b2,6,2,1,2,omni-1544,\frac{1}{2},30,22896,0.8666666666666667,1.0,1.0,5,0.0,24,0.44260313288674497
task2/b2_6-2-1-2,b2,6,2,1,2,omni-1594,"n=6, 66, 946",30,17245,0.0,0.0,0.0,11,0.0,24,0.6635775386053657
task2/b2_6-2-1-2,b2,6,2,1,2,omni-831,\frac{41}{512},30,11131,0.0,0.0,0.0,7,0.0,24,0.634240432302988
task2/b2_6-2-1-2,b2,6,2,1,2,omni-1477,4018,30,14941,0.2,1.0,1.0,16,0.0,24,0.4025416148092417
task2/b2_6-2-1-2,b2,6,2,1,2,omni-3852,{\frac{n(n+1)(2n+1)}{6}},30,10613,0.0,0.0,0.0,9,0.0,24,0.47201077574300365
task2/b2_6-2-1-2,b2,6,2,1,2,omni-2053,71.8,30,9258,0.0,0.0,0.0,6,0.0,24,0.5629052018331598
task2/b2_6-2-1-2,b2,6,2,1,2,omni-2551,72^{\circ},30,5092,0.8333333333333334,1.0,1.0,2,0.0,24,0.5129596049388763
task2/b2_6-2-1-2,b2,6,2,1,2,omni-2751,8,30,15521,1.0,1.0,0.0,1,0.0,24,0.28641587567799087
task2/b2_6-2-1-2,b2,6,2,1,2,omni-2942,113,30,10023,0.0,0.0,0.0,6,0.03333333333333333,24,0.4951242637020615
task2/b2_6-2-1-2,b2,6,2,1,2,omni-2739,8,30,7868,1.0,1.0,0.0,1,0.0,24,0.3133332385291046
task2/b2_6-2-1-2,b2,6,2,1,2,omni-3426,a^{2}<a<rac{1}{a},30,8350,0.0,0.0,0.0,11,0.0,24,0.45618181871538493
task2/b2_6-2-1-2,b2,6,2,1,2,omni-4321,\text{Yes},30,6095,0.0,0.0,0.0,1,0.0,24,0.46760907166933036
task2/b2_6-2-1-2,b2,6,2,1,2,omni-408,15,30,15556,0.0,0.0,0.0,4,0.0,24,0.29578624121803
task2/b2_6-2-1-2,b2,6,2,1,2,omni-27,"(2, 6), (2^k - 1, 2), (1, n) \text{ for any } n \ge 1",30,11368,0.36666666666666664,1.0,1.0,22,0.0,24,0.5544831859701539
task2/b2_6-2-1-2,b2,6,2,1,2,omni-1626,21,30,35411,0.06666666666666667,1.0,1.0,13,0.0,24,0.23678618218441705
task2/b2_6-2-1-2,b2,6,2,1,2,omni-178,"\[
\boxed{\frac{\pi}{4}}
\]",30,9291,0.0,0.0,0.0,4,0.0,24,0.7219235106899685
task2/b2_6-2-1-2,b2,6,2,1,2,omni-942,673,30,17435,0.1,1.0,1.0,13,0.0,24,0.3540865329221006
task2/b2_6-2-1-2,b2,6,2,1,2,omni-2578,33725,30,20054,0.0,0.0,0.0,17,0.0,24,0.3009839401301576
task2/b2_6-2-1-2,b2,6,2,1,2,omni-1460,\frac{25}{49},30,16629,0.0,0.0,0.0,5,0.0,24,0.4944770253493242
task2/b2_6-2-1-2,b2,6,2,1,2,omni-2764,\frac{89}{243},30,12149,0.0,0.0,0.0,14,0.0,24,0.4528597548097318
task2/b2_6-2-1-2,b2,6,2,1,2,omni-1224,61,30,18779,0.03333333333333333,1.0,1.0,19,0.0,24,0.4559612298295969
task2/b2_6-2-1-2,b2,6,2,1,2,omni-1963,\frac{1}{1006},30,18121,0.43333333333333335,1.0,1.0,5,0.03333333333333333,24,0.4253164838427343
task2/b2_6-2-1-2,b2,6,2,1,2,omni-2691,232,30,6762,0.9666666666666667,1.0,1.0,2,0.0,24,0.2972774629917238
task2/b2_6-2-1-2,b2,6,2,1,2,omni-2815,-36,30,14797,1.0,1.0,0.0,1,0.0,24,0.4750989290507764
task2/b2_6-2-1-2,b2,6,2,1,2,omni-1275,\frac{1}{1-x},30,12357,0.8333333333333334,1.0,1.0,5,0.0,24,0.39268904495279
task2/b2_6-2-1-2,b2,6,2,1,2,omni-64,\text{No such } n \text{ exists},30,16101,0.0,0.0,0.0,11,0.0,24,0.46034267872130213
task2/b2_6-2-1-2,b2,6,2,1,2,omni-3465,39\%,30,11030,0.0,0.0,0.0,9,0.0,24,0.6349873505008253
task2/b2_6-2-1-2,b2,6,2,1,2,omni-226,\frac{1}{x^2},30,13495,0.3333333333333333,1.0,1.0,7,0.0,24,0.6700500540353028
task2/b2_6-2-1-2,b2,6,2,1,2,omni-857,80,30,13666,0.0,0.0,0.0,10,0.0,24,0.5804973068491237
task2/b2_6-2-1-2,b2,6,2,1,2,omni-1215,120,30,8676,0.9333333333333333,1.0,1.0,3,0.0,24,0.3251949836278706
task2/b2_6-2-1-2,b2,6,2,1,2,omni-1654,10201,30,13091,0.3,1.0,1.0,11,0.0,24,0.3982177153831199
task2/b2_6-2-1-2,b2,6,2,1,2,omni-1277,43,30,11334,0.0,0.0,0.0,10,0.0,24,0.2602318081112381
task2/b2_6-2-1-2,b2,6,2,1,2,omni-2461,51,30,15480,0.03333333333333333,1.0,1.0,4,0.0,24,0.37784616845969293
task2/b2_6-2-1-2,b2,6,2,1,2,omni-3131,18\%,30,10626,1.0,1.0,0.0,2,0.0,24,0.24628553344835338
task2/b2_6-2-1-2,b2,6,2,1,2,omni-1688,2^{2009},30,12440,0.8666666666666667,1.0,1.0,3,0.0,24,0.27591328238501756
task2/b2_6-2-1-2,b2,6,2,1,2,omni-1490,139,30,24540,0.03333333333333333,1.0,1.0,15,0.0,24,0.47402672314515226
task2/b2_6-2-1-2,b2,6,2,1,2,omni-3147,\frac{19}{35},30,10895,0.0,0.0,0.0,9,0.0,24,0.4544524216827195
task2/b2_6-2-1-2,b2,6,2,1,2,omni-294,"The real roots of the equation \(x^4-(2\cdot10^{10}+1)x^2-x+10^{20}+10^{10}-1=0\) correct to four decimal places are approximately:
\[ x_1 \approx 10^5 - \frac{1 - \sqrt{1 + 4(10^5 + 1)}}{2 \cdot 2 \cdot 10^5} \]
\[ x_2 \approx 10^5 + \frac{1 + \sqrt{1 + 4(10^5 + 1)}}{2 \cdot 2 \cdot 10^5} \]

Given the approximations:
\[ x_1 \approx 99999.5000 \]
\[ x_2 \approx 100000.5000 \]",30,21258,0.0,0.0,0.0,18,0.0,24,0.4443152385929245
task2/b2_6-2-1-2,b2,6,2,1,2,omni-3368,60,30,9101,0.0,0.0,0.0,7,0.0,24,0.6884211770436065
task2/b2_6-2-1-2,b2,6,2,1,2,omni-265,"\[
|S| \ge 8
\]",30,13687,0.0,0.0,0.0,7,0.0,24,0.5984633394115312
task2/b2_6-2-1-2,b2,6,2,1,2,omni-909,56,30,15810,0.4666666666666667,1.0,1.0,5,0.06666666666666667,24,0.28910907855435986
task2/b2_6-2-1-2,b2,6,2,1,2,omni-995,p=2 \text{ and } p \equiv 3(\bmod 4),30,14271,0.0,0.0,0.0,6,0.0,24,0.6245718802466543
task2/b2_6-2-1-2,b2,6,2,1,2,omni-617,\frac{\ln 7}{4},30,28696,0.06666666666666667,1.0,1.0,22,0.0,24,0.5192745069500077
task2/b2_6-2-1-2,b2,6,2,1,2,omni-765,1024,30,9221,0.0,0.0,0.0,5,0.0,24,0.09178759315221151
task2/b2_6-2-1-2,b2,6,2,1,2,omni-3457,7x+4,30,13104,0.0,0.0,0.0,3,0.0,24,0.416002615204077
task2/b2_6-2-1-2,b2,6,2,1,2,omni-3531,"\frac{5}{2}, 3, \sqrt{10}",30,7058,1.0,1.0,0.0,1,0.0,24,0.34687502566543976
task2/b2_6-2-1-2,b2,6,2,1,2,omni-576,e^{e}-1,30,19775,0.0,0.0,0.0,7,0.0,24,0.21663499890418772
task2/b2_6-2-1-2,b2,6,2,1,2,omni-1888,\frac{2}{9},30,11541,0.0,0.0,0.0,3,0.0,24,0.5089639876197408
task2/b2_6-2-1-2,b2,6,2,1,2,omni-58,\text{Every sufficiently large number appears in the sequence},30,11680,0.0,0.0,0.0,5,0.0,24,0.5620106163420161
task2/b2_6-2-1-2,b2,6,2,1,2,omni-331,There are no polynomials of degree 1 with rational coefficients that satisfy the given conditions.,30,9328,0.0,0.0,0.0,11,0.0,24,0.4283163439167657
task2/b2_6-2-1-2,b2,6,2,1,2,omni-1789,76,30,17848,0.9333333333333333,1.0,1.0,3,0.0,24,0.3580744444282595
task2/b2_6-2-1-2,b2,6,2,1,2,omni-1203,30212,30,9818,0.0,0.0,0.0,9,0.0,24,0.40384801302164663
task2/b2_6-2-1-2,b2,6,2,1,2,omni-3556,946,30,29939,0.0,0.0,0.0,16,0.06666666666666667,24,0.3214864618496089
task2/b2_6-2-1-2,b2,6,2,1,2,omni-115,45^\circ,30,14269,0.6666666666666666,1.0,1.0,3,0.0,24,0.6143945909669566
task2/b2_6-2-1-2,b2,6,2,1,2,omni-515,\frac{11}{65},30,20217,0.0,0.0,0.0,5,0.0,24,0.5709210250003285
task2/b2_6-2-1-2,b2,6,2,1,2,omni-2621,540,30,13357,0.4666666666666667,1.0,1.0,12,0.0,24,0.4422887546928312
task2/b2_6-2-1-2,b2,6,2,1,2,omni-4426,"\text{Kolya wins if Dima starts, and Dima wins if Kolya starts.}",30,15561,0.0,0.0,0.0,5,0.0,24,0.24128836234502238
task2/b2_6-2-1-2,b2,6,2,1,2,omni-2378,\frac{80\sqrt{3}}{9},30,9984,0.8,1.0,1.0,3,0.0,24,0.2477597974595828
task2/b2_6-2-1-2,b2,6,2,1,2,omni-735,4 \cdot 3^{2011},30,13189,0.16666666666666666,1.0,1.0,9,0.0,24,0.4196343636663114
task2/b2_6-2-1-2,b2,6,2,1,2,omni-4274,\text{Alice},30,11879,0.6,1.0,1.0,2,0.0,24,0.6673703181941656
task2/b2_6-2-1-2,b2,6,2,1,2,omni-674,50,30,6351,0.0,0.0,0.0,2,0.0,24,0.6765966647156211
task2/b2_6-2-1-2,b2,6,2,1,2,omni-2220,65,30,12931,0.0,0.0,0.0,13,0.0,24,0.38331400753818784
task2/b2_6-2-1-2,b2,6,2,1,2,omni-1198,93,30,10253,0.0,0.0,0.0,13,0.0,24,0.5971799097013529
task2/b2_6-2-1-2,b2,6,2,1,2,omni-980,17,30,10329,0.0,0.0,0.0,9,0.03333333333333333,24,0.5659953947395328
task2/b2_6-2-1-2,b2,6,2,1,2,omni-1515,34,30,17909,0.0,0.0,0.0,6,0.0,24,0.5254706611290337
task2/b2_6-2-1-2,b2,6,2,1,2,omni-2129,252,30,22261,0.0,0.0,0.0,7,0.0,24,0.3248385880958365
task2/b2_6-2-1-2,b2,6,2,1,2,omni-4125,(n-2)2^n + 1,30,12223,0.0,0.0,0.0,7,0.0,24,0.5117304258577775
task2/b2_6-2-1-2,b2,6,2,1,2,omni-1387,-9+3\sqrt{13},30,19040,0.0,0.0,0.0,5,0.0,24,0.5196727422419757
task2/b2_6-2-1-2,b2,6,2,1,2,omni-960,90,30,15004,0.03333333333333333,1.0,1.0,7,0.0,24,0.36605715635984576
task2/b2_6-2-1-2,b2,6,2,1,2,omni-2925,600,30,14918,0.0,0.0,0.0,7,0.03333333333333333,24,0.36748406841604736
task2/b2_6-2-1-2,b2,6,2,1,2,omni-374,\[ MA \cdot NA + MB \cdot NB + MC \cdot NC \geq MD \cdot ND \],30,23968,0.3,1.0,1.0,13,0.0,24,0.2747775052788864
task2/b2_6-2-1-2,b2,6,2,1,2,omni-1084,2 \sqrt[4]{6},30,12454,0.0,0.0,0.0,7,0.0,24,0.548620399323069
task2/b2_6-2-1-2,b2,6,2,1,2,omni-1311,45,30,16923,0.0,0.0,0.0,2,0.0,24,0.3354193576882363
task2/b2_6-2-1-2,b2,6,2,1,2,omni-383,6,30,6135,0.0,0.0,0.0,1,0.0,24,0.3796217000448779
task2/b2_6-2-1-2,b2,6,2,1,2,omni-3991,$\frac{13}{4}$,30,13479,0.0,0.0,0.0,4,0.0,24,0.4802770763228878
task2/b2_6-2-1-2,b2,6,2,1,2,omni-3400,160,30,6973,1.0,1.0,0.0,1,0.0,24,0.45598104648196425
task2/b2_6-2-1-2,b2,6,2,1,2,omni-1749,47,30,19479,0.16666666666666666,1.0,1.0,11,0.0,24,0.6839540356236152
task2/b2_6-2-1-2,b2,6,2,1,2,omni-2477,\binom{34}{9},30,13163,0.4,1.0,1.0,5,0.0,24,0.3515635303080662
task2/b2_6-2-1-2,b2,6,2,1,2,omni-2250,\frac{3}{10},30,9743,0.0,0.0,0.0,11,0.0,24,0.5951580065957757
task2/b2_6-2-1-2,b2,6,2,1,2,omni-1265,\frac{\binom{4030}{2016}}{2^{4030}},30,15129,0.0,0.0,0.0,12,0.0,24,0.526244983916177
task2/b2_6-2-1-2,b2,6,2,1,2,omni-3005,19,30,11660,1.0,1.0,0.0,1,0.0,24,0.37924488333528944
task2/b2_6-2-1-2,b2,6,2,1,2,omni-1702,n=3,30,17259,0.9666666666666667,1.0,1.0,2,0.0,24,0.42394968125469307
task2/b2_6-2-1-2,b2,6,2,1,2,omni-3008,7,30,6399,0.0,0.0,0.0,6,0.0,24,0.31915452167068764
task2/b2_6-2-1-2,b2,6,2,1,2,omni-2371,18.5285921,30,12431,0.0,0.0,0.0,14,0.0,24,0.01078112736286785
task2/b2_6-2-1-2,b2,6,2,1,2,omni-395,"6,-\frac{10}{3}",30,22725,0.3,1.0,1.0,4,0.0,24,0.41930958412215097
task2/b2_6-2-1-2,b2,6,2,1,2,omni-2451,109368,30,11224,0.0,0.0,0.0,29,0.0,24,0.45264118767928063
task2/b2_6-2-1-2,b2,6,2,1,2,omni-1018,"1, 2, 3, 4",30,17705,0.13333333333333333,1.0,1.0,10,0.0,24,0.3512702881213163
task2/b2_6-2-1-2,b2,6,2,1,2,omni-1364,\frac{7}{2},30,11121,0.36666666666666664,1.0,1.0,2,0.0,24,0.5625463316641915
task2/b2_6-2-1-2,b2,6,2,1,2,omni-803,1,30,8977,0.9,1.0,1.0,2,0.0,24,0.26386041247584124
task2/b2_6-2-1-2,b2,6,2,1,2,omni-685,\begin{tabular}{ll} 00000000 & 00110101 \ 11001010 & 10011110 \ 11100001 & 01101011 \ 11010100 & 01100110 \ 10111001 & 10010011 \ 01111100 & 11001101 \ 00111010 & 10101100 \ 01010111 & 11110010 \ 00001111 & 01011001 \ 10100111 & 11111111 \ \end{tabular},30,11207,0.0,0.0,0.0,2,0.0,24,0.48158827135787224
task2/b2_6-2-1-2,b2,6,2,1,2,omni-4307,"(m, n) = (36, 6)",30,16437,0.0,0.0,0.0,13,0.0,24,0.5286670970638595
task2/b2_6-2-1-2,b2,6,2,1,2,omni-1621,89,30,16981,0.06666666666666667,1.0,1.0,16,0.0,24,0.459061910226818
task2/b2_6-2-1-2,b2,6,2,1,2,omni-3325,2015.318180 \ldots,30,18556,0.0,0.0,0.0,16,0.0,24,0.5134281070870975
task2/b2_6-2-1-2,b2,6,2,1,2,omni-79,18,30,14111,0.03333333333333333,1.0,1.0,6,0.0,24,0.4408525594691001
task2/b2_6-2-1-2,b2,6,2,1,2,omni-3104,120,30,7831,0.9666666666666667,1.0,1.0,2,0.0,24,0.2346990836920495
task2/b2_6-2-1-2,b2,6,2,1,2,omni-125,"\left( \frac{1}{n+1}, \frac{1}{n+1}, \ldots, \frac{1}{n+1} \right)",30,16905,0.0,0.0,0.0,6,0.0,24,0.4404453538468858
task2/b2_6-2-1-2,b2,6,2,1,2,omni-4340,\text{No},30,9746,0.03333333333333333,1.0,1.0,2,0.0,24,0.4061620000546071
task2/b2_6-2-1-2,b2,6,2,1,2,omni-2372,\frac{45}{14},30,16709,0.0,0.0,0.0,14,0.0,24,0.43587718466995856
task2/b2_6-2-1-2,b2,6,2,1,2,omni-4152,1,30,10954,0.0,0.0,0.0,6,0.0,24,0.5375774306245221
task2/b2_6-2-1-2,b2,6,2,1,2,omni-3143,"f(x) = cx^d, c,d > 0, c=1 \text{ if } d=1",30,18533,0.0,0.0,0.0,12,0.0,24,0.4592192128024275
task2/b2_6-2-1-2,b2,6,2,1,2,omni-3943,3^{100},30,7606,0.03333333333333333,1.0,1.0,5,0.0,24,0.4584741265109719
task2/b2_6-2-1-2,b2,6,2,1,2,omni-288,The area of triangle $OO_1O_2$ is minimized if $CX \perp AB$.,30,9841,0.0,0.0,0.0,6,0.0,24,0.5506265227428245
task2/b2_6-2-1-2,b2,6,2,1,2,omni-1087,1+\sqrt{2}+\sqrt{6},30,19153,0.06666666666666667,1.0,1.0,9,0.0,24,0.24123401542447842
task2/b2_6-2-1-2,b2,6,2,1,2,omni-492,3,30,12731,0.0,0.0,0.0,9,0.0,24,0.4612301786005282
task2/b2_6-2-1-2,b2,6,2,1,2,omni-1549,318,30,22359,0.0,0.0,0.0,21,0.0,24,0.297451544420902
task2/b2_6-2-1-2,b2,6,2,1,2,omni-365,11,30,10901,0.0,0.0,0.0,1,0.0,24,0.32566723690659644
task2/b2_6-2-1-2,b2,6,2,1,2,omni-4290,"(a, b, c) = (10, 10, 1), (10, 1, 10), (1, 10, 10)",30,41225,0.16666666666666666,1.0,1.0,16,0.0,24,0.23873964766611885
task2/b2_6-2-1-2,b2,6,2,1,2,omni-688,"(1,1), (3,3)",30,12207,1.0,1.0,0.0,2,0.0,24,0.5902541606879098
task2/b2_6-2-1-2,b2,6,2,1,2,omni-3416,40 \text{ minutes},30,12482,0.0,0.0,0.0,14,0.0,24,0.44782118097308615
task2/b2_6-2-1-2,b2,6,2,1,2,omni-994,\frac{1999008}{1999012},30,13596,0.0,0.0,0.0,21,0.0,24,0.35768886839535335
task2/b2_6-2-1-2,b2,6,2,1,2,omni-2996,rac{3}{8},30,7144,0.0,0.0,0.0,1,0.0,24,0.42538982902391287
task2/b2_6-2-1-2,b2,6,2,1,2,omni-2402,6,30,12407,0.0,0.0,0.0,10,0.0,24,0.38213413997008366
task2/b2_6-2-1-2,b2,6,2,1,2,omni-2121,13,30,22545,0.8333333333333334,1.0,1.0,5,0.0,24,0.49784217375109624
task2/b2_6-2-1-2,b2,6,2,1,2,omni-4134,k = \left\lfloor \sqrt{n - 1}\right\rfloor,30,17260,0.0,0.0,0.0,9,0.0,24,0.19441816581675295
task2/b2_6-2-1-2,b2,6,2,1,2,omni-2540,3633,30,11985,0.0,0.0,0.0,12,0.0,24,0.35663686531320776
task2/b2_6-2-1-2,b2,6,2,1,2,omni-2590,5,30,11345,0.0,0.0,0.0,3,0.0,24,0.6754820233393738
task2/b2_6-2-1-2,b2,6,2,1,2,omni-764,60^{\circ},30,7001,0.0,0.0,0.0,3,0.0,24,0.3774905169507247
task2/b2_6-2-1-2,b2,6,2,1,2,omni-1565,"(2,2),(3,3),(1,2),(2,3),(2,1),(3,2)",30,19141,0.0,0.0,0.0,13,0.0,24,0.5926266468406874
task2/b2_6-2-1-2,b2,6,2,1,2,omni-4161,\text{All odd integers } n \geq 3.,30,13197,0.26666666666666666,1.0,1.0,12,0.0,24,0.5358640451254572
task2/b2_6-2-1-2,b2,6,2,1,2,omni-1664,n^{2}+c^{2}-nc-c,30,14401,0.0,0.0,0.0,16,0.0,24,0.5188637131179532
task2/b2_6-2-1-2,b2,6,2,1,2,omni-1506,14034,30,12419,0.0,0.0,0.0,19,0.0,24,0.46894611015561494
task2/b2_6-2-1-2,b2,6,2,1,2,omni-1066,2^{32},30,11544,0.0,0.0,0.0,9,0.0,24,0.5472019301867329
task2/b2_6-2-1-2,b2,6,2,1,2,omni-1929,28,30,14932,0.16666666666666666,1.0,1.0,12,0.0,24,0.6165013906312129
task2/b2_6-2-1-2,b2,6,2,1,2,omni-2656,109,30,20391,0.0,0.0,0.0,15,0.0,24,0.3909380935690531
task2/b2_6-2-1-2,b2,6,2,1,2,omni-959,\frac{1}{8},30,11705,0.6333333333333333,1.0,1.0,5,0.0,24,0.40668097837380696
task2/b2_6-2-1-2,b2,6,2,1,2,omni-1792,7521,30,12471,0.0,0.0,0.0,20,0.0,24,0.46380947715640986
task2/b2_6-2-1-2,b2,6,2,1,2,omni-3204,\frac{480}{49},30,17340,0.0,0.0,0.0,11,0.0,24,0.5553127924525517
task2/b2_6-2-1-2,b2,6,2,1,2,omni-1014,31486,30,22690,0.0,0.0,0.0,29,0.0,24,0.4050742374413776
task2/b2_6-2-1-2,b2,6,2,1,2,omni-573,\frac{5}{6},30,18249,0.16666666666666666,1.0,1.0,8,0.0,24,0.2906282628858146
task2/b2_6-2-1-2,b2,6,2,1,2,omni-3826,120^\circ,30,14211,0.03333333333333333,1.0,1.0,5,0.0,24,0.4525127755032405
task2/b2_6-2-1-2,b2,6,2,1,2,omni-1666,8,30,10377,0.06666666666666667,1.0,1.0,5,0.0,24,0.4070203800039278
task2/b2_6-2-1-2,b2,6,2,1,2,omni-3623,150,30,14940,0.23333333333333334,1.0,1.0,7,0.0,24,0.5294636845904378
task2/b2_6-2-1-2,b2,6,2,1,2,omni-3183,No,30,14698,0.7333333333333333,1.0,1.0,2,0.0,24,0.4023134837767968
task2/b2_6-2-1-2,b2,6,2,1,2,omni-2300,"(p, q, r)=\left(\frac{2}{5}, \frac{3}{10}, \frac{3}{10}\right)",30,29364,0.0,0.0,0.0,5,0.03333333333333333,24,0.14276517481378717
task2/b2_6-2-1-2,b2,6,2,1,2,omni-2541,6,30,11950,0.2,1.0,1.0,4,0.0,24,0.572195514144281
task2/b2_6-2-1-2,b2,6,2,1,2,omni-1961,2 \sqrt{30},30,14889,0.0,0.0,0.0,4,0.0,24,0.3701209496072448
task2/b2_6-2-1-2,b2,6,2,1,2,omni-1357,209,30,10929,0.03333333333333333,1.0,1.0,18,0.0,24,0.5186618803528492
task2/b2_6-2-1-2,b2,6,2,1,2,omni-0,1 + \left\lceil \frac{n}{2} \right\rceil,30,15016,0.0,0.0,0.0,8,0.0,24,0.434240839384066
task2/b2_6-2-1-2,b2,6,2,1,2,omni-1540,1/2,30,21450,0.8666666666666667,1.0,1.0,3,0.0,24,0.41404664884846126
task2/b2_6-2-1-2,b2,6,2,1,2,omni-117,n \text{ must be odd},30,8324,0.1,1.0,1.0,11,0.0,24,0.6184170160637028
task2/b2_6-2-1-2,b2,6,2,1,2,omni-2293,168089,30,20514,0.0,0.0,0.0,16,0.0,24,0.6362208303430594
task2/b2_6-2-1-2,b2,6,2,1,2,omni-3710,\text{No},30,14787,0.9333333333333333,1.0,1.0,2,0.0,24,0.5600668514219792
task2/b2_6-2-1-2,b2,6,2,1,2,omni-2280,9,30,14180,0.6666666666666666,1.0,1.0,5,0.0,24,0.5084886318198315
task2/b2_6-2-1-2,b2,6,2,1,2,omni-344,"\[
\frac{63}{64}
\]",30,8994,0.0,0.0,0.0,4,0.0,24,0.6223643762354691
task2/b2_6-2-1-2,b2,6,2,1,2,omni-3076,44,30,8575,1.0,1.0,0.0,1,0.0,24,0.3664030437719428
task2/b2_6-2-1-2,b2,6,2,1,2,omni-767,\binom{109}{10},30,15010,0.0,0.0,0.0,24,0.0,24,0.5319859711408764
task2/b2_6-2-1-2,b2,6,2,1,2,omni-2956,2,30,9189,0.13333333333333333,1.0,1.0,8,0.0,24,0.20799334345114243
task2/b2_6-2-1-2,b2,6,2,1,2,omni-2522,1205,30,11229,0.0,0.0,0.0,26,0.0,24,0.4764900432853297
task2/b2_6-2-1-2,b2,6,2,1,2,omni-3397,y=-x+4,30,17397,0.0,0.0,0.0,13,0.0,24,0.25798415695476457
task2/b2_6-2-1-2,b2,6,2,1,2,omni-3924,C \ge 2 \ln 2,30,16400,0.0,0.0,0.0,8,0.0,24,0.356192371181743
task2/b2_6-2-1-2,b2,6,2,1,2,omni-712,123+6\sqrt{119},30,15221,0.0,0.0,0.0,11,0.0,24,0.5396064588800676
task2/b2_6-2-1-2,b2,6,2,1,2,omni-3226,27,30,7829,1.0,1.0,0.0,1,0.0,24,0.4589172898182548
task2/b2_6-2-1-2,b2,6,2,1,2,omni-3017,1,30,6661,1.0,1.0,0.0,1,0.0,24,0.32353932238571936
task2/b2_6-2-1-2,b2,6,2,1,2,omni-3699,100902018,30,28359,0.0,0.0,0.0,16,0.06666666666666667,24,0.37519882194986526
task2/b2_6-2-1-2,b2,6,2,1,2,omni-3755,"{6,7,7.5,8,8.5,9,10}",30,16148,0.0,0.0,0.0,16,0.0,24,0.48896622316005867
task2/b2_6-2-1-2,b2,6,2,1,2,omni-3467,3,30,13616,0.1,1.0,1.0,9,0.0,24,0.33086653749096095
task2/b2_6-2-1-2,b2,6,2,1,2,omni-2787,6,30,6789,1.0,1.0,0.0,1,0.0,24,0.5211896960542813
task2/b2_6-2-1-2,b2,6,2,1,2,omni-2411,\frac{20}{3},30,15664,0.0,0.0,0.0,11,0.0,24,0.47863138990193854
task2/b2_6-2-1-2,b2,6,2,1,2,omni-2708,7,30,8423,1.0,1.0,0.0,1,0.0,24,0.24666020184140755
task2/b2_6-2-1-2,b2,6,2,1,2,omni-4115,"$f(x)= 0,f(x)= 2-x, f(x)=-x$",30,20343,0.0,0.0,0.0,9,0.0,24,0.46051704472536886
task2/b2_6-2-1-2,b2,6,2,1,2,omni-4386,\text{yes},30,10483,0.5333333333333333,1.0,1.0,2,0.0,24,0.5045012148013198
task2/b2_6-2-1-2,b2,6,2,1,2,omni-2084,12,30,23766,0.03333333333333333,1.0,1.0,10,0.0,24,0.3844176652901769
task2/b2_6-2-1-2,b2,6,2,1,2,omni-1341,581,30,23927,0.0,0.0,0.0,19,0.0,24,0.47500133060787575
task2/b2_6-2-1-2,b2,6,2,1,2,omni-3423,37.5\%,30,9307,0.06666666666666667,1.0,1.0,2,0.0,24,0.39394345721252105
task2/b2_6-2-1-2,b2,6,2,1,2,omni-3819,"f(x) = \begin{cases}
\frac{2}{2 - x}, & 0 \leq x < 2, \\
0, & x \geq 2.
\end{cases}",30,15399,0.9,1.0,1.0,8,0.0,24,0.593217671099244
task2/b2_6-2-1-2,b2,6,2,1,2,omni-2653,932,30,19053,0.0,0.0,0.0,9,0.0,24,0.46834371682059467
task2/b2_6-2-1-2,b2,6,2,1,2,omni-3827,f(x) = 0 \text{ and } f(x) = x - 1.,30,12031,0.0,0.0,0.0,6,0.0,24,0.6749937587660003
task2/b2_6-2-1-2,b2,6,2,1,2,omni-312,"The largest integer \( n \) such that there exist monic quadratic polynomials \( p_{1}(x), p_{2}(x), p_{3}(x) \) with integer coefficients so that for all integers \( i \in[1, n] \) there exists some \( j \in[1,3] \) and \( m \in \mathbb{Z} \) such that \( p_{j}(m)=i \) is \( \boxed{9} \).",30,19112,0.3,1.0,1.0,7,0.0,24,0.4362553514391933
task2/b2_6-2-1-2,b2,6,2,1,2,omni-327,\[ 1979 \],30,9287,0.06666666666666667,1.0,1.0,8,0.0,24,0.512296599910783
task2/b2_6-2-1-2,b2,6,2,1,2,omni-3441,10^{3} \text{ and } 10^{4},30,4811,0.8666666666666667,1.0,1.0,2,0.0,24,0.4810008855368644
task2/b2_6-2-1-2,b2,6,2,1,2,omni-3404,\frac{5}{12},30,11661,0.4,1.0,1.0,6,0.0,24,0.20411713784844718
task2/b2_6-2-1-2,b2,6,2,1,2,omni-246,\[\frac{(m+n)!}{(m-n)!} = \prod_{i=1}^{n}\left(m^{2}+m-i^{2}+i\right)\],30,15986,0.9666666666666667,1.0,1.0,3,0.0,24,0.5891994251448599
task2/b2_6-2-1-2,b2,6,2,1,2,omni-2943,3,30,8613,0.9,1.0,1.0,2,0.0,24,0.4882874865718146
task2/b2_6-2-1-2,b2,6,2,1,2,omni-577,"(16,4,1),(1,16,4)",30,30676,0.0,0.0,0.0,19,0.0,24,0.3233531286052926
task2/b2_6-2-1-2,b2,6,2,1,2,omni-3023,9,30,14124,0.9666666666666667,1.0,1.0,2,0.0,24,0.22607311198891678
task2/b2_6-2-1-2,b2,6,2,1,2,omni-4188,$\text { We conclude that } I\star (M\star O) = (O\star I)\star M \text { if } \triangle IMO \text{ is positively oriented and is isosceles with } OI = OM \text { and } \angle IOM=\frac{2\pi}{3}.$,30,15210,0.0,0.0,0.0,14,0.0,24,0.4938564905054809
task2/b2_6-2-1-2,b2,6,2,1,2,omni-1140,20,30,8006,0.23333333333333334,1.0,1.0,9,0.0,24,0.5000050342587267
task2/b2_6-2-1-2,b2,6,2,1,2,omni-809,96,30,24227,0.2,1.0,1.0,21,0.0,24,0.22103183066000284
task2/b2_6-2-1-2,b2,6,2,1,2,omni-1675,21,30,22210,0.13333333333333333,1.0,1.0,14,0.0,24,0.41529262100797376
task2/b2_6-2-1-2,b2,6,2,1,2,omni-3267,"(j,k) = (2019, 1010)",30,11273,0.0,0.0,0.0,12,0.0,24,0.5865453669673059
task2/b2_6-2-1-2,b2,6,2,1,2,omni-1816,35,30,11940,0.0,0.0,0.0,12,0.03333333333333333,24,0.4247951725853931
task2/b2_6-2-1-2,b2,6,2,1,2,omni-4008,-\frac{1}{8},30,15304,0.9666666666666667,1.0,1.0,2,0.0,24,0.40408819863223466
task2/b2_6-2-1-2,b2,6,2,1,2,omni-2356,1006,30,13650,0.6,1.0,1.0,3,0.0,24,0.4533599218700723
task2/b2_6-2-1-2,b2,6,2,1,2,omni-1551,-18910,30,15829,0.0,0.0,0.0,12,0.0,24,0.5442128579199225
task2/b2_6-2-1-2,b2,6,2,1,2,omni-1225,"r = 4, s = 5",30,16376,0.9666666666666667,1.0,1.0,2,0.0,24,0.3981762747604804
task2/b2_6-2-1-2,b2,6,2,1,2,omni-1762,\log _{2} 2015-1,30,16649,0.8,1.0,1.0,10,0.0,24,0.3247579639151675
task2/b2_6-2-1-2,b2,6,2,1,2,omni-944,5,30,11770,0.0,0.0,0.0,3,0.0,24,0.5207403632989644
task2/b2_6-2-1-2,b2,6,2,1,2,omni-1806,1,30,7378,0.8333333333333334,1.0,1.0,6,0.0,24,0.562018196297626
task2/b2_6-2-1-2,b2,6,2,1,2,omni-370,14,30,9934,1.0,1.0,0.0,1,0.0,24,0.2991217594442965
task2/b2_6-2-1-2,b2,6,2,1,2,omni-749,\frac{2}{3},30,11793,0.0,0.0,0.0,7,0.0,24,0.3794374783365757
task2/b2_6-2-1-2,b2,6,2,1,2,omni-3925,"$(p,n)=(p,p),(2,4)$",30,16247,0.0,0.0,0.0,12,0.0,24,0.4439019039955898
task2/b2_6-2-1-2,b2,6,2,1,2,omni-1809,\frac{1+\sqrt{5}}{2},30,13433,0.9333333333333333,1.0,1.0,2,0.0,24,0.3916241868901755
task2/b2_6-2-1-2,b2,6,2,1,2,omni-322,The only possible value for the center is \( 18 \).,30,13989,0.0,0.0,0.0,6,0.0,24,0.580609924629794
task2/b2_6-2-1-2,b2,6,2,1,2,omni-475,144,30,10677,0.0,0.0,0.0,5,0.0,24,0.4493607789464196
task2/b2_6-2-1-2,b2,6,2,1,2,omni-1432,\frac{1005}{1006},30,19272,0.13333333333333333,1.0,1.0,6,0.0,24,0.6202024992639686
task2/b2_6-2-1-2,b2,6,2,1,2,omni-2055,27,30,10692,0.0,0.0,0.0,6,0.0,24,0.5332606237785867
task2/b2_6-2-1-2,b2,6,2,1,2,omni-1104,283,30,28072,0.0,0.0,0.0,9,0.0,24,0.44141659022881546
task2/b2_6-2-1-2,b2,6,2,1,2,omni-3178,"The coordinates of $R(x,y)$ are $(x+n,y)$.",30,11539,0.0,0.0,0.0,6,0.0,24,0.5496458066377805
task2/b2_6-2-1-2,b2,6,2,1,2,omni-1827,"Two continuous arcs from the circle with diameter 4,4",30,9627,0.0,0.0,0.0,7,0.0,24,0.38468469981751235
task2/b2_6-2-1-2,b2,6,2,1,2,omni-3648,f(x) = \frac{1}{x},30,13780,0.03333333333333333,1.0,1.0,4,0.0,24,0.6668220426931253
task2/b2_6-2-1-2,b2,6,2,1,2,omni-318,\[ 36 \],30,11422,0.0,0.0,0.0,7,0.0,24,0.5195901184206076
task2/b2_6-2-1-2,b2,6,2,1,2,omni-683,\frac{216 \pi^{3}-2187 \sqrt{3}}{8 \pi^{2}},30,20066,0.0,0.0,0.0,11,0.0,24,0.38985407585551135
task2/b2_6-2-1-2,b2,6,2,1,2,omni-19,69,30,12975,0.0,0.0,0.0,5,0.0,24,0.5230329563242271
task2/b2_6-2-1-2,b2,6,2,1,2,omni-1492,"(0,0) \text{ and } (1,1)",30,13871,0.7,1.0,1.0,2,0.0,24,0.5748109046109953
task2/b2_6-2-1-2,b2,6,2,1,2,omni-948,\frac{224}{243},30,13987,0.0,0.0,0.0,27,0.0,24,0.3469805341110588
task2/b2_6-2-1-2,b2,6,2,1,2,omni-152,A positive integral solution exists.,30,9563,0.0,0.0,0.0,2,0.0,24,0.7258070435296945
task2/b2_6-2-1-2,b2,6,2,1,2,omni-4050,f(x) = c \log(x) \text{ or } f(x) = cx^k.,30,16898,0.0,0.0,0.0,17,0.0,24,0.3915066934353375
task2/b2_6-2-1-2,b2,6,2,1,2,omni-72,\lceil \frac{n}{t} \rceil,30,9504,0.2,1.0,1.0,3,0.0,24,0.4892997644927257
task2/b2_6-2-1-2,b2,6,2,1,2,omni-2770,80,30,9271,0.16666666666666666,1.0,1.0,7,0.0,24,0.44300367065628965
task2/b2_6-2-1-2,b2,6,2,1,2,omni-3234,\frac{1}{3},30,21040,0.3333333333333333,1.0,1.0,7,0.0,24,0.5012053022904538
task2/b2_6-2-1-2,b2,6,2,1,2,omni-1471,30,30,6700,1.0,1.0,0.0,1,0.0,24,0.4235670599092049
task2/b2_6-2-1-2,b2,6,2,1,2,omni-890,240,30,21365,0.03333333333333333,1.0,1.0,14,0.0,24,0.5026219088580364
task2/b2_6-2-1-2,b2,6,2,1,2,omni-4077,$\boxed{2^{19} \cdot 3^{10} \cdot 5^{4} \cdot 3^{3} \cdot 11\cdot 13\cdot 17\cdot 19}$,30,17947,0.0,0.0,0.0,21,0.0,24,0.4758095023524871
task2/b2_6-2-1-2,b2,6,2,1,2,omni-539,12,30,10665,0.0,0.0,0.0,11,0.0,24,0.5296088143279076
task2/b2_6-2-1-2,b2,6,2,1,2,omni-4251,"{x \in \mathbb{Z} \cup \bigcup_{n = 1} ^{\infty} (n, \sqrt{(n-1)^2 + 1} + 1)}",30,18750,0.13333333333333333,1.0,1.0,18,0.0,24,0.5922264360374739
task2/b2_6-2-1-2,b2,6,2,1,2,omni-1803,f(x) = \lfloor x \rfloor,30,17043,0.03333333333333333,1.0,1.0,6,0.0,24,0.5633705237008813
task2/b2_6-2-1-2,b2,6,2,1,2,omni-1652,\frac{19}{18},30,16204,0.2,1.0,1.0,14,0.0,24,0.2716971402035746
task2/b2_6-2-1-2,b2,6,2,1,2,omni-3096,236,30,8767,0.8333333333333334,1.0,1.0,2,0.0,24,0.5159180047667059
task2/b2_6-2-1-2,b2,6,2,1,2,omni-4269,"\tan(\sin x) > \sin(\tan x) \text{ for } x \in \left(0, \frac{\pi}{2}\right)",30,14326,0.0,0.0,0.0,5,0.0,24,0.43697511036988024
task2/b2_6-2-1-2,b2,6,2,1,2,omni-2607,7174,30,22209,0.0,0.0,0.0,23,0.03333333333333333,24,0.23914184258998886
task2/b2_6-2-1-2,b2,6,2,1,2,omni-3853,3,30,14750,0.1,1.0,1.0,6,0.0,24,0.33175436212784853
task2/b2_6-2-1-2,b2,6,2,1,2,omni-1316,2003,30,12921,1.0,1.0,0.0,1,0.0,24,0.3158973682952509
task2/b2_6-2-1-2,b2,6,2,1,2,omni-275,The function \( f(x) = kx \) for any real value of \( k \).,30,12670,0.0,0.0,0.0,5,0.0,24,0.6697063433689813
task2/b2_6-2-1-2,b2,6,2,1,2,omni-3422,4^{7},30,9158,1.0,1.0,0.0,1,0.0,24,0.3190624815412025
task2/b2_6-2-1-2,b2,6,2,1,2,omni-537,33^{\circ},30,12495,0.0,0.0,0.0,9,0.0,24,0.4133599244384876
task2/b2_6-2-1-2,b2,6,2,1,2,omni-1043,20,30,41911,0.06666666666666667,1.0,1.0,8,0.0,24,0.13619389951579247
task2/b2_6-2-1-2,b2,6,2,1,2,omni-1154,\frac{4}{9},30,14404,0.0,0.0,0.0,3,0.0,24,0.5075859359162314
task2/b2_6-2-1-2,b2,6,2,1,2,omni-3167,2\sqrt{2} - 1,30,20639,0.13333333333333333,1.0,1.0,9,0.0,24,0.33904546868339125
task2/b2_6-2-1-2,b2,6,2,1,2,omni-862,403,30,11618,0.0,0.0,0.0,15,0.0,24,0.4560153088610081
task2/b2_6-2-1-2,b2,6,2,1,2,omni-2767,44,30,12987,0.03333333333333333,1.0,1.0,20,0.0,24,0.386217272888969
task2/b2_6-2-1-2,b2,6,2,1,2,omni-3211,\frac{\pi \log(2)}{8},30,25134,0.0,0.0,0.0,7,0.0,24,0.26406341184241117
task2/b2_6-2-1-2,b2,6,2,1,2,omni-3982,4,30,16698,0.6333333333333333,1.0,1.0,5,0.0,24,0.4913787154814678
task2/b2_6-2-1-2,b2,6,2,1,2,omni-4154,"(p, x, y) \in \{(3, 2, 5), (3, 5, 2)\} \cup \{(2, n, 2^k - n) \mid 0 < n < 2^k\}",30,13554,0.0,0.0,0.0,10,0.0,24,0.6344489888758863
task2/b2_6-2-1-2,b2,6,2,1,2,omni-812,433755,30,11181,0.0,0.0,0.0,9,0.0,24,0.28634021763443246
task2/b2_6-2-1-2,b2,6,2,1,2,omni-4068,\lambda \ge \frac{1}{n-1},30,7754,0.0,0.0,0.0,4,0.0,24,0.7189145767294799
task2/b2_6-2-1-2,b2,6,2,1,2,omni-240,The composite positive integers \( n \) for which it is possible to arrange all divisors of \( n \) that are greater than 1 in a circle so that no two adjacent divisors are relatively prime are those \( n \) that are not of the form \( pq \) where \( p \) and \( q \) are distinct primes.,30,12833,0.0,0.0,0.0,23,0.0,24,0.5509491829988524
task2/b2_6-2-1-2,b2,6,2,1,2,omni-1173,Yes,30,13247,0.0,0.0,0.0,1,0.0,24,0.6368363753453989
task2/b2_6-2-1-2,b2,6,2,1,2,omni-3980,m \text{ is a prime number},30,13422,0.06666666666666667,1.0,1.0,12,0.0,24,0.6589575570416195
task2/b2_6-2-1-2,b2,6,2,1,2,omni-2308,210,30,9695,0.0,0.0,0.0,10,0.0,24,0.5929477489878354
task2/b2_6-2-1-2,b2,6,2,1,2,omni-604,\frac{16}{3},30,18316,0.06666666666666667,1.0,1.0,10,0.0,24,0.33494458335053584
task2/b2_6-2-1-2,b2,6,2,1,2,omni-3907,\frac{1}{4},30,15578,0.03333333333333333,1.0,1.0,3,0.0,24,0.5291114050373722
task2/b2_6-2-1-2,b2,6,2,1,2,omni-9,561,30,7868,0.0,0.0,0.0,7,0.0,24,0.38595351022145086
task2/b2_6-2-1-2,b2,6,2,1,2,omni-1954,32,30,12415,0.1,1.0,1.0,8,0.0,24,0.49782341272545927
task2/b2_6-2-1-2,b2,6,2,1,2,omni-893,1024,30,7565,1.0,1.0,0.0,1,0.0,24,0.43457438234363144
task2/b2_6-2-1-2,b2,6,2,1,2,omni-3645,19,30,14192,1.0,1.0,0.0,1,0.0,24,0.5577335975024905
task2/b2_6-2-1-2,b2,6,2,1,2,omni-1529,\frac{79}{20},30,10785,0.0,0.0,0.0,5,0.0,24,0.46007931728764145
task2/b2_6-2-1-2,b2,6,2,1,2,omni-316,\[ f(x) = x + 1 \],30,21221,0.7333333333333333,1.0,1.0,4,0.0,24,0.3682456004493946
task2/b2_6-2-1-2,b2,6,2,1,2,omni-3435,7,30,9721,0.8666666666666667,1.0,1.0,4,0.0,24,0.5685550495274525
task2/b2_6-2-1-2,b2,6,2,1,2,omni-3984,3 \text{ and } 4,30,20192,0.43333333333333335,1.0,1.0,3,0.0,24,0.48517794262125064
task2/b2_6-2-1-2,b2,6,2,1,2,omni-3047,28,30,11384,0.26666666666666666,1.0,1.0,9,0.0,24,0.4647599580019264
task2/b2_6-2-1-2,b2,6,2,1,2,omni-4376,\text{Yes},30,15339,0.7666666666666667,1.0,1.0,3,0.0,24,0.5583346730913349
task2/b2_6-2-1-2,b2,6,2,1,2,omni-3032,3,30,8588,1.0,1.0,0.0,1,0.0,24,0.277267102059566
task2/b2_6-2-1-2,b2,6,2,1,2,omni-1725,16,30,17089,0.0,0.0,0.0,22,0.0,24,0.22621730793051542
task2/b2_6-2-1-2,b2,6,2,1,2,omni-589,There is no such function \( f: S \rightarrow S \).,30,13516,0.0,0.0,0.0,4,0.0,24,0.5472121228542638
task2/b2_6-2-1-2,b2,6,2,1,2,omni-826,\frac{\sqrt{30}}{2},30,9866,0.0,0.0,0.0,10,0.0,24,0.608885651919963
task2/b2_6-2-1-2,b2,6,2,1,2,omni-1296,2002,30,13645,0.7,1.0,1.0,7,0.0,24,0.43485147631873833
task2/b2_6-2-1-2,b2,6,2,1,2,omni-108,41,30,20306,0.0,0.0,0.0,5,0.0,24,0.5897996582437267
task2/b2_6-2-1-2,b2,6,2,1,2,omni-1256,41,30,18179,0.3333333333333333,1.0,1.0,7,0.0,24,0.426910144863679
task2/b2_6-2-1-2,b2,6,2,1,2,omni-1967,6,30,7531,0.03333333333333333,1.0,1.0,3,0.0,24,0.5224066920078743
task2/b2_6-2-1-2,b2,6,2,1,2,omni-3394,4,30,5484,1.0,1.0,0.0,1,0.0,24,0.4201265825219574
task2/b2_6-2-1-2,b2,6,2,1,2,omni-3671,\frac{1}{2^{1007}},30,9488,0.06666666666666667,1.0,1.0,6,0.0,24,0.6611531506975453
task2/b2_6-2-1-2,b2,6,2,1,2,omni-523,(2i-1)/4,30,16304,0.0,0.0,0.0,11,0.0,24,0.3839410152982165
task2/b2_6-2-1-2,b2,6,2,1,2,omni-4051,f(x) = 2x \text{ and } f(x) = 0,30,16632,0.3,1.0,1.0,7,0.0,24,0.6341829526601059
task2/b2_6-2-1-2,b2,6,2,1,2,omni-1069,2048,30,6419,0.0,0.0,0.0,2,0.0,24,0.4351422961015235
task2/b2_6-2-1-2,b2,6,2,1,2,omni-4328,"f(x) = \begin{cases}
-(1-x)^c + 1 &\text{ if $x < 1$} \\
1 &\text{ if $x = 1$} \\
k(x-1)^c + 1 &\text{ if $x > 1$}
\end{cases}, \text{ for some real constants }c \geq 0, k > 0",30,20169,0.5333333333333333,1.0,1.0,23,0.0,24,0.3498914154242438
task2/b2_6-2-1-2,b2,6,2,1,2,omni-820,54^{\circ},30,9612,0.36666666666666664,1.0,1.0,5,0.0,24,0.6441681720112789
task2/b2_6-2-1-2,b2,6,2,1,2,omni-2101,1019088,30,13157,0.0,0.0,0.0,10,0.0,24,0.31665733433013127
task2/b2_6-2-1-2,b2,6,2,1,2,omni-346,\[ A = -7 \],30,20650,0.03333333333333333,1.0,1.0,13,0.0,24,0.48509497238584603
task2/b2_6-2-1-2,b2,6,2,1,2,omni-3757,\frac{2}{5} \cdot 9^n - \frac{2}{5} \cdot (-1)^n,30,13151,0.0,0.0,0.0,12,0.0,24,0.41149797531844534
task2/b2_6-2-1-2,b2,6,2,1,2,omni-1134,23/144,30,14395,0.0,0.0,0.0,17,0.0,24,0.43389278135810444
task2/b2_6-2-1-2,b2,6,2,1,2,omni-292,"There does not exist a strictly increasing eight-term arithmetic progression \(a_{1}, \ldots, a_{8}\) of odd positive integers such that \(r(a_{1}), \ldots, r(a_{8})\) is an arithmetic progression in that order.",30,14470,0.0,0.0,0.0,1,0.0,24,0.4523234960274571
task2/b2_6-2-1-2,b2,6,2,1,2,omni-1062,45,30,16646,0.0,0.0,0.0,20,0.0,24,0.687448174112779
task2/b2_6-2-1-2,b2,6,2,1,2,omni-4284,\text{Yes},30,11624,0.5666666666666667,1.0,1.0,2,0.0,24,0.526645632508537
task2/b2_6-2-1-2,b2,6,2,1,2,omni-814,1,30,15365,0.8333333333333334,1.0,1.0,2,0.0,24,0.3699015331374133
task2/b2_6-2-1-2,b2,6,2,1,2,omni-3494,15,30,11342,0.26666666666666666,1.0,1.0,5,0.03333333333333333,24,0.6667449147081554
task2/b2_6-2-1-2,b2,6,2,1,2,omni-693,29,30,19250,0.0,0.0,0.0,7,0.0,24,0.5116553957612003
task2/b2_6-2-1-2,b2,6,2,1,2,omni-2374,2^{2013}-6036,30,22633,0.7,1.0,1.0,6,0.0,24,0.28709037963498973
task2/b2_6-2-1-2,b2,6,2,1,2,omni-2137,12345,30,19205,0.0,0.0,0.0,25,0.0,24,0.3501332674671715
task2/b2_6-2-1-2,b2,6,2,1,2,omni-4072,$\text{第二个玩家有获胜策略，当且仅当} \displaystyle n \leq \varphi k \text{和}  \displaystyle k \leq \varphi n \text{而且}  \displaystyle \varphi=\frac{\sqrt{5}+1}{2}$,30,12271,0.0,0.0,0.0,12,0.0,24,0.3466856318335408
task2/b2_6-2-1-2,b2,6,2,1,2,omni-2962,8 \text{ p.m. on Saturday},30,5283,0.9666666666666667,1.0,1.0,3,0.0,24,0.27284615987944993
task2/b2_6-2-1-2,b2,6,2,1,2,omni-4058,\text{No},30,14795,0.8333333333333334,1.0,1.0,2,0.0,24,0.512078344388621
task2/b2_6-2-1-2,b2,6,2,1,2,omni-2636,2530,30,7140,0.0,0.0,0.0,3,0.0,24,0.37995021355559727
task2/b2_6-2-1-2,b2,6,2,1,2,omni-543,48,30,8376,0.0,0.0,0.0,8,0.0,24,0.5087786934168462
task2/b2_6-2-1-2,b2,6,2,1,2,omni-1219,\frac{19}{28},30,16275,0.0,0.0,0.0,20,0.0,24,0.24959569837125273
task2/b2_6-2-1-2,b2,6,2,1,2,omni-742,2402,30,14553,0.7666666666666667,1.0,1.0,5,0.03333333333333333,24,0.68007324060527
task2/b2_6-2-1-2,b2,6,2,1,2,omni-3950,2^n - 1,30,10674,0.03333333333333333,1.0,1.0,6,0.0,24,0.514165614334333
task2/b2_6-2-1-2,b2,6,2,1,2,omni-4042,f(x) = c \text{ for any } c > 0.,30,16256,0.0,0.0,0.0,25,0.0,24,0.5470869291327515
task2/b2_6-2-1-2,b2,6,2,1,2,omni-1957,60\left(1-\left(\frac{1}{10}\right)^{\frac{1}{9}}\right),30,18913,0.0,0.0,0.0,5,0.0,24,0.44826783337743
task2/b2_6-2-1-2,b2,6,2,1,2,omni-4029,"\text{For } n = 3, \text{ it is not possible. For } n = 2, \text{ it is possible.}",30,12217,0.0,0.0,0.0,11,0.0,24,0.3569578279604871
task2/b2_6-2-1-2,b2,6,2,1,2,omni-3759,2,30,15518,0.4,1.0,1.0,4,0.0,24,0.4103909565591733
task2/b2_6-2-1-2,b2,6,2,1,2,omni-2839,9,30,18707,0.03333333333333333,1.0,1.0,6,0.0,24,0.25867155309494355
task2/b2_6-2-1-2,b2,6,2,1,2,omni-2427,199 \pi,30,6636,1.0,1.0,0.0,1,0.0,24,0.3072836870549825
task2/b2_6-2-1-2,b2,6,2,1,2,omni-3641,f(n) = 1 \text{ for all } n \in \mathbb{N} \text{ or } f(n) = n^2 \text{ for all } n \in \mathbb{N}.,30,16745,0.1,1.0,1.0,6,0.0,24,0.4321291999005825
task2/b2_6-2-1-2,b2,6,2,1,2,omni-2092,\frac{189}{2},30,12226,0.0,0.0,0.0,6,0.0,24,0.46766208095850814
task2/b2_6-2-1-2,b2,6,2,1,2,omni-2501,20,30,21543,0.16666666666666666,1.0,1.0,14,0.03333333333333333,24,0.5552986329844133
task2/b2_6-2-1-2,b2,6,2,1,2,omni-3401,62\%,30,3079,1.0,1.0,0.0,1,0.0,24,0.3823134099373251
task2/b2_6-2-1-2,b2,6,2,1,2,omni-2658,648,30,16745,0.0,0.0,0.0,18,0.0,24,0.5324230008048133
task2/b2_6-2-1-2,b2,6,2,1,2,omni-2829,8,30,3911,1.0,1.0,0.0,1,0.0,24,0.3556069043720657
task2/b2_6-2-1-2,b2,6,2,1,2,omni-1703,105,30,10087,1.0,1.0,0.0,1,0.0,24,0.48281109851077764
task2/b2_6-2-1-2,b2,6,2,1,2,omni-3317,23097,30,14347,0.0,0.0,0.0,11,0.0,24,0.5532981598077548
task2/b2_6-2-1-2,b2,6,2,1,2,omni-1144,1/5,30,17957,0.13333333333333333,1.0,1.0,17,0.0,24,0.4641659373324348
task2/b2_6-2-1-2,b2,6,2,1,2,omni-2704,9 \mathrm{~km} / \mathrm{h},30,12129,1.0,1.0,0.0,2,0.0,24,0.3059166165184961
task2/b2_6-2-1-2,b2,6,2,1,2,omni-3626,2k - 1,30,10436,0.0,0.0,0.0,10,0.0,24,0.41325558391967365
task2/b2_6-2-1-2,b2,6,2,1,2,omni-4043,"(a, a+1)",30,22454,0.0,0.0,0.0,16,0.0,24,0.43410672177649773
task2/b2_6-2-1-2,b2,6,2,1,2,omni-1167,\frac{A B^{2}}{A C^{2}},30,10419,0.16666666666666666,1.0,1.0,16,0.0,24,0.41967242017981254
task2/b2_6-2-1-2,b2,6,2,1,2,omni-2469,\sqrt[4]{2},30,8694,1.0,1.0,0.0,1,0.0,24,0.3753652181014447
task2/b2_6-2-1-2,b2,6,2,1,2,omni-750,89,30,14607,1.0,1.0,0.0,1,0.0,24,0.2141244902529491
task2/b2_6-2-1-2,b2,6,2,1,2,omni-270,"The minimal total penalty a player can amass is:
\[ \min(BW, 2WR, 3RB) \]

The number of optimal strategies is:
- If \( BW \neq 2WR \neq 3RB \), there is \( 1 \) optimal strategy.
- If \( BW = 2WR < 3RB \), there are \( W+1 \) strategies.
- If \( 2WR = 3RB < BW \), there are \( R+1 \) strategies.
- If \( 3RB = BW < 2WR \), there are \( B+1 \) strategies.
- If \( BW = 2WR = 3RB \), there are \( R+B+W \) strategies.",30,19890,0.0,0.0,0.0,21,0.06666666666666667,24,0.35325943852134256
task2/b2_6-2-1-2,b2,6,2,1,2,omni-657,1545,30,18425,0.0,0.0,0.0,26,0.0,24,0.5850838739287386
task2/b2_6-2-1-2,b2,6,2,1,2,omni-2254,"(30,92) \text{ OR } (92,30)",30,29718,0.0,0.0,0.0,13,0.03333333333333333,24,0.2472393651877002
task2/b2_6-2-1-2,b2,6,2,1,2,omni-2746,1: 2,30,9417,0.9666666666666667,1.0,1.0,2,0.0,24,0.3784984694679101
task2/b2_6-2-1-2,b2,6,2,1,2,omni-1396,f(n)=\left\{\begin{array}{cl} 0 & \text { if } n \text { is even } \\ \frac{1}{2 n} & \text { if } n \text { is odd } \end{array}\right.,30,14828,0.0,0.0,0.0,6,0.0,24,0.4954516551096337
task2/b2_6-2-1-2,b2,6,2,1,2,omni-606,1+\sqrt{\frac{7}{15}},30,19805,0.0,0.0,0.0,9,0.0,24,0.41047979515007976
task2/b2_6-2-1-2,b2,6,2,1,2,omni-950,\binom{100}{50} 2^{98},30,10008,0.0,0.0,0.0,13,0.0,24,0.3137562692469906
task2/b2_6-2-1-2,b2,6,2,1,2,omni-500,28,30,13857,0.0,0.0,0.0,9,0.03333333333333333,24,0.5012714338280051
task2/b2_6-2-1-2,b2,6,2,1,2,omni-2466,3680,30,19468,0.7333333333333333,1.0,1.0,6,0.0,24,0.25347543885825075
task2/b2_6-2-1-2,b2,6,2,1,2,omni-1633,323,30,9124,0.03333333333333333,1.0,1.0,7,0.0,24,0.33744414844060366
task2/b2_6-2-1-2,b2,6,2,1,2,omni-1326,714,30,10087,0.0,0.0,0.0,6,0.0,24,0.4974373384243254
task2/b2_6-2-1-2,b2,6,2,1,2,omni-3863,59,30,9334,0.0,0.0,0.0,7,0.0,24,0.4838711920098487
task2/b2_6-2-1-2,b2,6,2,1,2,omni-101,7,30,8233,0.0,0.0,0.0,1,0.0,24,0.27367961892083625
task2/b2_6-2-1-2,b2,6,2,1,2,omni-3947,(2n-1)!!,30,10706,0.0,0.0,0.0,4,0.0,24,0.441075058479038
task2/b2_6-2-1-2,b2,6,2,1,2,omni-661,3 \sqrt{3} / 2,30,8222,0.0,0.0,0.0,6,0.0,24,0.45629906906701473
task2/b2_6-2-1-2,b2,6,2,1,2,omni-3101,33,30,10361,0.1,1.0,1.0,9,0.0,24,0.4904433703746349
task2/b2_6-2-1-2,b2,6,2,1,2,omni-2123,\frac{21}{2},30,16376,0.23333333333333334,1.0,1.0,10,0.0,24,0.6149484078687188
task2/b2_6-2-1-2,b2,6,2,1,2,omni-2670,19,30,5403,1.0,1.0,0.0,1,0.0,24,0.36395996358703564
task2/b2_6-2-1-2,b2,6,2,1,2,omni-120,199,30,23516,0.0,0.0,0.0,7,0.0,24,0.6762331758968404
task2/b2_6-2-1-2,b2,6,2,1,2,omni-801,\frac{116}{35},30,11196,0.0,0.0,0.0,6,0.0,24,0.5905503884450171
task2/b2_6-2-1-2,b2,6,2,1,2,omni-3896,"2, 3, 4, 6, 8, 12, 24",30,16392,0.0,0.0,0.0,13,0.0,24,0.40718931837275557
task2/b2_6-2-1-2,b2,6,2,1,2,omni-1092,192,30,10732,0.0,0.0,0.0,3,0.0,24,0.5973127246271274
task2/b2_6-2-1-2,b2,6,2,1,2,omni-333,77,30,26812,0.0,0.0,0.0,20,0.03333333333333333,24,0.3990071716315697
task2/b2_6-2-1-2,b2,6,2,1,2,omni-3567,y = -\frac{1}{4},30,10979,0.0,0.0,0.0,12,0.0,24,0.6914890876336458
task2/b2_6-2-1-2,b2,6,2,1,2,omni-1237,20,30,18519,0.9,1.0,1.0,4,0.0,24,0.22037911274239189
task2/b2_6-2-1-2,b2,6,2,1,2,omni-337,\[ x = 4 \],30,14013,0.9666666666666667,1.0,1.0,2,0.0,24,0.6599334020777942
task2/b2_6-2-1-2,b2,6,2,1,2,omni-2403,\frac{5}{7},30,12147,0.0,0.0,0.0,6,0.0,24,0.3479346687060363
task2/b2_6-2-1-2,b2,6,2,1,2,omni-580,7,30,21312,0.26666666666666666,1.0,1.0,5,0.0,24,0.3835169005726453
task2/b2_6-2-1-2,b2,6,2,1,2,omni-3941,"(2,2)(3,3)(1,2)(2,1)(2,3)(3,2)",30,18653,0.0,0.0,0.0,17,0.0,24,0.5737915013913941
task2/b2_6-2-1-2,b2,6,2,1,2,omni-309,"The simple modules of \( A \) are the 1-dimensional modules \( S_i \) for \( 1 \leq i \leq n \), where \( E_{ii} \) acts by 1 and \( E_{ij}, E_{jj} \) act by 0 for \( j \neq i \).",30,11308,0.0,0.0,0.0,14,0.0,24,0.41411042381630064
task2/b2_6-2-1-2,b2,6,2,1,2,omni-1622,Even,30,19174,0.16666666666666666,1.0,1.0,3,0.0,24,0.33473388676134297
task2/b2_6-2-1-2,b2,6,2,1,2,omni-3674,"(2, 3) \text{ and } (6, 15)",30,15266,0.1,1.0,1.0,13,0.0,24,0.5803119414173854
task2/b2_6-2-1-2,b2,6,2,1,2,omni-3532,The sum diverges.,30,17321,0.0,0.0,0.0,4,0.0,24,0.45247107109980217
task2/b2_6-2-1-2,b2,6,2,1,2,omni-3260,160,30,4907,1.0,1.0,0.0,1,0.0,24,0.4427094108123337
task2/b2_6-2-1-2,b2,6,2,1,2,omni-1239,-6,30,16074,0.7,1.0,1.0,7,0.0,24,0.4683797618291449
task2/b2_6-2-1-2,b2,6,2,1,2,omni-2641,7,30,18230,0.9333333333333333,1.0,1.0,1,0.0,24,0.3452928204411605
task2/b2_6-2-1-2,b2,6,2,1,2,omni-290,\[ 4 \cdot 2007 - 3 = 8025 \],30,14589,0.0,0.0,0.0,9,0.03333333333333333,24,0.3274696460372225
task2/b2_6-2-1-2,b2,6,2,1,2,omni-4231,$1\text{ for } n=1\text{ and } n^4-n^3\text{ for }n \ge 2$,30,10595,0.0,0.0,0.0,8,0.0,24,0.40434776419818635
task2/b2_6-2-1-2,b2,6,2,1,2,omni-3774,75^\circ,30,8495,0.0,0.0,0.0,2,0.0,24,0.5598836850481032
task2/b2_6-2-1-2,b2,6,2,1,2,omni-4243,"\[
\text{For all } n \geq 2.
\]",30,13456,0.0,0.0,0.0,9,0.03333333333333333,24,0.40839333169691755
task2/b2_6-2-1-2,b2,6,2,1,2,omni-1913,\frac{1}{2},30,13670,0.1,1.0,1.0,5,0.0,24,0.32561332842014823
task2/b2_6-2-1-2,b2,6,2,1,2,omni-2146,\frac{15 \sqrt{37}-75}{4},30,15075,0.0,0.0,0.0,14,0.0,24,0.4140879309099866
task2/b2_6-2-1-2,b2,6,2,1,2,omni-2351,\frac{13}{3},30,11160,0.0,0.0,0.0,10,0.0,24,0.6566023127990933
task2/b2_6-2-1-2,b2,6,2,1,2,omni-668,41,30,14686,0.0,0.0,0.0,5,0.0,24,0.640062378235099
task2/b2_6-2-1-2,b2,6,2,1,2,omni-385,1,30,19274,0.8666666666666667,1.0,1.0,3,0.0,24,0.5043451617900282
task2/b2_6-2-1-2,b2,6,2,1,2,omni-1597,"(995,1),(176,10),(80,21)",30,12691,0.0,0.0,0.0,6,0.0,24,0.5104595011458156
task2/b2_6-2-1-2,b2,6,2,1,2,omni-1041,\binom{43}{21}-1,30,12273,0.0,0.0,0.0,15,0.0,24,0.546415882475933
task2/b2_6-2-1-2,b2,6,2,1,2,omni-3043,5,30,6721,1.0,1.0,0.0,1,0.0,24,0.4177343422270401
task2/b2_6-2-1-2,b2,6,2,1,2,omni-4260,"$\boxed{(1,2,1,0), (2,0,2,0), (2,1,2,0,0), (x-3,2,1,0,0,\ldots, 0,1,0,0,0)} \text{ for any } x \ge 6$",30,19073,0.0,0.0,0.0,21,0.0,24,0.4243688036399971
task2/b2_6-2-1-2,b2,6,2,1,2,omni-929,1149852,30,16765,0.03333333333333333,1.0,1.0,20,0.0,24,0.4425677183618026
task2/b2_6-2-1-2,b2,6,2,1,2,omni-1279,"\[
\sup \{V \mid V \text{ is good} \} = \frac{1}{4}
\]",30,12802,0.0,0.0,0.0,5,0.0,24,0.4066876386461859
task2/b2_6-2-1-2,b2,6,2,1,2,omni-2069,1026,30,26806,0.0,0.0,0.0,12,0.0,24,0.30527107661427527
task2/b2_6-2-1-2,b2,6,2,1,2,omni-2849,-y,30,4316,1.0,1.0,0.0,1,0.0,24,0.37125943729507255
task2/b2_6-2-1-2,b2,6,2,1,2,omni-26,n - 1,30,13693,0.0,0.0,0.0,2,0.0,24,0.5933024685653024
task2/b2_6-2-1-2,b2,6,2,1,2,omni-2484,25,30,24627,0.03333333333333333,1.0,1.0,15,0.0,24,0.49174850285816807
task2/b2_6-2-1-2,b2,6,2,1,2,omni-776,178,30,20957,0.36666666666666664,1.0,1.0,9,0.0,24,0.19312075102609458
task2/b2_6-2-1-2,b2,6,2,1,2,omni-3867,f(x) = -1 \text{ and } f(x) = x - 1.,30,19480,0.1,1.0,1.0,15,0.0,24,0.593760337761408
task2/b2_6-2-1-2,b2,6,2,1,2,omni-4270,"\[
a_{u+vn} = 
\begin{cases} 
0, & u+v \le n, \\ 
1, & u+v \ge n+1 
\end{cases} 
\quad \text{for all } 1 \le u \le n \text{ and } 0 \le v \le n.
\]
\[
\text{The terms can be arranged into blocks of length } n \text{ as}
\]
\[
\underbrace{(0 \cdots 0)}_{n} \underbrace{(0 \cdots 0 \ 1)}_{n-1} \underbrace{(0 \cdots 0 \ 1 \ 1)}_{n-2} \cdots \underbrace{(0 \cdots 0 \ 1 \cdots 1)}_{n-v} \underbrace{(0 \ 1 \cdots 1)}_{v} \cdots \underbrace{(0 \ 1 \cdots 1)}_{n-1} \underbrace{(1 \cdots 1)}_{n}.
\]",30,16427,0.5666666666666667,1.0,1.0,23,0.0,24,0.4720025825778209
task2/b2_6-2-1-2,b2,6,2,1,2,omni-2729,2,30,3978,1.0,1.0,0.0,1,0.0,24,0.6709675177013
task2/b2_6-2-1-2,b2,6,2,1,2,omni-3669,12,30,13791,0.06666666666666667,1.0,1.0,6,0.0,24,0.554584524389111
task2/b2_6-2-1-2,b2,6,2,1,2,omni-2384,257,30,12427,0.0,0.0,0.0,8,0.0,24,0.5942827862908925
task2/b2_6-2-1-2,b2,6,2,1,2,omni-3153,18,30,13707,0.03333333333333333,1.0,1.0,12,0.0,24,0.25705586766939087
task2/b2_6-2-1-2,b2,6,2,1,2,omni-2130,64912347,30,15914,0.0,0.0,0.0,24,0.0,24,0.33236350362112427
task2/b2_6-2-1-2,b2,6,2,1,2,omni-3205,8,30,4102,0.0,0.0,0.0,3,0.0,24,0.45569376058508765
task2/b2_6-2-1-2,b2,6,2,1,2,omni-3691,P(x) = x + 1,30,14533,0.1,1.0,1.0,21,0.0,24,0.48392257819831924
task2/b2_6-2-1-2,b2,6,2,1,2,omni-1559,"-6,0,2,8",30,22818,0.0,0.0,0.0,10,0.0,24,0.4147313685981459
task2/b2_6-2-1-2,b2,6,2,1,2,omni-2724,181,30,15572,0.0,0.0,0.0,22,0.0,24,0.429001340043131
task2/b2_6-2-1-2,b2,6,2,1,2,omni-218,"\[
\boxed{\left(\frac{c^2+c-1}{c^2}, \frac{c}{c-1}, c\right)}
\]",30,16964,0.0,0.0,0.0,7,0.0,24,0.6220432966508093
task2/b2_6-2-1-2,b2,6,2,1,2,omni-298,"The pairs of positive integers \((x, y)\) that satisfy the equation \(x^y = y^{x - y}\) are:

\[
(x, y) = (9, 3) \quad \text{and} \quad (x, y) = (8, 2)
\]",30,18465,0.0,0.0,0.0,10,0.0,24,0.4408222958649945
task2/b2_6-2-1-2,b2,6,2,1,2,omni-186,\text{There exist infinitely many such sets } A \text{ and } B.,30,17120,0.03333333333333333,1.0,1.0,11,0.0,24,0.5808267016287499
task2/b2_6-2-1-2,b2,6,2,1,2,omni-2869,12,30,4975,1.0,1.0,0.0,1,0.0,24,0.7089889765959708
task2/b2_6-2-1-2,b2,6,2,1,2,omni-2131,-\frac{2016}{2017},30,14042,0.16666666666666666,1.0,1.0,11,0.0,24,0.32913707095099004
task2/b2_6-2-1-2,b2,6,2,1,2,omni-2804,20,30,14903,0.3,1.0,1.0,8,0.0,24,0.5804155116122532
task2/b2_6-2-1-2,b2,6,2,1,2,omni-3357,\log _{2008} 2009,30,15054,0.8333333333333334,1.0,1.0,4,0.0,24,0.44414827398736234
task2/b2_6-2-1-2,b2,6,2,1,2,omni-3751,\frac{1}{99},30,18754,0.0,0.0,0.0,6,0.0,24,0.544488327176368
task2/b2_6-2-1-2,b2,6,2,1,2,omni-2885,11,30,20744,0.03333333333333333,1.0,1.0,16,0.0,24,0.4264649286120141
task2/b2_6-2-1-2,b2,6,2,1,2,omni-12,n \neq 5,30,11929,0.0,0.0,0.0,4,0.0,24,0.5260120736859878
task2/b2_6-2-1-2,b2,6,2,1,2,omni-258,\[ N = 2k^3 + 3k^2 + 3k \],30,17604,0.0,0.0,0.0,24,0.0,24,0.4933461383879075
task2/b2_6-2-1-2,b2,6,2,1,2,omni-1291,\frac{7}{33},30,9897,0.3,1.0,1.0,13,0.0,24,0.4692546494818066
task2/b2_6-2-1-2,b2,6,2,1,2,omni-2556,\frac{91 \sqrt{3}}{4},30,27660,0.0,0.0,0.0,9,0.03333333333333333,24,0.37792389436192225
task2/b2_6-2-1-2,b2,6,2,1,2,omni-3291,The length of the altitude of the tetrahedron from vertex \(A\) can be constructed as \(\sqrt{|A_BY'|^2 - |X'Y'|^2}\).,30,8798,0.0,0.0,0.0,12,0.0,24,0.6565300257463115
task2/b2_6-2-1-2,b2,6,2,1,2,omni-1560,4,30,16025,0.03333333333333333,1.0,1.0,2,0.0,24,0.5594332860550331
task2/b2_6-2-1-2,b2,6,2,1,2,omni-3249,"$(a,b,c) = (9,8,7)$",30,11125,0.0,0.0,0.0,5,0.0,24,0.4481167052817377
task2/b2_6-2-1-2,b2,6,2,1,2,omni-4266,\text{Yes},30,8941,0.7333333333333333,1.0,1.0,2,0.0,24,0.40299215302557806
task2/b2_6-2-1-2,b2,6,2,1,2,omni-1685,\frac{2009}{2},30,12699,0.8666666666666667,1.0,1.0,2,0.0,24,0.4310725003721097
task2/b2_6-2-1-2,b2,6,2,1,2,omni-3051,17,30,9993,1.0,1.0,0.0,1,0.0,24,0.3127733207059242
task2/b2_6-2-1-2,b2,6,2,1,2,omni-2223,\frac{2013}{2014},30,7196,0.0,0.0,0.0,5,0.0,24,0.25879924965007095
task2/b2_6-2-1-2,b2,6,2,1,2,omni-2208,\frac{39}{67},30,11241,0.0,0.0,0.0,3,0.0,24,0.5799965682562558
task2/b2_6-2-1-2,b2,6,2,1,2,omni-941,144,30,11249,0.13333333333333333,1.0,1.0,11,0.0,24,0.6514339129213217
task2/b2_6-2-1-2,b2,6,2,1,2,omni-2479,36 \cdot 2^{2009}+36,30,16339,0.0,0.0,0.0,18,0.0,24,0.40862930039639594
task2/b2_6-2-1-2,b2,6,2,1,2,omni-3883,f(x) = 1 \text{ for all } x \in \mathbb{Q}_{>0}.,30,15651,0.3,1.0,1.0,6,0.0,24,0.502018106113406
task2/b2_6-2-1-2,b2,6,2,1,2,omni-2473,49,30,20613,0.06666666666666667,1.0,1.0,4,0.1,24,0.5279202534982216
task2/b2_6-2-1-2,b2,6,2,1,2,omni-1810,"(3,3),(-4,-4),\left(\frac{1+3 \sqrt{5}}{2}, \frac{1-3 \sqrt{5}}{2}\right),\left(\frac{1-3 \sqrt{5}}{2}, \frac{1+3 \sqrt{5}}{2}\right)",30,23709,0.9,1.0,1.0,8,0.0,24,0.32949050402784
task2/b2_6-2-1-2,b2,6,2,1,2,omni-4002,\text{No},30,7629,0.1,1.0,1.0,2,0.0,24,0.5079882833729303
task2/b2_6-2-1-2,b2,6,2,1,2,omni-1572,8+5 \sqrt{3},30,24869,0.0,0.0,0.0,7,0.0,24,0.5502930873978078
task2/b2_6-2-1-2,b2,6,2,1,2,omni-1697,65536,30,5644,1.0,1.0,0.0,1,0.0,24,0.2993977482776696
task2/b2_6-2-1-2,b2,6,2,1,2,omni-858,945,30,11909,1.0,1.0,0.0,1,0.0,24,0.2925359749289647
task2/b2_6-2-1-2,b2,6,2,1,2,omni-4083,{\frac{2\left(\sin\frac{\pi}{3\cdot 2^{99}}\right)\left(1-\cos\frac{\pi}{2^{98}}\right)}{\sin \frac{\pi}{2^{99}}}},30,10708,0.0,0.0,0.0,9,0.0,24,0.5380319605040514
task2/b2_6-2-1-2,b2,6,2,1,2,omni-4301,1023,30,13287,0.0,0.0,0.0,7,0.0,24,0.4669266101043707
task2/b2_6-2-1-2,b2,6,2,1,2,omni-1843,2^{2000},30,15701,0.0,0.0,0.0,15,0.0,24,0.41741024320482345
task2/b2_6-2-1-2,b2,6,2,1,2,omni-3041,5,30,29371,0.7333333333333333,1.0,1.0,4,0.0,24,0.2927536198507108
task2/b2_6-2-1-2,b2,6,2,1,2,omni-625,-26,30,16745,0.0,0.0,0.0,8,0.0,24,0.6616284385739861
task2/b2_6-2-1-2,b2,6,2,1,2,omni-167,The assertion is false; \( n = 25 \) is a counter-example.,30,13297,0.0,0.0,0.0,9,0.0,24,0.5270298097905654
task2/b2_6-2-1-2,b2,6,2,1,2,omni-2480,924,30,18063,0.0,0.0,0.0,15,0.03333333333333333,24,0.47447735257339335
task2/b2_6-2-1-2,b2,6,2,1,2,omni-2736,20,30,4582,1.0,1.0,0.0,1,0.0,24,0.37187872276440426
task2/b2_6-2-1-2,b2,6,2,1,2,omni-1240,899,30,18779,0.8,1.0,1.0,6,0.0,24,0.3547526539645495
task2/b2_6-2-1-2,b2,6,2,1,2,omni-3857,"{P(0) \in (-\infty,0)\cup \{1\} }",30,11738,0.0,0.0,0.0,1,0.0,24,0.5479410277022917
task2/b2_6-2-1-2,b2,6,2,1,2,omni-3140,777.5,30,24972,0.0,0.0,0.0,8,0.0,24,0.4628197489696045
task2/b2_6-2-1-2,b2,6,2,1,2,omni-3175,12,30,8304,0.0,0.0,0.0,15,0.0,24,0.49845198521819617
task2/b2_6-2-1-2,b2,6,2,1,2,omni-3731,\frac{y \pm \sqrt{y^2 - 4}}{2} \text{ where } y \text{ is an integer with } |y| \geq 2,30,12793,0.0,0.0,0.0,9,0.0,24,0.6493529076246652
task2/b2_6-2-1-2,b2,6,2,1,2,omni-1769,26,30,27598,0.0,0.0,0.0,19,0.0,24,0.4001696847317304
task2/b2_6-2-1-2,b2,6,2,1,2,omni-1193,7/15,30,22590,0.0,0.0,0.0,21,0.0,24,0.4269661438187236
task2/b2_6-2-1-2,b2,6,2,1,2,omni-251,\text{No solutions},30,17282,0.1,1.0,1.0,8,0.0,24,0.6286913559199286
task2/b2_6-2-1-2,b2,6,2,1,2,omni-643,\frac{9}{10},30,22728,0.16666666666666666,1.0,1.0,16,0.0,24,0.36405244420256383
task2/b2_6-2-1-2,b2,6,2,1,2,omni-1457,"There are two families of answers: (a) $a_{n}=c(n+2) n!$ for all $n \geq 1$ and $a_{0}=c+1$ for some integer $c \geq 2014$, and (b) $a_{n}=c(n+2) n!$ for all $n \geq 1$ and $a_{0}=c-1$ for some integer $c \geq 2016$.",30,21945,0.06666666666666667,1.0,1.0,19,0.0,24,0.46263818699183457
task2/b2_6-2-1-2,b2,6,2,1,2,omni-1677,\frac{55}{81},30,19451,0.0,0.0,0.0,20,0.0,24,0.5394042777007273
task2/b2_8-4-2-2,b2,8,4,2,2,omni-3155,n=2^k-1 \text{ for some integer } k\geq 1,136,69886,0.0,0.0,0.0,12,0.007352941176470588,128,0.4848095031637617
task2/b2_8-4-2-2,b2,8,4,2,2,omni-3904,"f(x) = C, \quad f(x) = \pm x + C, \quad \text{or} \quad f(x) = \pm x^3 + C",136,58488,0.0,0.0,0.0,22,0.0,128,0.6378353041926293
task2/b2_8-4-2-2,b2,8,4,2,2,omni-2052,-\frac{1}{2},136,45113,0.9558823529411765,1.0,1.0,6,0.0,128,0.4574984099336709
task2/b2_8-4-2-2,b2,8,4,2,2,omni-824,2005^{1002} / 2004!,136,53384,0.17647058823529413,1.0,1.0,19,0.0,128,0.5794586177704637
task2/b2_8-4-2-2,b2,8,4,2,2,omni-2133,2017,136,42371,0.8676470588235294,1.0,1.0,6,0.0,128,0.34319121245798145
task2/b2_8-4-2-2,b2,8,4,2,2,omni-1998,\frac{5}{12},136,59675,0.0,0.0,0.0,36,0.0,128,0.5071163663791542
task2/b2_8-4-2-2,b2,8,4,2,2,omni-747,477,136,30350,0.0,0.0,0.0,11,0.0,128,0.5192174390106817
task2/b2_8-4-2-2,b2,8,4,2,2,omni-1022,1/2,136,106305,0.14705882352941177,1.0,1.0,37,0.0,128,0.35880003996349485
task2/b2_8-4-2-2,b2,8,4,2,2,omni-2597,13,136,42974,0.0661764705882353,1.0,1.0,26,0.0,128,0.8127175203313994
task2/b2_8-4-2-2,b2,8,4,2,2,omni-3903,"2, 128, 2000",136,76010,0.0,0.0,0.0,19,0.0,128,0.5629025854531576
task2/b2_8-4-2-2,b2,8,4,2,2,omni-4297,\text{Yes},136,41431,0.3235294117647059,1.0,1.0,3,0.0,128,0.6360720250447806
task2/b2_8-4-2-2,b2,8,4,2,2,omni-4035,\text{Further combinatorial analysis required},136,47921,0.0,0.0,0.0,63,0.0,128,0.5596874026226968
task2/b2_8-4-2-2,b2,8,4,2,2,omni-1990,1481480,136,104947,0.0,0.0,0.0,58,0.0,128,0.4751546016860363
task2/b2_8-4-2-2,b2,8,4,2,2,omni-3490,8n,136,26902,1.0,1.0,0.0,1,0.0,128,0.4504332113184905
task2/b2_8-4-2-2,b2,8,4,2,2,omni-1019,\frac{11}{4},136,99399,0.007352941176470588,1.0,1.0,36,0.0,128,0.497191131998188
task2/b2_8-4-2-2,b2,8,4,2,2,omni-177,"\[ n = 2^{a+1} + 2^b, \quad a, b \ge 0 \]

Alternatively, this condition can be expressed as either \( n = 2^k, \, k \ge 2 \) or \( n \) is the sum of two distinct powers of 2.",136,41218,0.0,0.0,0.0,32,0.0,128,0.5700930837476378
task2/b2_8-4-2-2,b2,8,4,2,2,omni-3486,131,136,61084,1.0,1.0,0.0,1,0.0,128,0.1998554630013255
task2/b2_8-4-2-2,b2,8,4,2,2,omni-3572,"(0, 0, 0)",136,65081,0.9191176470588235,1.0,1.0,12,0.0,128,0.483672736839027
task2/b2_8-4-2-2,b2,8,4,2,2,omni-2937,15,136,31102,0.7132352941176471,1.0,1.0,5,0.0,128,0.47911491076859664
task2/b2_8-4-2-2,b2,8,4,2,2,omni-4337,1,136,40359,1.0,1.0,0.0,1,0.0,128,0.6952726620781278
task2/b2_8-4-2-2,b2,8,4,2,2,omni-4166,\text{yes},136,40143,0.9191176470588235,1.0,1.0,4,0.0,128,0.5667667146954315
task2/b2_8-4-2-2,b2,8,4,2,2,omni-647,4,136,34828,0.7867647058823529,1.0,1.0,5,0.0,128,0.69017769851215
task2/b2_8-4-2-2,b2,8,4,2,2,omni-2358,10,136,93907,0.014705882352941176,1.0,1.0,23,0.0,128,0.4951362322403058
task2/b2_8-4-2-2,b2,8,4,2,2,omni-1575,516,136,36460,0.0,0.0,0.0,31,0.0,128,0.49296677766841923
task2/b2_8-4-2-2,b2,8,4,2,2,omni-3295,\[ k \neq 1 \],136,43342,0.08088235294117647,1.0,1.0,23,0.007352941176470588,128,0.5673800240569324
task2/b2_8-4-2-2,b2,8,4,2,2,omni-3656,"(a, b, p, n) = (2^k, 2^k, 2, 2013k + 1)",136,40100,0.27205882352941174,1.0,1.0,30,0.0,128,0.691922034237401
task2/b2_8-4-2-2,b2,8,4,2,2,omni-3824,(-1)^n 2^{n-1} d^n (2a + nd),136,44866,0.0,0.0,0.0,67,0.0,128,0.618175240872689
task2/b2_8-4-2-2,b2,8,4,2,2,omni-3420,Tuesday,136,30440,0.6838235294117647,1.0,1.0,11,0.007352941176470588,128,0.566617915063447
task2/b2_8-4-2-2,b2,8,4,2,2,omni-974,1-\ln (e-1),136,42575,0.0,0.0,0.0,7,0.0,128,0.6172019312836631
task2/b2_8-4-2-2,b2,8,4,2,2,omni-666,\pi / 2,136,66613,0.8529411764705882,1.0,1.0,5,0.0,128,0.383584138052395
task2/b2_8-4-2-2,b2,8,4,2,2,omni-2843,24,136,98791,0.0,0.0,0.0,27,0.0,128,0.49639537861705824
task2/b2_8-4-2-2,b2,8,4,2,2,omni-2127,\frac{8}{17},136,59104,0.0,0.0,0.0,35,0.0,128,0.5059163878649969
task2/b2_8-4-2-2,b2,8,4,2,2,omni-4406,"{x=m\pi-\frac{\pi}{4}\ ,\ m\in Z}",136,64949,0.0,0.0,0.0,61,0.0,128,0.6176374700428535
task2/b2_8-4-2-2,b2,8,4,2,2,omni-2731,15,136,40743,0.4117647058823529,1.0,1.0,6,0.007352941176470588,128,0.603011241715473
task2/b2_8-4-2-2,b2,8,4,2,2,omni-1342,2013^{4025},136,49063,0.0,0.0,0.0,37,0.0,128,0.4922352495241867
task2/b2_8-4-2-2,b2,8,4,2,2,omni-3916,\lceil \log_a d \rceil,136,45039,0.0,0.0,0.0,10,0.0,128,0.5939062336027647
task2/b2_8-4-2-2,b2,8,4,2,2,omni-3302,The game is winnable if and only if \( n > k \ge 2 \).,136,36091,0.0,0.0,0.0,41,0.0,128,0.5727299586064951
task2/b2_8-4-2-2,b2,8,4,2,2,omni-2761,15,136,38640,0.41911764705882354,1.0,1.0,13,0.0,128,0.43425741848886695
task2/b2_8-4-2-2,b2,8,4,2,2,omni-2744,24,136,78003,0.0,0.0,0.0,7,0.0,128,0.5096892013576166
task2/b2_8-4-2-2,b2,8,4,2,2,omni-3152,24,136,19809,1.0,1.0,0.0,1,0.0,128,0.4211607764191764
task2/b2_8-4-2-2,b2,8,4,2,2,omni-1779,5994,136,82678,0.0,0.0,0.0,93,0.0,128,0.534179964197619
task2/b2_8-4-2-2,b2,8,4,2,2,omni-2936,2.2,136,31029,0.0,0.0,0.0,5,0.0,128,0.5747639342953319
task2/b2_8-4-2-2,b2,8,4,2,2,omni-1768,6,136,26937,0.0,0.0,0.0,3,0.0,128,0.5670005017938325
task2/b2_8-4-2-2,b2,8,4,2,2,omni-3996,121,136,49573,0.0,0.0,0.0,45,0.0,128,0.6278836298799302
task2/b2_8-4-2-2,b2,8,4,2,2,omni-4084,2^{n+1} - 2,136,47338,0.0,0.0,0.0,22,0.007352941176470588,128,0.47566570627196936
task2/b2_8-4-2-2,b2,8,4,2,2,omni-2104,974,136,62155,0.029411764705882353,1.0,1.0,85,0.0,128,0.43101287478369127
task2/b2_8-4-2-2,b2,8,4,2,2,omni-332,Cathy can win if and only if \( n \leq 2^{k-1} \).,136,34583,0.0,0.0,0.0,15,0.0,128,0.5198332538031323
task2/b2_8-4-2-2,b2,8,4,2,2,omni-4136,"(x,y) = (11,1), (49,1), (7t^2,7t), t \text{ is an interge}",136,100717,0.0,0.0,0.0,31,0.0,128,0.5088163093400601
task2/b2_8-4-2-2,b2,8,4,2,2,omni-3492,60 \mathrm{~g},136,20554,0.9926470588235294,1.0,1.0,2,0.0,128,0.41358916452801936
task2/b2_8-4-2-2,b2,8,4,2,2,omni-1,1,136,27079,0.7279411764705882,1.0,1.0,2,0.007352941176470588,128,0.6893174345877291
task2/b2_8-4-2-2,b2,8,4,2,2,omni-3342,39601,136,76225,0.0,0.0,0.0,36,0.007352941176470588,128,0.4547891409116488
task2/b2_8-4-2-2,b2,8,4,2,2,omni-454,132,136,30482,0.9338235294117647,1.0,1.0,2,0.0,128,0.40546043483302957
task2/b2_8-4-2-2,b2,8,4,2,2,omni-2889,26,136,55655,0.7573529411764706,1.0,1.0,15,0.022058823529411766,128,0.3026684967185158
task2/b2_8-4-2-2,b2,8,4,2,2,omni-165,\[ 1 \],136,56396,0.5220588235294118,1.0,1.0,6,0.0,128,0.5417162465268206
task2/b2_8-4-2-2,b2,8,4,2,2,omni-4016,"110,143,242,341,440,164,263,362,461,560,198,297,396,495,594,693,792,891,990",136,96025,0.0,0.0,0.0,78,0.014705882352941176,128,0.7443375584724186
task2/b2_8-4-2-2,b2,8,4,2,2,omni-2406,60,136,58908,0.029411764705882353,1.0,1.0,20,0.0,128,0.4451558961424061
task2/b2_8-4-2-2,b2,8,4,2,2,omni-2920,64,136,20912,0.8897058823529411,1.0,1.0,5,0.0,128,0.47059151511974695
task2/b2_8-4-2-2,b2,8,4,2,2,omni-1881,1516,136,83152,0.0,0.0,0.0,54,0.0,128,0.5132450155860389
task2/b2_8-4-2-2,b2,8,4,2,2,omni-3489,113,136,31913,0.0,0.0,0.0,15,0.0,128,0.66106153795319
task2/b2_8-4-2-2,b2,8,4,2,2,omni-3659,501,136,44550,0.029411764705882353,1.0,1.0,6,0.0,128,0.47865744813772565
task2/b2_8-4-2-2,b2,8,4,2,2,omni-2887,32,136,55174,0.9558823529411765,1.0,1.0,6,0.0,128,0.049091697416354524
task2/b2_8-4-2-2,b2,8,4,2,2,omni-81,\frac{97 \sqrt{2} + 40 \sqrt{3}}{15},136,65715,0.0,0.0,0.0,51,0.0,128,0.4860665062398535
task2/b2_8-4-2-2,b2,8,4,2,2,omni-1009,4,136,34105,0.0,0.0,0.0,19,0.007352941176470588,128,0.4239753096108075
task2/b2_8-4-2-2,b2,8,4,2,2,omni-3445,2004,136,62055,0.5808823529411765,1.0,1.0,11,0.0,128,0.356108748512782
task2/b2_8-4-2-2,b2,8,4,2,2,omni-2933,42,136,37033,1.0,1.0,0.0,1,0.0,128,0.3826748833457662
task2/b2_8-4-2-2,b2,8,4,2,2,omni-4362,\text{No},136,39029,0.9264705882352942,1.0,1.0,2,0.0,128,0.6890777397637736
task2/b2_8-4-2-2,b2,8,4,2,2,omni-2898,16,136,13852,1.0,1.0,0.0,2,0.0,128,0.6430515302094285
task2/b2_8-4-2-2,b2,8,4,2,2,omni-510,\frac{13}{30},136,58939,0.014705882352941176,1.0,1.0,26,0.0,128,0.38841295099661016
task2/b2_8-4-2-2,b2,8,4,2,2,omni-2664,4180,136,40712,0.875,1.0,1.0,2,0.0,128,0.35329422740245237
task2/b2_8-4-2-2,b2,8,4,2,2,omni-659,6,136,65866,0.5,1.0,1.0,7,0.0,128,0.501180314338611
task2/b2_8-4-2-2,b2,8,4,2,2,omni-2725,15,136,30552,1.0,1.0,0.0,1,0.0,128,0.4447664331778112
task2/b2_8-4-2-2,b2,8,4,2,2,omni-1983,\frac{4}{\sqrt{5}} \text{ OR } \frac{4 \sqrt{5}}{5},136,43466,0.0,0.0,0.0,2,0.007352941176470588,128,0.6706803389770508
task2/b2_8-4-2-2,b2,8,4,2,2,omni-565,52,136,49177,0.0,0.0,0.0,14,0.007352941176470588,128,0.43073469313563534
task2/b2_8-4-2-2,b2,8,4,2,2,omni-2257,\frac{\sqrt{6}}{2},136,61107,0.014705882352941176,1.0,1.0,12,0.0,128,0.5502297416686716
task2/b2_8-4-2-2,b2,8,4,2,2,omni-2927,4.309,136,26156,1.0,1.0,0.0,1,0.0,128,0.3996408595618782
task2/b2_8-4-2-2,b2,8,4,2,2,omni-132,\text{There are infinitely many positive integers } n \text{ such that } d(n!) - 1 \text{ is a composite number.},136,53961,0.6911764705882353,1.0,1.0,14,0.0,128,0.5208736578264233
task2/b2_8-4-2-2,b2,8,4,2,2,omni-509,96,136,30724,0.0,0.0,0.0,9,0.0,128,0.5882633775239534
task2/b2_8-4-2-2,b2,8,4,2,2,omni-1544,\frac{1}{2},136,60719,0.9044117647058824,1.0,1.0,10,0.0,128,0.5609342950257089
task2/b2_8-4-2-2,b2,8,4,2,2,omni-1594,"n=6, 66, 946",136,51660,0.0,0.0,0.0,33,0.014705882352941176,128,0.700932410795014
task2/b2_8-4-2-2,b2,8,4,2,2,omni-831,\frac{41}{512},136,40623,0.0,0.0,0.0,23,0.0,128,0.7069590543956457
task2/b2_8-4-2-2,b2,8,4,2,2,omni-1477,4018,136,54585,0.08823529411764706,1.0,1.0,57,0.022058823529411766,128,0.5849098613525341
task2/b2_8-4-2-2,b2,8,4,2,2,omni-3852,{\frac{n(n+1)(2n+1)}{6}},136,46048,0.0,0.0,0.0,12,0.0,128,0.3991765707990374
task2/b2_8-4-2-2,b2,8,4,2,2,omni-2053,71.8,136,35090,0.0,0.0,0.0,12,0.0,128,0.5202328078711863
task2/b2_8-4-2-2,b2,8,4,2,2,omni-2551,72^{\circ},136,19145,0.9264705882352942,1.0,1.0,5,0.0,128,0.608346995491549
task2/b2_8-4-2-2,b2,8,4,2,2,omni-2751,8,136,51857,0.9264705882352942,1.0,1.0,3,0.0,128,0.48468826812394167
task2/b2_8-4-2-2,b2,8,4,2,2,omni-2942,113,136,24642,0.0,0.0,0.0,6,0.0,128,0.5719191599271428
task2/b2_8-4-2-2,b2,8,4,2,2,omni-2739,8,136,27676,1.0,1.0,0.0,1,0.0,128,0.4402566642056772
task2/b2_8-4-2-2,b2,8,4,2,2,omni-3426,a^{2}<a<rac{1}{a},136,28470,0.0,0.0,0.0,20,0.0,128,0.5345058628193511
task2/b2_8-4-2-2,b2,8,4,2,2,omni-4321,\text{Yes},136,23813,0.0,0.0,0.0,1,0.0,128,0.5063110071380713
task2/b2_8-4-2-2,b2,8,4,2,2,omni-408,15,136,63253,0.0,0.0,0.0,21,0.0,128,0.33263304705787267
task2/b2_8-4-2-2,b2,8,4,2,2,omni-27,"(2, 6), (2^k - 1, 2), (1, n) \text{ for any } n \ge 1",136,46784,0.2647058823529412,1.0,1.0,54,0.0,128,0.5287517273899167
task2/b2_8-4-2-2,b2,8,4,2,2,omni-1626,21,136,139379,0.10294117647058823,1.0,1.0,32,0.022058823529411766,128,0.29763840879948206
task2/b2_8-4-2-2,b2,8,4,2,2,omni-178,"\[
\boxed{\frac{\pi}{4}}
\]",136,41893,0.0,0.0,0.0,5,0.0,128,0.5611121503900499
task2/b2_8-4-2-2,b2,8,4,2,2,omni-942,673,136,63629,0.23529411764705882,1.0,1.0,31,0.0,128,0.5063673465943762
task2/b2_8-4-2-2,b2,8,4,2,2,omni-2578,33725,136,85735,0.0,0.0,0.0,52,0.014705882352941176,128,0.26244409670364494
task2/b2_8-4-2-2,b2,8,4,2,2,omni-1460,\frac{25}{49},136,56547,0.0,0.0,0.0,9,0.0,128,0.5589385780639248
task2/b2_8-4-2-2,b2,8,4,2,2,omni-2764,\frac{89}{243},136,46369,0.0,0.0,0.0,30,0.0,128,0.4977350947134199
task2/b2_8-4-2-2,b2,8,4,2,2,omni-1224,61,136,68889,0.0,0.0,0.0,44,0.0,128,0.4371000742185788
task2/b2_8-4-2-2,b2,8,4,2,2,omni-1963,\frac{1}{1006},136,70947,0.6323529411764706,1.0,1.0,9,0.0,128,0.3792931700906045
task2/b2_8-4-2-2,b2,8,4,2,2,omni-2691,232,136,23750,1.0,1.0,0.0,1,0.0,128,0.49744761841714624
task2/b2_8-4-2-2,b2,8,4,2,2,omni-2815,-36,136,62257,1.0,1.0,0.0,1,0.0,128,0.4479315717000008
task2/b2_8-4-2-2,b2,8,4,2,2,omni-1275,\frac{1}{1-x},136,32205,1.0,1.0,0.0,1,0.0,128,0.6019895367038584
task2/b2_8-4-2-2,b2,8,4,2,2,omni-64,\text{No such } n \text{ exists},136,57629,0.0,0.0,0.0,24,0.0,128,0.6085246678045398
task2/b2_8-4-2-2,b2,8,4,2,2,omni-3465,39\%,136,51618,0.0,0.0,0.0,17,0.014705882352941176,128,0.6039295903991012
task2/b2_8-4-2-2,b2,8,4,2,2,omni-226,\frac{1}{x^2},136,50333,0.6617647058823529,1.0,1.0,19,0.0,128,0.6987762541005202
task2/b2_8-4-2-2,b2,8,4,2,2,omni-857,80,136,49838,0.0,0.0,0.0,19,0.0,128,0.5979054878159433
task2/b2_8-4-2-2,b2,8,4,2,2,omni-1215,120,136,26500,0.9411764705882353,1.0,1.0,2,0.0,128,0.5468348231873245
task2/b2_8-4-2-2,b2,8,4,2,2,omni-1654,10201,136,51835,0.3382352941176471,1.0,1.0,20,0.007352941176470588,128,0.5317214199247187
task2/b2_8-4-2-2,b2,8,4,2,2,omni-1277,43,136,58975,0.007352941176470588,1.0,1.0,16,0.007352941176470588,128,0.27986192571401364
task2/b2_8-4-2-2,b2,8,4,2,2,omni-2461,51,136,54367,0.007352941176470588,1.0,1.0,13,0.0,128,0.5123355704122609
task2/b2_8-4-2-2,b2,8,4,2,2,omni-3131,18\%,136,39199,1.0,1.0,0.0,2,0.0,128,0.38781555836425224
task2/b2_8-4-2-2,b2,8,4,2,2,omni-1688,2^{2009},136,40102,0.47058823529411764,1.0,1.0,9,0.0,128,0.5352897688962959
task2/b2_8-4-2-2,b2,8,4,2,2,omni-1490,139,136,90698,0.007352941176470588,1.0,1.0,27,0.0,128,0.6816459594868122
task2/b2_8-4-2-2,b2,8,4,2,2,omni-3147,\frac{19}{35},136,39098,0.0,0.0,0.0,18,0.0,128,0.5345579998237894
task2/b2_8-4-2-2,b2,8,4,2,2,omni-294,"The real roots of the equation \(x^4-(2\cdot10^{10}+1)x^2-x+10^{20}+10^{10}-1=0\) correct to four decimal places are approximately:
\[ x_1 \approx 10^5 - \frac{1 - \sqrt{1 + 4(10^5 + 1)}}{2 \cdot 2 \cdot 10^5} \]
\[ x_2 \approx 10^5 + \frac{1 + \sqrt{1 + 4(10^5 + 1)}}{2 \cdot 2 \cdot 10^5} \]

Given the approximations:
\[ x_1 \approx 99999.5000 \]
\[ x_2 \approx 100000.5000 \]",136,69647,0.014705882352941176,1.0,1.0,32,0.0,128,0.5895559166089356
task2/b2_8-4-2-2,b2,8,4,2,2,omni-3368,60,136,34517,0.0,0.0,0.0,13,0.0,128,0.7042921898575214
task2/b2_8-4-2-2,b2,8,4,2,2,omni-265,"\[
|S| \ge 8
\]",136,52278,0.0,0.0,0.0,15,0.0,128,0.5968281478012661
task2/b2_8-4-2-2,b2,8,4,2,2,omni-909,56,136,36445,0.625,1.0,1.0,13,0.0,128,0.47529176633259007
task2/b2_8-4-2-2,b2,8,4,2,2,omni-995,p=2 \text{ and } p \equiv 3(\bmod 4),136,66397,0.0,0.0,0.0,12,0.0,128,0.5335562607522799
task2/b2_8-4-2-2,b2,8,4,2,2,omni-617,\frac{\ln 7}{4},136,81584,0.0661764705882353,1.0,1.0,68,0.0,128,0.6545097609266699
task2/b2_8-4-2-2,b2,8,4,2,2,omni-765,1024,136,43068,0.0,0.0,0.0,6,0.014705882352941176,128,0.18641256314888244
task2/b2_8-4-2-2,b2,8,4,2,2,omni-3457,7x+4,136,54007,0.0,0.0,0.0,5,0.0,128,0.3447874136961917
task2/b2_8-4-2-2,b2,8,4,2,2,omni-3531,"\frac{5}{2}, 3, \sqrt{10}",136,27302,0.9485294117647058,1.0,1.0,4,0.0,128,0.39583626834682495
task2/b2_8-4-2-2,b2,8,4,2,2,omni-576,e^{e}-1,136,51618,0.0,0.0,0.0,12,0.0,128,0.592986500168039
task2/b2_8-4-2-2,b2,8,4,2,2,omni-1888,\frac{2}{9},136,56301,0.0,0.0,0.0,5,0.0,128,0.5050012977156303
task2/b2_8-4-2-2,b2,8,4,2,2,omni-58,\text{Every sufficiently large number appears in the sequence},136,40970,0.0,0.0,0.0,19,0.0,128,0.6093330762131197
task2/b2_8-4-2-2,b2,8,4,2,2,omni-331,There are no polynomials of degree 1 with rational coefficients that satisfy the given conditions.,136,33207,0.0,0.0,0.0,28,0.0,128,0.5574464470255249
task2/b2_8-4-2-2,b2,8,4,2,2,omni-1789,76,136,60633,0.9338235294117647,1.0,1.0,6,0.0,128,0.5132915881947515
task2/b2_8-4-2-2,b2,8,4,2,2,omni-1203,30212,136,35099,0.0,0.0,0.0,23,0.0,128,0.4660710695884487
task2/b2_8-4-2-2,b2,8,4,2,2,omni-3556,946,136,67121,0.0,0.0,0.0,52,0.022058823529411766,128,0.6505430727863768
task2/b2_8-4-2-2,b2,8,4,2,2,omni-115,45^\circ,136,57404,0.8235294117647058,1.0,1.0,3,0.0,128,0.6136902617971778
task2/b2_8-4-2-2,b2,8,4,2,2,omni-515,\frac{11}{65},136,82175,0.022058823529411766,1.0,1.0,17,0.007352941176470588,128,0.5519846677644601
task2/b2_8-4-2-2,b2,8,4,2,2,omni-2621,540,136,38880,0.4485294117647059,1.0,1.0,21,0.0,128,0.6335073922619863
task2/b2_8-4-2-2,b2,8,4,2,2,omni-4426,"\text{Kolya wins if Dima starts, and Dima wins if Kolya starts.}",136,63233,0.0,0.0,0.0,13,0.0,128,0.34086283938124384
task2/b2_8-4-2-2,b2,8,4,2,2,omni-2378,\frac{80\sqrt{3}}{9},136,46085,0.8529411764705882,1.0,1.0,14,0.007352941176470588,128,0.324644112631937
task2/b2_8-4-2-2,b2,8,4,2,2,omni-735,4 \cdot 3^{2011},136,47915,0.11029411764705882,1.0,1.0,51,0.0,128,0.5692738511870612
task2/b2_8-4-2-2,b2,8,4,2,2,omni-4274,\text{Alice},136,39638,0.6323529411764706,1.0,1.0,2,0.007352941176470588,128,0.6184945013719435
task2/b2_8-4-2-2,b2,8,4,2,2,omni-674,50,136,21914,0.0,0.0,0.0,6,0.0,128,0.6876907752366774
task2/b2_8-4-2-2,b2,8,4,2,2,omni-2220,65,136,54429,0.0,0.0,0.0,26,0.029411764705882353,128,0.5480417142672529
task2/b2_8-4-2-2,b2,8,4,2,2,omni-1198,93,136,42231,0.0,0.0,0.0,19,0.0,128,0.5964163952923033
task2/b2_8-4-2-2,b2,8,4,2,2,omni-980,17,136,40467,0.007352941176470588,1.0,1.0,31,0.007352941176470588,128,0.5229471805691475
task2/b2_8-4-2-2,b2,8,4,2,2,omni-1515,34,136,71820,0.0,0.0,0.0,12,0.007352941176470588,128,0.5633354145683498
task2/b2_8-4-2-2,b2,8,4,2,2,omni-2129,252,136,71546,0.04411764705882353,1.0,1.0,24,0.0,128,0.4624764896244869
task2/b2_8-4-2-2,b2,8,4,2,2,omni-4125,(n-2)2^n + 1,136,38376,0.0,0.0,0.0,14,0.0,128,0.6350534517694918
task2/b2_8-4-2-2,b2,8,4,2,2,omni-1387,-9+3\sqrt{13},136,57889,0.0,0.0,0.0,6,0.0,128,0.6109518621033877
task2/b2_8-4-2-2,b2,8,4,2,2,omni-960,90,136,43957,0.0,0.0,0.0,9,0.0,128,0.5626033951917659
task2/b2_8-4-2-2,b2,8,4,2,2,omni-2925,600,136,33669,0.007352941176470588,1.0,1.0,12,0.0,128,0.5680200598770423
task2/b2_8-4-2-2,b2,8,4,2,2,omni-374,\[ MA \cdot NA + MB \cdot NB + MC \cdot NC \geq MD \cdot ND \],136,71308,0.21323529411764705,1.0,1.0,66,0.0,128,0.5436784862134246
task2/b2_8-4-2-2,b2,8,4,2,2,omni-1084,2 \sqrt[4]{6},136,39485,0.007352941176470588,1.0,1.0,8,0.0,128,0.6678358663970566
task2/b2_8-4-2-2,b2,8,4,2,2,omni-1311,45,136,65046,0.0,0.0,0.0,4,0.0,128,0.400241411188512
task2/b2_8-4-2-2,b2,8,4,2,2,omni-383,6,136,21615,0.0,0.0,0.0,2,0.0,128,0.4657356280788147
task2/b2_8-4-2-2,b2,8,4,2,2,omni-3991,$\frac{13}{4}$,136,59327,0.0,0.0,0.0,6,0.0,128,0.44392845025211725
task2/b2_8-4-2-2,b2,8,4,2,2,omni-3400,160,136,27682,0.9852941176470589,1.0,1.0,3,0.0,128,0.48752490589627745
task2/b2_8-4-2-2,b2,8,4,2,2,omni-1749,47,136,69100,0.029411764705882353,1.0,1.0,33,0.0,128,0.7032843307170448
task2/b2_8-4-2-2,b2,8,4,2,2,omni-2477,\binom{34}{9},136,41331,0.16911764705882354,1.0,1.0,43,0.0,128,0.5086576017295504
task2/b2_8-4-2-2,b2,8,4,2,2,omni-2250,\frac{3}{10},136,40389,0.0,0.0,0.0,31,0.0,128,0.5566640122434432
task2/b2_8-4-2-2,b2,8,4,2,2,omni-1265,\frac{\binom{4030}{2016}}{2^{4030}},136,59099,0.051470588235294115,1.0,1.0,37,0.007352941176470588,128,0.5507523836142538
task2/b2_8-4-2-2,b2,8,4,2,2,omni-3005,19,136,46362,1.0,1.0,0.0,1,0.0,128,0.4599403437319865
task2/b2_8-4-2-2,b2,8,4,2,2,omni-1702,n=3,136,55190,0.8823529411764706,1.0,1.0,12,0.0,128,0.5718747702817616
task2/b2_8-4-2-2,b2,8,4,2,2,omni-3008,7,136,21948,0.0,0.0,0.0,19,0.0,128,0.4224024643221144
task2/b2_8-4-2-2,b2,8,4,2,2,omni-2371,18.5285921,136,53407,0.0,0.0,0.0,33,0.0,128,0.015948311210200485
task2/b2_8-4-2-2,b2,8,4,2,2,omni-395,"6,-\frac{10}{3}",136,84343,0.5,1.0,1.0,9,0.0,128,0.4661481837591034
task2/b2_8-4-2-2,b2,8,4,2,2,omni-2451,109368,136,43708,0.029411764705882353,1.0,1.0,110,0.0,128,0.502662843281716
task2/b2_8-4-2-2,b2,8,4,2,2,omni-1018,"1, 2, 3, 4",136,71971,0.15441176470588236,1.0,1.0,14,0.007352941176470588,128,0.4741899146828587
task2/b2_8-4-2-2,b2,8,4,2,2,omni-1364,\frac{7}{2},136,38830,0.3382352941176471,1.0,1.0,3,0.0,128,0.6035006610069213
task2/b2_8-4-2-2,b2,8,4,2,2,omni-803,1,136,35248,0.9632352941176471,1.0,1.0,2,0.0,128,0.3598894797951133
task2/b2_8-4-2-2,b2,8,4,2,2,omni-685,\begin{tabular}{ll} 00000000 & 00110101 \ 11001010 & 10011110 \ 11100001 & 01101011 \ 11010100 & 01100110 \ 10111001 & 10010011 \ 01111100 & 11001101 \ 00111010 & 10101100 \ 01010111 & 11110010 \ 00001111 & 01011001 \ 10100111 & 11111111 \ \end{tabular},136,45683,0.0,0.0,0.0,7,0.0,128,0.46746165808530604
task2/b2_8-4-2-2,b2,8,4,2,2,omni-4307,"(m, n) = (36, 6)",136,57149,0.0,0.0,0.0,22,0.007352941176470588,128,0.6858740535102489
task2/b2_8-4-2-2,b2,8,4,2,2,omni-1621,89,136,56368,0.007352941176470588,1.0,1.0,34,0.007352941176470588,128,0.5687433645764977
task2/b2_8-4-2-2,b2,8,4,2,2,omni-3325,2015.318180 \ldots,136,61386,0.0,0.0,0.0,29,0.0,128,0.5513673787301422
task2/b2_8-4-2-2,b2,8,4,2,2,omni-79,18,136,54083,0.0,0.0,0.0,12,0.0,128,0.5286276974257946
task2/b2_8-4-2-2,b2,8,4,2,2,omni-3104,120,136,27701,1.0,1.0,0.0,1,0.0,128,0.3586700521686493
task2/b2_8-4-2-2,b2,8,4,2,2,omni-125,"\left( \frac{1}{n+1}, \frac{1}{n+1}, \ldots, \frac{1}{n+1} \right)",136,60625,0.03676470588235294,1.0,1.0,22,0.0,128,0.4799127074181801
task2/b2_8-4-2-2,b2,8,4,2,2,omni-4340,\text{No},136,35594,0.007352941176470588,1.0,1.0,2,0.0,128,0.5517394170145361
task2/b2_8-4-2-2,b2,8,4,2,2,omni-2372,\frac{45}{14},136,89359,0.0,0.0,0.0,63,0.0,128,0.3334972573150392
task2/b2_8-4-2-2,b2,8,4,2,2,omni-4152,1,136,42164,0.014705882352941176,1.0,1.0,10,0.0,128,0.6156397247879855
task2/b2_8-4-2-2,b2,8,4,2,2,omni-3143,"f(x) = cx^d, c,d > 0, c=1 \text{ if } d=1",136,67700,0.0,0.0,0.0,50,0.0,128,0.5672253607083269
task2/b2_8-4-2-2,b2,8,4,2,2,omni-3943,3^{100},136,48610,0.03676470588235294,1.0,1.0,9,0.029411764705882353,128,0.44827240358744735
task2/b2_8-4-2-2,b2,8,4,2,2,omni-288,The area of triangle $OO_1O_2$ is minimized if $CX \perp AB$.,136,47230,0.0,0.0,0.0,22,0.0,128,0.4620332098348447
task2/b2_8-4-2-2,b2,8,4,2,2,omni-1087,1+\sqrt{2}+\sqrt{6},136,58714,0.0661764705882353,1.0,1.0,18,0.0,128,0.40519737273864853
task2/b2_8-4-2-2,b2,8,4,2,2,omni-492,3,136,63543,0.007352941176470588,1.0,1.0,15,0.0,128,0.3764619142298341
task2/b2_8-4-2-2,b2,8,4,2,2,omni-1549,318,136,74423,0.007352941176470588,1.0,1.0,90,0.0,128,0.4860159099937943
task2/b2_8-4-2-2,b2,8,4,2,2,omni-365,11,136,45747,0.0,0.0,0.0,2,0.0,128,0.36353708513293415
task2/b2_8-4-2-2,b2,8,4,2,2,omni-4290,"(a, b, c) = (10, 10, 1), (10, 1, 10), (1, 10, 10)",136,109628,0.051470588235294115,1.0,1.0,28,0.0,128,0.5422450180956782
task2/b2_8-4-2-2,b2,8,4,2,2,omni-688,"(1,1), (3,3)",136,32768,1.0,1.0,0.0,2,0.0,128,0.7217256493807145
task2/b2_8-4-2-2,b2,8,4,2,2,omni-3416,40 \text{ minutes},136,43811,0.0,0.0,0.0,19,0.0,128,0.5031520407383586
task2/b2_8-4-2-2,b2,8,4,2,2,omni-994,\frac{1999008}{1999012},136,54091,0.0,0.0,0.0,44,0.007352941176470588,128,0.3793728750351647
task2/b2_8-4-2-2,b2,8,4,2,2,omni-2996,rac{3}{8},136,30572,0.0,0.0,0.0,1,0.0,128,0.3832113296418272
task2/b2_8-4-2-2,b2,8,4,2,2,omni-2402,6,136,42678,0.0,0.0,0.0,15,0.0,128,0.5077193724763526
task2/b2_8-4-2-2,b2,8,4,2,2,omni-2121,13,136,68794,0.625,1.0,1.0,18,0.0,128,0.6137765819820478
task2/b2_8-4-2-2,b2,8,4,2,2,omni-4134,k = \left\lfloor \sqrt{n - 1}\right\rfloor,136,43804,0.0,0.0,0.0,17,0.007352941176470588,128,0.575115916995226
task2/b2_8-4-2-2,b2,8,4,2,2,omni-2540,3633,136,48507,0.0,0.0,0.0,30,0.0,128,0.494283045954595
task2/b2_8-4-2-2,b2,8,4,2,2,omni-2590,5,136,36409,0.0,0.0,0.0,4,0.0,128,0.5985440910644603
task2/b2_8-4-2-2,b2,8,4,2,2,omni-764,60^{\circ},136,22343,0.0,0.0,0.0,4,0.0,128,0.5237048489041547
task2/b2_8-4-2-2,b2,8,4,2,2,omni-1565,"(2,2),(3,3),(1,2),(2,3),(2,1),(3,2)",136,62572,0.0,0.0,0.0,30,0.0,128,0.5939689408405114
task2/b2_8-4-2-2,b2,8,4,2,2,omni-4161,\text{All odd integers } n \geq 3.,136,58395,0.27941176470588236,1.0,1.0,32,0.0,128,0.48165430791703345
task2/b2_8-4-2-2,b2,8,4,2,2,omni-1664,n^{2}+c^{2}-nc-c,136,67175,0.0,0.0,0.0,37,0.03676470588235294,128,0.4492377269585007
task2/b2_8-4-2-2,b2,8,4,2,2,omni-1506,14034,136,59730,0.0,0.0,0.0,78,0.0,128,0.4122951851599115
task2/b2_8-4-2-2,b2,8,4,2,2,omni-1066,2^{32},136,53236,0.022058823529411766,1.0,1.0,56,0.0,128,0.6403058101252728
task2/b2_8-4-2-2,b2,8,4,2,2,omni-1929,28,136,67202,0.13970588235294118,1.0,1.0,48,0.0,128,0.5445501260100897
task2/b2_8-4-2-2,b2,8,4,2,2,omni-2656,109,136,85249,0.014705882352941176,1.0,1.0,27,0.0,128,0.296301738476009
task2/b2_8-4-2-2,b2,8,4,2,2,omni-959,\frac{1}{8},136,48883,0.5588235294117647,1.0,1.0,13,0.0,128,0.4049967365771597
task2/b2_8-4-2-2,b2,8,4,2,2,omni-1792,7521,136,51004,0.014705882352941176,1.0,1.0,68,0.0,128,0.5241862161593172
task2/b2_8-4-2-2,b2,8,4,2,2,omni-3204,\frac{480}{49},136,64338,0.0,0.0,0.0,19,0.0,128,0.6040717565948707
task2/b2_8-4-2-2,b2,8,4,2,2,omni-1014,31486,136,83266,0.0,0.0,0.0,118,0.0,128,0.44893418076141417
task2/b2_8-4-2-2,b2,8,4,2,2,omni-573,\frac{5}{6},136,48858,0.058823529411764705,1.0,1.0,7,0.022058823529411766,128,0.6024993993136272
task2/b2_8-4-2-2,b2,8,4,2,2,omni-3826,120^\circ,136,43829,0.10294117647058823,1.0,1.0,8,0.0,128,0.5905315222543176
task2/b2_8-4-2-2,b2,8,4,2,2,omni-1666,8,136,31456,0.051470588235294115,1.0,1.0,7,0.0,128,0.5608427345405037
task2/b2_8-4-2-2,b2,8,4,2,2,omni-3623,150,136,72359,0.38235294117647056,1.0,1.0,10,0.0,128,0.46985449881132246
task2/b2_8-4-2-2,b2,8,4,2,2,omni-3183,No,136,54825,0.5661764705882353,1.0,1.0,2,0.0,128,0.545267549342558
task2/b2_8-4-2-2,b2,8,4,2,2,omni-2300,"(p, q, r)=\left(\frac{2}{5}, \frac{3}{10}, \frac{3}{10}\right)",136,98678,0.0,0.0,0.0,4,0.022058823529411766,128,0.22181771681852286
task2/b2_8-4-2-2,b2,8,4,2,2,omni-2541,6,136,38242,0.11764705882352941,1.0,1.0,7,0.0,128,0.6148963821566387
task2/b2_8-4-2-2,b2,8,4,2,2,omni-1961,2 \sqrt{30},136,68180,0.0,0.0,0.0,7,0.007352941176470588,128,0.38750077307727565
task2/b2_8-4-2-2,b2,8,4,2,2,omni-1357,209,136,43884,0.014705882352941176,1.0,1.0,40,0.0,128,0.5445422717022143
task2/b2_8-4-2-2,b2,8,4,2,2,omni-0,1 + \left\lceil \frac{n}{2} \right\rceil,136,52255,0.0,0.0,0.0,10,0.0,128,0.48876298528148193
task2/b2_8-4-2-2,b2,8,4,2,2,omni-1540,1/2,136,64516,0.7352941176470589,1.0,1.0,3,0.0,128,0.5753656957163016
task2/b2_8-4-2-2,b2,8,4,2,2,omni-117,n \text{ must be odd},136,38318,0.007352941176470588,1.0,1.0,15,0.0,128,0.6174124721342099
task2/b2_8-4-2-2,b2,8,4,2,2,omni-2293,168089,136,74952,0.0,0.0,0.0,75,0.007352941176470588,128,0.5626564951443462
task2/b2_8-4-2-2,b2,8,4,2,2,omni-3710,\text{No},136,43496,0.8970588235294118,1.0,1.0,2,0.0,128,0.6700496521671709
task2/b2_8-4-2-2,b2,8,4,2,2,omni-2280,9,136,61775,0.9264705882352942,1.0,1.0,5,0.0,128,0.44389616202528526
task2/b2_8-4-2-2,b2,8,4,2,2,omni-344,"\[
\frac{63}{64}
\]",136,33365,0.0,0.0,0.0,9,0.0,128,0.5991873784200622
task2/b2_8-4-2-2,b2,8,4,2,2,omni-3076,44,136,37995,1.0,1.0,0.0,1,0.0,128,0.3580605959615139
task2/b2_8-4-2-2,b2,8,4,2,2,omni-767,\binom{109}{10},136,51002,0.007352941176470588,1.0,1.0,70,0.0,128,0.5967159050644124
task2/b2_8-4-2-2,b2,8,4,2,2,omni-2956,2,136,31251,0.014705882352941176,1.0,1.0,18,0.007352941176470588,128,0.4610925489829128
task2/b2_8-4-2-2,b2,8,4,2,2,omni-2522,1205,136,52767,0.0,0.0,0.0,89,0.0,128,0.4460931544159843
task2/b2_8-4-2-2,b2,8,4,2,2,omni-3397,y=-x+4,136,41415,0.0,0.0,0.0,19,0.0,128,0.6116822397877085
task2/b2_8-4-2-2,b2,8,4,2,2,omni-3924,C \ge 2 \ln 2,136,53730,0.0,0.0,0.0,18,0.0,128,0.5069919079053103
task2/b2_8-4-2-2,b2,8,4,2,2,omni-712,123+6\sqrt{119},136,59727,0.0,0.0,0.0,17,0.0,128,0.6020227909508453
task2/b2_8-4-2-2,b2,8,4,2,2,omni-3226,27,136,28389,1.0,1.0,0.0,1,0.0,128,0.5316769184463418
task2/b2_8-4-2-2,b2,8,4,2,2,omni-3017,1,136,26623,1.0,1.0,0.0,1,0.0,128,0.347768370620204
task2/b2_8-4-2-2,b2,8,4,2,2,omni-3699,100902018,136,97064,0.0,0.0,0.0,45,0.007352941176470588,128,0.45546731152075953
task2/b2_8-4-2-2,b2,8,4,2,2,omni-3755,"{6,7,7.5,8,8.5,9,10}",136,53121,0.0,0.0,0.0,52,0.0,128,0.6709649038022041
task2/b2_8-4-2-2,b2,8,4,2,2,omni-3467,3,136,62011,0.04411764705882353,1.0,1.0,13,0.0,128,0.3423159166914257
task2/b2_8-4-2-2,b2,8,4,2,2,omni-2787,6,136,28416,1.0,1.0,0.0,1,0.0,128,0.447109408076682
task2/b2_8-4-2-2,b2,8,4,2,2,omni-2411,\frac{20}{3},136,44673,0.0,0.0,0.0,14,0.0,128,0.5863081732497256
task2/b2_8-4-2-2,b2,8,4,2,2,omni-2708,7,136,29266,1.0,1.0,0.0,1,0.0,128,0.3853268092715017
task2/b2_8-4-2-2,b2,8,4,2,2,omni-4115,"$f(x)= 0,f(x)= 2-x, f(x)=-x$",136,43464,0.007352941176470588,1.0,1.0,17,0.0,128,0.7351437204558319
task2/b2_8-4-2-2,b2,8,4,2,2,omni-4386,\text{yes},136,38137,0.5073529411764706,1.0,1.0,2,0.0,128,0.606286686816433
task2/b2_8-4-2-2,b2,8,4,2,2,omni-2084,12,136,92454,0.07352941176470588,1.0,1.0,30,0.007352941176470588,128,0.4606605482472189
task2/b2_8-4-2-2,b2,8,4,2,2,omni-1341,581,136,108408,0.0,0.0,0.0,48,0.014705882352941176,128,0.5000469119764648
task2/b2_8-4-2-2,b2,8,4,2,2,omni-3423,37.5\%,136,36833,0.07352941176470588,1.0,1.0,2,0.0,128,0.40229610052377146
task2/b2_8-4-2-2,b2,8,4,2,2,omni-3819,"f(x) = \begin{cases}
\frac{2}{2 - x}, & 0 \leq x < 2, \\
0, & x \geq 2.
\end{cases}",136,66645,0.8897058823529411,1.0,1.0,29,0.0,128,0.5592965982674377
task2/b2_8-4-2-2,b2,8,4,2,2,omni-2653,932,136,71860,0.0,0.0,0.0,25,0.0,128,0.5488940071628682
task2/b2_8-4-2-2,b2,8,4,2,2,omni-3827,f(x) = 0 \text{ and } f(x) = x - 1.,136,47857,0.0,0.0,0.0,5,0.0,128,0.6585772749786856
task2/b2_8-4-2-2,b2,8,4,2,2,omni-312,"The largest integer \( n \) such that there exist monic quadratic polynomials \( p_{1}(x), p_{2}(x), p_{3}(x) \) with integer coefficients so that for all integers \( i \in[1, n] \) there exists some \( j \in[1,3] \) and \( m \in \mathbb{Z} \) such that \( p_{j}(m)=i \) is \( \boxed{9} \).",136,56755,0.3602941176470588,1.0,1.0,12,0.0,128,0.5967293555240285
task2/b2_8-4-2-2,b2,8,4,2,2,omni-327,\[ 1979 \],136,37289,0.15441176470588236,1.0,1.0,13,0.0,128,0.5544129776791552
task2/b2_8-4-2-2,b2,8,4,2,2,omni-3441,10^{3} \text{ and } 10^{4},136,20249,0.9411764705882353,1.0,1.0,3,0.0,128,0.47219085899663626
task2/b2_8-4-2-2,b2,8,4,2,2,omni-3404,\frac{5}{12},136,41163,0.4264705882352941,1.0,1.0,12,0.0,128,0.3420907346636029
task2/b2_8-4-2-2,b2,8,4,2,2,omni-246,\[\frac{(m+n)!}{(m-n)!} = \prod_{i=1}^{n}\left(m^{2}+m-i^{2}+i\right)\],136,58832,1.0,1.0,0.0,2,0.0,128,0.5902882638913988
task2/b2_8-4-2-2,b2,8,4,2,2,omni-2943,3,136,41349,1.0,1.0,0.0,1,0.0,128,0.3362758387163965
task2/b2_8-4-2-2,b2,8,4,2,2,omni-577,"(16,4,1),(1,16,4)",136,95091,0.0,0.0,0.0,45,0.022058823529411766,128,0.5346299588602215
task2/b2_8-4-2-2,b2,8,4,2,2,omni-3023,9,136,46187,0.9485294117647058,1.0,1.0,5,0.0,128,0.49578702665097335
task2/b2_8-4-2-2,b2,8,4,2,2,omni-4188,$\text { We conclude that } I\star (M\star O) = (O\star I)\star M \text { if } \triangle IMO \text{ is positively oriented and is isosceles with } OI = OM \text { and } \angle IOM=\frac{2\pi}{3}.$,136,67401,0.0,0.0,0.0,35,0.014705882352941176,128,0.4626738742691513
task2/b2_8-4-2-2,b2,8,4,2,2,omni-1140,20,136,35465,0.38235294117647056,1.0,1.0,16,0.014705882352941176,128,0.6032770553205182
task2/b2_8-4-2-2,b2,8,4,2,2,omni-809,96,136,72175,0.09558823529411764,1.0,1.0,56,0.007352941176470588,128,0.5231389518227567
task2/b2_8-4-2-2,b2,8,4,2,2,omni-1675,21,136,72627,0.22058823529411764,1.0,1.0,27,0.007352941176470588,128,0.6319873328239435
task2/b2_8-4-2-2,b2,8,4,2,2,omni-3267,"(j,k) = (2019, 1010)",136,47808,0.007352941176470588,1.0,1.0,26,0.0,128,0.5338953278185204
task2/b2_8-4-2-2,b2,8,4,2,2,omni-1816,35,136,33890,0.014705882352941176,1.0,1.0,22,0.0,128,0.5253244259782808
task2/b2_8-4-2-2,b2,8,4,2,2,omni-4008,-\frac{1}{8},136,43630,0.8529411764705882,1.0,1.0,2,0.0,128,0.6204134463902801
task2/b2_8-4-2-2,b2,8,4,2,2,omni-2356,1006,136,49194,0.4411764705882353,1.0,1.0,7,0.0,128,0.46042272882567414
task2/b2_8-4-2-2,b2,8,4,2,2,omni-1551,-18910,136,56513,0.0,0.0,0.0,28,0.0,128,0.5453670180731663
task2/b2_8-4-2-2,b2,8,4,2,2,omni-1225,"r = 4, s = 5",136,71497,0.8235294117647058,1.0,1.0,15,0.0,128,0.39870964633169426
task2/b2_8-4-2-2,b2,8,4,2,2,omni-1762,\log _{2} 2015-1,136,49285,0.7058823529411765,1.0,1.0,23,0.0,128,0.5704341037945698
task2/b2_8-4-2-2,b2,8,4,2,2,omni-944,5,136,50714,0.0,0.0,0.0,7,0.0,128,0.5622687586505876
task2/b2_8-4-2-2,b2,8,4,2,2,omni-1806,1,136,24265,0.41911764705882354,1.0,1.0,8,0.0,128,0.5985749924505223
task2/b2_8-4-2-2,b2,8,4,2,2,omni-370,14,136,39805,0.8897058823529411,1.0,1.0,7,0.0,128,0.4692724050341706
task2/b2_8-4-2-2,b2,8,4,2,2,omni-749,\frac{2}{3},136,53118,0.0,0.0,0.0,19,0.007352941176470588,128,0.39651726013540656
task2/b2_8-4-2-2,b2,8,4,2,2,omni-3925,"$(p,n)=(p,p),(2,4)$",136,53577,0.0,0.0,0.0,26,0.0,128,0.6037237684829734
task2/b2_8-4-2-2,b2,8,4,2,2,omni-1809,\frac{1+\sqrt{5}}{2},136,53034,0.9264705882352942,1.0,1.0,3,0.0,128,0.3744741144437456
task2/b2_8-4-2-2,b2,8,4,2,2,omni-322,The only possible value for the center is \( 18 \).,136,66565,0.007352941176470588,1.0,1.0,17,0.0,128,0.5321897254876096
task2/b2_8-4-2-2,b2,8,4,2,2,omni-475,144,136,40804,0.0,0.0,0.0,9,0.0,128,0.5252691427695818
task2/b2_8-4-2-2,b2,8,4,2,2,omni-1432,\frac{1005}{1006},136,61045,0.022058823529411766,1.0,1.0,11,0.0,128,0.6448464745109272
task2/b2_8-4-2-2,b2,8,4,2,2,omni-2055,27,136,36954,0.022058823529411766,1.0,1.0,10,0.0,128,0.5822763135070483
task2/b2_8-4-2-2,b2,8,4,2,2,omni-1104,283,136,126252,0.0,0.0,0.0,16,0.0,128,0.33474132439268567
task2/b2_8-4-2-2,b2,8,4,2,2,omni-3178,"The coordinates of $R(x,y)$ are $(x+n,y)$.",136,37816,0.0661764705882353,1.0,1.0,16,0.0,128,0.6856503595848435
task2/b2_8-4-2-2,b2,8,4,2,2,omni-1827,"Two continuous arcs from the circle with diameter 4,4",136,41902,0.0,0.0,0.0,19,0.0,128,0.41480723656663643
task2/b2_8-4-2-2,b2,8,4,2,2,omni-3648,f(x) = \frac{1}{x},136,69525,0.25,1.0,1.0,7,0.0,128,0.5232187054816185
task2/b2_8-4-2-2,b2,8,4,2,2,omni-318,\[ 36 \],136,34154,0.0,0.0,0.0,8,0.0,128,0.6831335343968288
task2/b2_8-4-2-2,b2,8,4,2,2,omni-683,\frac{216 \pi^{3}-2187 \sqrt{3}}{8 \pi^{2}},136,68362,0.0,0.0,0.0,27,0.0,128,0.4905520246607757
task2/b2_8-4-2-2,b2,8,4,2,2,omni-19,69,136,49561,0.0,0.0,0.0,7,0.0,128,0.536754511550816
task2/b2_8-4-2-2,b2,8,4,2,2,omni-1492,"(0,0) \text{ and } (1,1)",136,67979,0.7205882352941176,1.0,1.0,8,0.03676470588235294,128,0.5660893054642886
task2/b2_8-4-2-2,b2,8,4,2,2,omni-948,\frac{224}{243},136,61059,0.0,0.0,0.0,80,0.007352941176470588,128,0.4213656140703409
task2/b2_8-4-2-2,b2,8,4,2,2,omni-152,A positive integral solution exists.,136,37407,0.0,0.0,0.0,3,0.0,128,0.7157854845420796
task2/b2_8-4-2-2,b2,8,4,2,2,omni-4050,f(x) = c \log(x) \text{ or } f(x) = cx^k.,136,61645,0.0,0.0,0.0,55,0.0,128,0.5277524808815351
task2/b2_8-4-2-2,b2,8,4,2,2,omni-72,\lceil \frac{n}{t} \rceil,136,38920,0.3382352941176471,1.0,1.0,9,0.0,128,0.490593075683504
task2/b2_8-4-2-2,b2,8,4,2,2,omni-2770,80,136,44364,0.16176470588235295,1.0,1.0,8,0.029411764705882353,128,0.5706007782155432
task2/b2_8-4-2-2,b2,8,4,2,2,omni-3234,\frac{1}{3},136,92888,0.3602941176470588,1.0,1.0,13,0.0,128,0.47876980674036873
task2/b2_8-4-2-2,b2,8,4,2,2,omni-1471,30,136,20969,1.0,1.0,0.0,1,0.0,128,0.5572063621491163
task2/b2_8-4-2-2,b2,8,4,2,2,omni-890,240,136,87750,0.17647058823529413,1.0,1.0,30,0.0,128,0.5103445833623723
task2/b2_8-4-2-2,b2,8,4,2,2,omni-4077,$\boxed{2^{19} \cdot 3^{10} \cdot 5^{4} \cdot 3^{3} \cdot 11\cdot 13\cdot 17\cdot 19}$,136,55590,0.0,0.0,0.0,58,0.0,128,0.5827051762445333
task2/b2_8-4-2-2,b2,8,4,2,2,omni-539,12,136,40250,0.007352941176470588,1.0,1.0,28,0.0,128,0.5825442542044931
task2/b2_8-4-2-2,b2,8,4,2,2,omni-4251,"{x \in \mathbb{Z} \cup \bigcup_{n = 1} ^{\infty} (n, \sqrt{(n-1)^2 + 1} + 1)}",136,68980,0.04411764705882353,1.0,1.0,63,0.0,128,0.6032835462450502
task2/b2_8-4-2-2,b2,8,4,2,2,omni-1803,f(x) = \lfloor x \rfloor,136,54759,0.007352941176470588,1.0,1.0,11,0.0,128,0.6353294912416153
task2/b2_8-4-2-2,b2,8,4,2,2,omni-1652,\frac{19}{18},136,58062,0.125,1.0,1.0,31,0.007352941176470588,128,0.4793108828104478
task2/b2_8-4-2-2,b2,8,4,2,2,omni-3096,236,136,41959,0.8161764705882353,1.0,1.0,3,0.0,128,0.38416060554661297
task2/b2_8-4-2-2,b2,8,4,2,2,omni-4269,"\tan(\sin x) > \sin(\tan x) \text{ for } x \in \left(0, \frac{\pi}{2}\right)",136,51901,0.0,0.0,0.0,19,0.0,128,0.544593584698749
task2/b2_8-4-2-2,b2,8,4,2,2,omni-2607,7174,136,75379,0.0,0.0,0.0,72,0.0,128,0.41763429233209887
task2/b2_8-4-2-2,b2,8,4,2,2,omni-3853,3,136,42320,0.08088235294117647,1.0,1.0,8,0.0,128,0.545553082043331
task2/b2_8-4-2-2,b2,8,4,2,2,omni-1316,2003,136,47160,1.0,1.0,0.0,1,0.0,128,0.43427089618420756
task2/b2_8-4-2-2,b2,8,4,2,2,omni-275,The function \( f(x) = kx \) for any real value of \( k \).,136,51515,0.0,0.0,0.0,8,0.007352941176470588,128,0.6134296104997942
task2/b2_8-4-2-2,b2,8,4,2,2,omni-3422,4^{7},136,30800,1.0,1.0,0.0,1,0.0,128,0.4697600952691203
task2/b2_8-4-2-2,b2,8,4,2,2,omni-537,33^{\circ},136,44814,0.0,0.0,0.0,16,0.0,128,0.48327468712173854
task2/b2_8-4-2-2,b2,8,4,2,2,omni-1043,20,136,138886,0.014705882352941176,1.0,1.0,23,0.0,128,0.3532619668409149
task2/b2_8-4-2-2,b2,8,4,2,2,omni-1154,\frac{4}{9},136,66902,0.022058823529411766,1.0,1.0,6,0.0,128,0.4529711530896663
task2/b2_8-4-2-2,b2,8,4,2,2,omni-3167,2\sqrt{2} - 1,136,62611,0.16911764705882354,1.0,1.0,20,0.0,128,0.5444234382786838
task2/b2_8-4-2-2,b2,8,4,2,2,omni-862,403,136,63913,0.022058823529411766,1.0,1.0,35,0.0,128,0.31547030914381946
task2/b2_8-4-2-2,b2,8,4,2,2,omni-2767,44,136,47004,0.007352941176470588,1.0,1.0,30,0.0,128,0.4358281387287757
task2/b2_8-4-2-2,b2,8,4,2,2,omni-3211,\frac{\pi \log(2)}{8},136,63019,0.0,0.0,0.0,8,0.0,128,0.5721187230038085
task2/b2_8-4-2-2,b2,8,4,2,2,omni-3982,4,136,49347,0.8382352941176471,1.0,1.0,8,0.0,128,0.6565297163932339
task2/b2_8-4-2-2,b2,8,4,2,2,omni-4154,"(p, x, y) \in \{(3, 2, 5), (3, 5, 2)\} \cup \{(2, n, 2^k - n) \mid 0 < n < 2^k\}",136,73029,0.007352941176470588,1.0,1.0,37,0.0,128,0.5288916760163718
task2/b2_8-4-2-2,b2,8,4,2,2,omni-812,433755,136,39269,0.0,0.0,0.0,21,0.0,128,0.44451013931548106
task2/b2_8-4-2-2,b2,8,4,2,2,omni-4068,\lambda \ge \frac{1}{n-1},136,34053,0.0,0.0,0.0,11,0.0,128,0.6209808370888309
task2/b2_8-4-2-2,b2,8,4,2,2,omni-240,The composite positive integers \( n \) for which it is possible to arrange all divisors of \( n \) that are greater than 1 in a circle so that no two adjacent divisors are relatively prime are those \( n \) that are not of the form \( pq \) where \( p \) and \( q \) are distinct primes.,136,41275,0.0,0.0,0.0,63,0.0,128,0.6221377738390882
task2/b2_8-4-2-2,b2,8,4,2,2,omni-1173,Yes,136,47478,0.029411764705882353,1.0,1.0,2,0.007352941176470588,128,0.6880210828733382
task2/b2_8-4-2-2,b2,8,4,2,2,omni-3980,m \text{ is a prime number},136,43786,0.14705882352941177,1.0,1.0,47,0.0,128,0.7373023330337962
task2/b2_8-4-2-2,b2,8,4,2,2,omni-2308,210,136,30871,0.0,0.0,0.0,25,0.0,128,0.678678486299933
task2/b2_8-4-2-2,b2,8,4,2,2,omni-604,\frac{16}{3},136,87545,0.03676470588235294,1.0,1.0,30,0.0,128,0.4397637296897564
task2/b2_8-4-2-2,b2,8,4,2,2,omni-3907,\frac{1}{4},136,52245,0.10294117647058823,1.0,1.0,5,0.0,128,0.6263150206886248
task2/b2_8-4-2-2,b2,8,4,2,2,omni-9,561,136,26327,0.0,0.0,0.0,16,0.0,128,0.5448910249727512
task2/b2_8-4-2-2,b2,8,4,2,2,omni-1954,32,136,52012,0.08823529411764706,1.0,1.0,15,0.0,128,0.5376970994222364
task2/b2_8-4-2-2,b2,8,4,2,2,omni-893,1024,136,28177,1.0,1.0,0.0,1,0.0,128,0.49011696287802664
task2/b2_8-4-2-2,b2,8,4,2,2,omni-3645,19,136,53203,0.8382352941176471,1.0,1.0,6,0.0,128,0.6155068082856614
task2/b2_8-4-2-2,b2,8,4,2,2,omni-1529,\frac{79}{20},136,30315,0.0,0.0,0.0,9,0.0,128,0.6176890890206188
task2/b2_8-4-2-2,b2,8,4,2,2,omni-316,\[ f(x) = x + 1 \],136,71526,0.3602941176470588,1.0,1.0,9,0.007352941176470588,128,0.5316128910665637
task2/b2_8-4-2-2,b2,8,4,2,2,omni-3435,7,136,30675,0.9117647058823529,1.0,1.0,3,0.0,128,0.6057233661418606
task2/b2_8-4-2-2,b2,8,4,2,2,omni-3984,3 \text{ and } 4,136,40253,0.3088235294117647,1.0,1.0,9,0.0,128,0.7588609288107214
task2/b2_8-4-2-2,b2,8,4,2,2,omni-3047,28,136,53503,0.47058823529411764,1.0,1.0,14,0.04411764705882353,128,0.564859596599491
task2/b2_8-4-2-2,b2,8,4,2,2,omni-4376,\text{Yes},136,53480,0.41911764705882354,1.0,1.0,5,0.0,128,0.6461208244985884
task2/b2_8-4-2-2,b2,8,4,2,2,omni-3032,3,136,29439,0.9632352941176471,1.0,1.0,2,0.0,128,0.4246191286057815
task2/b2_8-4-2-2,b2,8,4,2,2,omni-1725,16,136,70364,0.029411764705882353,1.0,1.0,65,0.0,128,0.30964342752347856
task2/b2_8-4-2-2,b2,8,4,2,2,omni-589,There is no such function \( f: S \rightarrow S \).,136,41817,0.0,0.0,0.0,5,0.0,128,0.6445954450379834
task2/b2_8-4-2-2,b2,8,4,2,2,omni-826,\frac{\sqrt{30}}{2},136,75554,0.0,0.0,0.0,13,0.03676470588235294,128,0.4608575640760938
task2/b2_8-4-2-2,b2,8,4,2,2,omni-1296,2002,136,57083,0.8455882352941176,1.0,1.0,10,0.0,128,0.5466012066081756
task2/b2_8-4-2-2,b2,8,4,2,2,omni-108,41,136,96963,0.014705882352941176,1.0,1.0,11,0.0,128,0.5757577435255272
task2/b2_8-4-2-2,b2,8,4,2,2,omni-1256,41,136,37729,0.5,1.0,1.0,11,0.0,128,0.6894987939702705
task2/b2_8-4-2-2,b2,8,4,2,2,omni-1967,6,136,30147,0.0,0.0,0.0,3,0.0,128,0.5922688649057763
task2/b2_8-4-2-2,b2,8,4,2,2,omni-3394,4,136,19565,1.0,1.0,0.0,1,0.0,128,0.46022128603101325
task2/b2_8-4-2-2,b2,8,4,2,2,omni-3671,\frac{1}{2^{1007}},136,42344,0.08823529411764706,1.0,1.0,13,0.0,128,0.6240522117569666
task2/b2_8-4-2-2,b2,8,4,2,2,omni-523,(2i-1)/4,136,55608,0.0,0.0,0.0,16,0.0,128,0.44363505170405027
task2/b2_8-4-2-2,b2,8,4,2,2,omni-4051,f(x) = 2x \text{ and } f(x) = 0,136,56866,0.16911764705882354,1.0,1.0,13,0.0,128,0.6220690075477624
task2/b2_8-4-2-2,b2,8,4,2,2,omni-1069,2048,136,25679,0.0,0.0,0.0,6,0.0,128,0.5246267780391658
task2/b2_8-4-2-2,b2,8,4,2,2,omni-4328,"f(x) = \begin{cases}
-(1-x)^c + 1 &\text{ if $x < 1$} \\
1 &\text{ if $x = 1$} \\
k(x-1)^c + 1 &\text{ if $x > 1$}
\end{cases}, \text{ for some real constants }c \geq 0, k > 0",136,64587,0.47058823529411764,1.0,1.0,99,0.0,128,0.5371229811138382
task2/b2_8-4-2-2,b2,8,4,2,2,omni-820,54^{\circ},136,34989,0.4117647058823529,1.0,1.0,8,0.0,128,0.5795708928370323
task2/b2_8-4-2-2,b2,8,4,2,2,omni-2101,1019088,136,42446,0.007352941176470588,1.0,1.0,27,0.0,128,0.37465350466842257
task2/b2_8-4-2-2,b2,8,4,2,2,omni-346,\[ A = -7 \],136,50487,0.03676470588235294,1.0,1.0,40,0.0,128,0.6271799510489152
task2/b2_8-4-2-2,b2,8,4,2,2,omni-3757,\frac{2}{5} \cdot 9^n - \frac{2}{5} \cdot (-1)^n,136,35860,0.0,0.0,0.0,18,0.0,128,0.4318713821402944
task2/b2_8-4-2-2,b2,8,4,2,2,omni-1134,23/144,136,58607,0.0,0.0,0.0,45,0.0,128,0.4445698801439749
task2/b2_8-4-2-2,b2,8,4,2,2,omni-292,"There does not exist a strictly increasing eight-term arithmetic progression \(a_{1}, \ldots, a_{8}\) of odd positive integers such that \(r(a_{1}), \ldots, r(a_{8})\) is an arithmetic progression in that order.",136,38782,0.0,0.0,0.0,2,0.0,128,0.6819920078586483
task2/b2_8-4-2-2,b2,8,4,2,2,omni-1062,45,136,68167,0.09558823529411764,1.0,1.0,49,0.0,128,0.6486416050872266
task2/b2_8-4-2-2,b2,8,4,2,2,omni-4284,\text{Yes},136,36692,0.8529411764705882,1.0,1.0,3,0.0,128,0.654645599417575
task2/b2_8-4-2-2,b2,8,4,2,2,omni-814,1,136,39836,0.9191176470588235,1.0,1.0,4,0.0,128,0.6428293531357494
task2/b2_8-4-2-2,b2,8,4,2,2,omni-3494,15,136,34121,0.2647058823529412,1.0,1.0,8,0.0,128,0.6616228081692571
task2/b2_8-4-2-2,b2,8,4,2,2,omni-693,29,136,53419,0.014705882352941176,1.0,1.0,14,0.014705882352941176,128,0.6348312794660942
task2/b2_8-4-2-2,b2,8,4,2,2,omni-2374,2^{2013}-6036,136,89353,0.8529411764705882,1.0,1.0,6,0.0,128,0.2700127242191217
task2/b2_8-4-2-2,b2,8,4,2,2,omni-2137,12345,136,69406,0.0,0.0,0.0,93,0.0,128,0.46400078229492253
task2/b2_8-4-2-2,b2,8,4,2,2,omni-4072,$\text{第二个玩家有获胜策略，当且仅当} \displaystyle n \leq \varphi k \text{和}  \displaystyle k \leq \varphi n \text{而且}  \displaystyle \varphi=\frac{\sqrt{5}+1}{2}$,136,43317,0.0,0.0,0.0,19,0.007352941176470588,128,0.5755440101649532
task2/b2_8-4-2-2,b2,8,4,2,2,omni-2962,8 \text{ p.m. on Saturday},136,19850,0.9632352941176471,1.0,1.0,6,0.007352941176470588,128,0.4587658969449383
task2/b2_8-4-2-2,b2,8,4,2,2,omni-4058,\text{No},136,49388,0.9264705882352942,1.0,1.0,2,0.0,128,0.6185537005260358
task2/b2_8-4-2-2,b2,8,4,2,2,omni-2636,2530,136,24795,0.0,0.0,0.0,3,0.0,128,0.557406448082668
task2/b2_8-4-2-2,b2,8,4,2,2,omni-543,48,136,32065,0.11764705882352941,1.0,1.0,18,0.0,128,0.5900408080647899
task2/b2_8-4-2-2,b2,8,4,2,2,omni-1219,\frac{19}{28},136,65848,0.0,0.0,0.0,59,0.0,128,0.2938501321533391
task2/b2_8-4-2-2,b2,8,4,2,2,omni-742,2402,136,82453,0.6544117647058824,1.0,1.0,16,0.007352941176470588,128,0.505213035890882
task2/b2_8-4-2-2,b2,8,4,2,2,omni-3950,2^n - 1,136,39650,0.014705882352941176,1.0,1.0,10,0.0,128,0.5813029807238778
task2/b2_8-4-2-2,b2,8,4,2,2,omni-4042,f(x) = c \text{ for any } c > 0.,136,55067,0.04411764705882353,1.0,1.0,70,0.0,128,0.6044730172771744
task2/b2_8-4-2-2,b2,8,4,2,2,omni-1957,60\left(1-\left(\frac{1}{10}\right)^{\frac{1}{9}}\right),136,65989,0.0,0.0,0.0,8,0.0,128,0.5321636334089817
task2/b2_8-4-2-2,b2,8,4,2,2,omni-4029,"\text{For } n = 3, \text{ it is not possible. For } n = 2, \text{ it is possible.}",136,43072,0.0,0.0,0.0,13,0.0,128,0.5120224997659483
task2/b2_8-4-2-2,b2,8,4,2,2,omni-3759,2,136,44402,0.8970588235294118,1.0,1.0,3,0.0,128,0.6079592040523832
task2/b2_8-4-2-2,b2,8,4,2,2,omni-2839,9,136,79330,0.04411764705882353,1.0,1.0,8,0.0,128,0.4586271828885045
task2/b2_8-4-2-2,b2,8,4,2,2,omni-2427,199 \pi,136,28765,1.0,1.0,0.0,1,0.0,128,0.33092243218321454
task2/b2_8-4-2-2,b2,8,4,2,2,omni-3641,f(n) = 1 \text{ for all } n \in \mathbb{N} \text{ or } f(n) = n^2 \text{ for all } n \in \mathbb{N}.,136,56645,0.0661764705882353,1.0,1.0,15,0.0,128,0.5566134749332342
task2/b2_8-4-2-2,b2,8,4,2,2,omni-2092,\frac{189}{2},136,45950,0.0,0.0,0.0,5,0.0,128,0.5266816891471582
task2/b2_8-4-2-2,b2,8,4,2,2,omni-2501,20,136,69172,0.10294117647058823,1.0,1.0,30,0.014705882352941176,128,0.6625753901958646
task2/b2_8-4-2-2,b2,8,4,2,2,omni-3401,62\%,136,11388,1.0,1.0,0.0,2,0.0,128,0.5064172835827839
task2/b2_8-4-2-2,b2,8,4,2,2,omni-2658,648,136,50811,0.0,0.0,0.0,39,0.007352941176470588,128,0.6332050880860354
task2/b2_8-4-2-2,b2,8,4,2,2,omni-2829,8,136,16296,0.9926470588235294,1.0,1.0,2,0.0,128,0.4646196609427018
task2/b2_8-4-2-2,b2,8,4,2,2,omni-1703,105,136,44464,1.0,1.0,0.0,1,0.0,128,0.39938843403160457
task2/b2_8-4-2-2,b2,8,4,2,2,omni-3317,23097,136,44115,0.0,0.0,0.0,30,0.007352941176470588,128,0.6922316514238795
task2/b2_8-4-2-2,b2,8,4,2,2,omni-1144,1/5,136,112592,0.04411764705882353,1.0,1.0,56,0.007352941176470588,128,0.28467474025786527
task2/b2_8-4-2-2,b2,8,4,2,2,omni-2704,9 \mathrm{~km} / \mathrm{h},136,48567,1.0,1.0,0.0,1,0.0,128,0.3464509134911809
task2/b2_8-4-2-2,b2,8,4,2,2,omni-3626,2k - 1,136,30410,0.0,0.0,0.0,12,0.0,128,0.5467081360295233
task2/b2_8-4-2-2,b2,8,4,2,2,omni-4043,"(a, a+1)",136,90433,0.0,0.0,0.0,53,0.007352941176470588,128,0.5282247696788664
task2/b2_8-4-2-2,b2,8,4,2,2,omni-1167,\frac{A B^{2}}{A C^{2}},136,42332,0.15441176470588236,1.0,1.0,42,0.007352941176470588,128,0.48215468569645914
task2/b2_8-4-2-2,b2,8,4,2,2,omni-2469,\sqrt[4]{2},136,29797,1.0,1.0,0.0,3,0.0,128,0.493608714061348
task2/b2_8-4-2-2,b2,8,4,2,2,omni-750,89,136,51914,1.0,1.0,0.0,1,0.0,128,0.3455213128222964
task2/b2_8-4-2-2,b2,8,4,2,2,omni-270,"The minimal total penalty a player can amass is:
\[ \min(BW, 2WR, 3RB) \]

The number of optimal strategies is:
- If \( BW \neq 2WR \neq 3RB \), there is \( 1 \) optimal strategy.
- If \( BW = 2WR < 3RB \), there are \( W+1 \) strategies.
- If \( 2WR = 3RB < BW \), there are \( R+1 \) strategies.
- If \( 3RB = BW < 2WR \), there are \( B+1 \) strategies.
- If \( BW = 2WR = 3RB \), there are \( R+B+W \) strategies.",136,44129,0.007352941176470588,1.0,1.0,87,0.007352941176470588,128,0.5720398905420524
task2/b2_8-4-2-2,b2,8,4,2,2,omni-657,1545,136,69660,0.0,0.0,0.0,70,0.0,128,0.45513699974059035
task2/b2_8-4-2-2,b2,8,4,2,2,omni-2254,"(30,92) \text{ OR } (92,30)",136,106817,0.0,0.0,0.0,66,0.007352941176470588,128,0.48285939071718503
task2/b2_8-4-2-2,b2,8,4,2,2,omni-2746,1: 2,136,43048,0.9779411764705882,1.0,1.0,3,0.0,128,0.3572495751096983
task2/b2_8-4-2-2,b2,8,4,2,2,omni-1396,f(n)=\left\{\begin{array}{cl} 0 & \text { if } n \text { is even } \\ \frac{1}{2 n} & \text { if } n \text { is odd } \end{array}\right.,136,59843,0.0,0.0,0.0,13,0.0,128,0.5433033311174554
task2/b2_8-4-2-2,b2,8,4,2,2,omni-606,1+\sqrt{\frac{7}{15}},136,65806,0.0,0.0,0.0,15,0.0,128,0.4745100435468631
task2/b2_8-4-2-2,b2,8,4,2,2,omni-950,\binom{100}{50} 2^{98},136,43732,0.0,0.0,0.0,43,0.03676470588235294,128,0.44599945013528025
task2/b2_8-4-2-2,b2,8,4,2,2,omni-500,28,136,41822,0.0,0.0,0.0,23,0.0,128,0.6238336198717424
task2/b2_8-4-2-2,b2,8,4,2,2,omni-2466,3680,136,74872,0.7867647058823529,1.0,1.0,15,0.0,128,0.3467495141446277
task2/b2_8-4-2-2,b2,8,4,2,2,omni-1633,323,136,31915,0.0,0.0,0.0,24,0.0,128,0.4930289516966581
task2/b2_8-4-2-2,b2,8,4,2,2,omni-1326,714,136,39642,0.0,0.0,0.0,6,0.0,128,0.4793514090080019
task2/b2_8-4-2-2,b2,8,4,2,2,omni-3863,59,136,42583,0.0,0.0,0.0,12,0.0,128,0.48918286298790803
task2/b2_8-4-2-2,b2,8,4,2,2,omni-101,7,136,30615,0.0,0.0,0.0,1,0.0,128,0.3538597319349297
task2/b2_8-4-2-2,b2,8,4,2,2,omni-3947,(2n-1)!!,136,32450,0.0,0.0,0.0,18,0.0,128,0.5557793488558193
task2/b2_8-4-2-2,b2,8,4,2,2,omni-661,3 \sqrt{3} / 2,136,39248,0.0,0.0,0.0,10,0.0,128,0.41981607293662176
task2/b2_8-4-2-2,b2,8,4,2,2,omni-3101,33,136,50149,0.3235294117647059,1.0,1.0,15,0.0,128,0.46239121482105244
task2/b2_8-4-2-2,b2,8,4,2,2,omni-2123,\frac{21}{2},136,66998,0.1323529411764706,1.0,1.0,21,0.0,128,0.5181556062923521
task2/b2_8-4-2-2,b2,8,4,2,2,omni-2670,19,136,20824,1.0,1.0,0.0,1,0.0,128,0.5003381721054206
task2/b2_8-4-2-2,b2,8,4,2,2,omni-120,199,136,93761,0.0,0.0,0.0,14,0.0,128,0.6061542598103826
task2/b2_8-4-2-2,b2,8,4,2,2,omni-801,\frac{116}{35},136,50646,0.0,0.0,0.0,21,0.0,128,0.45803285404424277
task2/b2_8-4-2-2,b2,8,4,2,2,omni-3896,"2, 3, 4, 6, 8, 12, 24",136,70223,0.0,0.0,0.0,22,0.0,128,0.4617023788437578
task2/b2_8-4-2-2,b2,8,4,2,2,omni-1092,192,136,36417,0.0,0.0,0.0,7,0.0,128,0.5910423786299879
task2/b2_8-4-2-2,b2,8,4,2,2,omni-333,77,136,61857,0.0,0.0,0.0,88,0.007352941176470588,128,0.6912049276978814
task2/b2_8-4-2-2,b2,8,4,2,2,omni-3567,y = -\frac{1}{4},136,50010,0.0,0.0,0.0,35,0.0,128,0.6110522966096507
task2/b2_8-4-2-2,b2,8,4,2,2,omni-1237,20,136,59802,0.9558823529411765,1.0,1.0,6,0.0,128,0.42340459990518764
task2/b2_8-4-2-2,b2,8,4,2,2,omni-337,\[ x = 4 \],136,50348,0.9705882352941176,1.0,1.0,4,0.0,128,0.6088998090365635
task2/b2_8-4-2-2,b2,8,4,2,2,omni-2403,\frac{5}{7},136,38991,0.0,0.0,0.0,9,0.0,128,0.5973886072020813
task2/b2_8-4-2-2,b2,8,4,2,2,omni-580,7,136,69514,0.4632352941176471,1.0,1.0,10,0.0,128,0.5723834412729617
task2/b2_8-4-2-2,b2,8,4,2,2,omni-3941,"(2,2)(3,3)(1,2)(2,1)(2,3)(3,2)",136,72221,0.0,0.0,0.0,40,0.0,128,0.5474383874875496
task2/b2_8-4-2-2,b2,8,4,2,2,omni-309,"The simple modules of \( A \) are the 1-dimensional modules \( S_i \) for \( 1 \leq i \leq n \), where \( E_{ii} \) acts by 1 and \( E_{ij}, E_{jj} \) act by 0 for \( j \neq i \).",136,46508,0.0,0.0,0.0,46,0.0,128,0.5512175347544016
task2/b2_8-4-2-2,b2,8,4,2,2,omni-1622,Even,136,61115,0.3161764705882353,1.0,1.0,5,0.0,128,0.5194772425505852
task2/b2_8-4-2-2,b2,8,4,2,2,omni-3674,"(2, 3) \text{ and } (6, 15)",136,72083,0.0,0.0,0.0,39,0.0,128,0.4943247486170961
task2/b2_8-4-2-2,b2,8,4,2,2,omni-3532,The sum diverges.,136,58308,0.0,0.0,0.0,5,0.0,128,0.5517617584273308
task2/b2_8-4-2-2,b2,8,4,2,2,omni-3260,160,136,16804,1.0,1.0,0.0,1,0.0,128,0.5482561720179752
task2/b2_8-4-2-2,b2,8,4,2,2,omni-1239,-6,136,51453,0.5441176470588235,1.0,1.0,20,0.0,128,0.6112062805670302
task2/b2_8-4-2-2,b2,8,4,2,2,omni-2641,7,136,47595,0.9485294117647058,1.0,1.0,2,0.0,128,0.42154411389345686
task2/b2_8-4-2-2,b2,8,4,2,2,omni-290,\[ 4 \cdot 2007 - 3 = 8025 \],136,47330,0.0,0.0,0.0,22,0.022058823529411766,128,0.5191643250870811
task2/b2_8-4-2-2,b2,8,4,2,2,omni-4231,$1\text{ for } n=1\text{ and } n^4-n^3\text{ for }n \ge 2$,136,36014,0.0,0.0,0.0,19,0.0,128,0.5288969640747254
task2/b2_8-4-2-2,b2,8,4,2,2,omni-3774,75^\circ,136,36793,0.0,0.0,0.0,5,0.007352941176470588,128,0.5647998589605442
task2/b2_8-4-2-2,b2,8,4,2,2,omni-4243,"\[
\text{For all } n \geq 2.
\]",136,35334,0.014705882352941176,1.0,1.0,29,0.0,128,0.6152106451205581
task2/b2_8-4-2-2,b2,8,4,2,2,omni-1913,\frac{1}{2},136,41820,0.014705882352941176,1.0,1.0,7,0.0,128,0.46372879168146863
task2/b2_8-4-2-2,b2,8,4,2,2,omni-2146,\frac{15 \sqrt{37}-75}{4},136,67399,0.0,0.0,0.0,26,0.0,128,0.4420407092648693
task2/b2_8-4-2-2,b2,8,4,2,2,omni-2351,\frac{13}{3},136,50611,0.007352941176470588,1.0,1.0,21,0.0,128,0.6411090651728738
task2/b2_8-4-2-2,b2,8,4,2,2,omni-668,41,136,44124,0.0,0.0,0.0,10,0.0,128,0.6092935370917011
task2/b2_8-4-2-2,b2,8,4,2,2,omni-385,1,136,42389,0.7867647058823529,1.0,1.0,4,0.0,128,0.7087845212384494
task2/b2_8-4-2-2,b2,8,4,2,2,omni-1597,"(995,1),(176,10),(80,21)",136,111878,0.0,0.0,0.0,70,0.007352941176470588,128,0.3806415045290611
task2/b2_8-4-2-2,b2,8,4,2,2,omni-1041,\binom{43}{21}-1,136,51867,0.0,0.0,0.0,54,0.007352941176470588,128,0.534810907994671
task2/b2_8-4-2-2,b2,8,4,2,2,omni-3043,5,136,21732,0.9705882352941176,1.0,1.0,2,0.0,128,0.5520558581350546
task2/b2_8-4-2-2,b2,8,4,2,2,omni-4260,"$\boxed{(1,2,1,0), (2,0,2,0), (2,1,2,0,0), (x-3,2,1,0,0,\ldots, 0,1,0,0,0)} \text{ for any } x \ge 6$",136,58155,0.0,0.0,0.0,71,0.0,128,0.5952652604190637
task2/b2_8-4-2-2,b2,8,4,2,2,omni-929,1149852,136,62896,0.007352941176470588,1.0,1.0,41,0.0,128,0.47617305914817937
task2/b2_8-4-2-2,b2,8,4,2,2,omni-1279,"\[
\sup \{V \mid V \text{ is good} \} = \frac{1}{4}
\]",136,38344,0.0,0.0,0.0,4,0.0,128,0.5474660422356676
task2/b2_8-4-2-2,b2,8,4,2,2,omni-2069,1026,136,83020,0.0,0.0,0.0,46,0.014705882352941176,128,0.5432623019581121
task2/b2_8-4-2-2,b2,8,4,2,2,omni-2849,-y,136,14556,1.0,1.0,0.0,1,0.0,128,0.4723242118438337
task2/b2_8-4-2-2,b2,8,4,2,2,omni-26,n - 1,136,51600,0.0,0.0,0.0,3,0.0,128,0.5872867632986023
task2/b2_8-4-2-2,b2,8,4,2,2,omni-2484,25,136,56392,0.022058823529411766,1.0,1.0,38,0.0,128,0.5326562255459436
task2/b2_8-4-2-2,b2,8,4,2,2,omni-776,178,136,80873,0.21323529411764705,1.0,1.0,20,0.0,128,0.27756441659342523
task2/b2_8-4-2-2,b2,8,4,2,2,omni-3867,f(x) = -1 \text{ and } f(x) = x - 1.,136,77927,0.03676470588235294,1.0,1.0,39,0.007352941176470588,128,0.5520821753672747
task2/b2_8-4-2-2,b2,8,4,2,2,omni-4270,"\[
a_{u+vn} = 
\begin{cases} 
0, & u+v \le n, \\ 
1, & u+v \ge n+1 
\end{cases} 
\quad \text{for all } 1 \le u \le n \text{ and } 0 \le v \le n.
\]
\[
\text{The terms can be arranged into blocks of length } n \text{ as}
\]
\[
\underbrace{(0 \cdots 0)}_{n} \underbrace{(0 \cdots 0 \ 1)}_{n-1} \underbrace{(0 \cdots 0 \ 1 \ 1)}_{n-2} \cdots \underbrace{(0 \cdots 0 \ 1 \cdots 1)}_{n-v} \underbrace{(0 \ 1 \cdots 1)}_{v} \cdots \underbrace{(0 \ 1 \cdots 1)}_{n-1} \underbrace{(1 \cdots 1)}_{n}.
\]",136,62878,0.3602941176470588,1.0,1.0,70,0.0,128,0.5133555274881443
task2/b2_8-4-2-2,b2,8,4,2,2,omni-2729,2,136,22361,1.0,1.0,0.0,1,0.0,128,0.4331033564043305
task2/b2_8-4-2-2,b2,8,4,2,2,omni-3669,12,136,55105,0.0,0.0,0.0,5,0.007352941176470588,128,0.5677927581886635
task2/b2_8-4-2-2,b2,8,4,2,2,omni-2384,257,136,38945,0.0,0.0,0.0,18,0.0,128,0.5816470013986356
task2/b2_8-4-2-2,b2,8,4,2,2,omni-3153,18,136,56817,0.014705882352941176,1.0,1.0,27,0.0,128,0.3620019160237238
task2/b2_8-4-2-2,b2,8,4,2,2,omni-2130,64912347,136,43217,0.0,0.0,0.0,56,0.007352941176470588,128,0.6043090625411467
task2/b2_8-4-2-2,b2,8,4,2,2,omni-3205,8,136,17529,0.0,0.0,0.0,3,0.0,128,0.5343553749216209
task2/b2_8-4-2-2,b2,8,4,2,2,omni-3691,P(x) = x + 1,136,48806,0.13970588235294118,1.0,1.0,45,0.0,128,0.6139724721466248
task2/b2_8-4-2-2,b2,8,4,2,2,omni-1559,"-6,0,2,8",136,81204,0.0,0.0,0.0,17,0.0,128,0.4905151969170727
task2/b2_8-4-2-2,b2,8,4,2,2,omni-2724,181,136,71603,0.0,0.0,0.0,64,0.0,128,0.5359216657249506
task2/b2_8-4-2-2,b2,8,4,2,2,omni-218,"\[
\boxed{\left(\frac{c^2+c-1}{c^2}, \frac{c}{c-1}, c\right)}
\]",136,76161,0.0,0.0,0.0,14,0.0,128,0.5162672938492905
task2/b2_8-4-2-2,b2,8,4,2,2,omni-298,"The pairs of positive integers \((x, y)\) that satisfy the equation \(x^y = y^{x - y}\) are:

\[
(x, y) = (9, 3) \quad \text{and} \quad (x, y) = (8, 2)
\]",136,55563,0.029411764705882353,1.0,1.0,27,0.0,128,0.5951774731146476
task2/b2_8-4-2-2,b2,8,4,2,2,omni-186,\text{There exist infinitely many such sets } A \text{ and } B.,136,61262,0.15441176470588236,1.0,1.0,31,0.0,128,0.57088412213387
task2/b2_8-4-2-2,b2,8,4,2,2,omni-2869,12,136,35503,0.9705882352941176,1.0,1.0,3,0.0,128,0.45289447344241135
task2/b2_8-4-2-2,b2,8,4,2,2,omni-2131,-\frac{2016}{2017},136,52607,0.20588235294117646,1.0,1.0,16,0.0,128,0.42433010542560035
task2/b2_8-4-2-2,b2,8,4,2,2,omni-2804,20,136,44584,0.11029411764705882,1.0,1.0,14,0.0,128,0.658433706089895
task2/b2_8-4-2-2,b2,8,4,2,2,omni-3357,\log _{2008} 2009,136,55708,0.8676470588235294,1.0,1.0,5,0.0,128,0.5024580046127803
task2/b2_8-4-2-2,b2,8,4,2,2,omni-3751,\frac{1}{99},136,60804,0.0,0.0,0.0,11,0.0,128,0.605506527933496
task2/b2_8-4-2-2,b2,8,4,2,2,omni-2885,11,136,72106,0.029411764705882353,1.0,1.0,26,0.0,128,0.5447617094499589
task2/b2_8-4-2-2,b2,8,4,2,2,omni-12,n \neq 5,136,40831,0.0,0.0,0.0,22,0.0,128,0.6193025737770541
task2/b2_8-4-2-2,b2,8,4,2,2,omni-258,\[ N = 2k^3 + 3k^2 + 3k \],136,63799,0.0,0.0,0.0,66,0.0,128,0.5635292546903514
task2/b2_8-4-2-2,b2,8,4,2,2,omni-1291,\frac{7}{33},136,47414,0.09558823529411764,1.0,1.0,41,0.007352941176470588,128,0.4740621382678979
task2/b2_8-4-2-2,b2,8,4,2,2,omni-2556,\frac{91 \sqrt{3}}{4},136,70193,0.0,0.0,0.0,21,0.0,128,0.5637851390217712
task2/b2_8-4-2-2,b2,8,4,2,2,omni-3291,The length of the altitude of the tetrahedron from vertex \(A\) can be constructed as \(\sqrt{|A_BY'|^2 - |X'Y'|^2}\).,136,40547,0.0,0.0,0.0,38,0.0,128,0.6473109555014654
task2/b2_8-4-2-2,b2,8,4,2,2,omni-1560,4,136,55700,0.17647058823529413,1.0,1.0,4,0.0,128,0.6463705812216193
task2/b2_8-4-2-2,b2,8,4,2,2,omni-3249,"$(a,b,c) = (9,8,7)$",136,45204,0.0,0.0,0.0,12,0.0,128,0.4905058667178826
task2/b2_8-4-2-2,b2,8,4,2,2,omni-4266,\text{Yes},136,30619,0.9558823529411765,1.0,1.0,2,0.007352941176470588,128,0.6058604776740932
task2/b2_8-4-2-2,b2,8,4,2,2,omni-1685,\frac{2009}{2},136,46502,0.9705882352941176,1.0,1.0,2,0.0,128,0.4961059855458917
task2/b2_8-4-2-2,b2,8,4,2,2,omni-3051,17,136,30612,1.0,1.0,0.0,1,0.0,128,0.4042942368241587
task2/b2_8-4-2-2,b2,8,4,2,2,omni-2223,\frac{2013}{2014},136,25340,0.0,0.0,0.0,6,0.0,128,0.4834518088816034
task2/b2_8-4-2-2,b2,8,4,2,2,omni-2208,\frac{39}{67},136,33669,0.0,0.0,0.0,2,0.0,128,0.6794870602546395
task2/b2_8-4-2-2,b2,8,4,2,2,omni-941,144,136,46620,0.08088235294117647,1.0,1.0,27,0.0,128,0.6145027603395169
task2/b2_8-4-2-2,b2,8,4,2,2,omni-2479,36 \cdot 2^{2009}+36,136,47463,0.0,0.0,0.0,40,0.0,128,0.6654379809373409
task2/b2_8-4-2-2,b2,8,4,2,2,omni-3883,f(x) = 1 \text{ for all } x \in \mathbb{Q}_{>0}.,136,63759,0.25,1.0,1.0,9,0.0,128,0.517348733280415
task2/b2_8-4-2-2,b2,8,4,2,2,omni-2473,49,136,50602,0.08823529411764706,1.0,1.0,8,0.0,128,0.6178740139014384
task2/b2_8-4-2-2,b2,8,4,2,2,omni-1810,"(3,3),(-4,-4),\left(\frac{1+3 \sqrt{5}}{2}, \frac{1-3 \sqrt{5}}{2}\right),\left(\frac{1-3 \sqrt{5}}{2}, \frac{1+3 \sqrt{5}}{2}\right)",136,90415,0.47058823529411764,1.0,1.0,28,0.0,128,0.47278553103306087
task2/b2_8-4-2-2,b2,8,4,2,2,omni-4002,\text{No},136,25082,0.014705882352941176,1.0,1.0,2,0.0,128,0.6579260562685807
task2/b2_8-4-2-2,b2,8,4,2,2,omni-1572,8+5 \sqrt{3},136,87259,0.0,0.0,0.0,14,0.0,128,0.5727076186301175
task2/b2_8-4-2-2,b2,8,4,2,2,omni-1697,65536,136,24157,0.9852941176470589,1.0,1.0,1,0.007352941176470588,128,0.4510425482344082
task2/b2_8-4-2-2,b2,8,4,2,2,omni-858,945,136,48663,0.9852941176470589,1.0,1.0,3,0.0,128,0.3627100086099672
task2/b2_8-4-2-2,b2,8,4,2,2,omni-4083,{\frac{2\left(\sin\frac{\pi}{3\cdot 2^{99}}\right)\left(1-\cos\frac{\pi}{2^{98}}\right)}{\sin \frac{\pi}{2^{99}}}},136,42763,0.0,0.0,0.0,14,0.0,128,0.5812747366973678
task2/b2_8-4-2-2,b2,8,4,2,2,omni-4301,1023,136,51822,0.0,0.0,0.0,14,0.0,128,0.44500982486891744
task2/b2_8-4-2-2,b2,8,4,2,2,omni-1843,2^{2000},136,54091,0.04411764705882353,1.0,1.0,45,0.0,128,0.532149297870653
task2/b2_8-4-2-2,b2,8,4,2,2,omni-3041,5,136,122338,0.6397058823529411,1.0,1.0,6,0.014705882352941176,128,0.3563502685682586
task2/b2_8-4-2-2,b2,8,4,2,2,omni-625,-26,136,63938,0.0,0.0,0.0,28,0.0,128,0.641617258088537
task2/b2_8-4-2-2,b2,8,4,2,2,omni-167,The assertion is false; \( n = 25 \) is a counter-example.,136,34366,0.0,0.0,0.0,17,0.0,128,0.6426364566753346
task2/b2_8-4-2-2,b2,8,4,2,2,omni-2480,924,136,51043,0.007352941176470588,1.0,1.0,28,0.007352941176470588,128,0.6897708904906572
task2/b2_8-4-2-2,b2,8,4,2,2,omni-2736,20,136,14719,1.0,1.0,0.0,1,0.0,128,0.568512830526553
task2/b2_8-4-2-2,b2,8,4,2,2,omni-1240,899,136,63937,0.6176470588235294,1.0,1.0,32,0.0,128,0.4878864588758453
task2/b2_8-4-2-2,b2,8,4,2,2,omni-3857,"{P(0) \in (-\infty,0)\cup \{1\} }",136,41181,0.0,0.0,0.0,5,0.0,128,0.6405355123287219
task2/b2_8-4-2-2,b2,8,4,2,2,omni-3140,777.5,136,82281,0.0,0.0,0.0,45,0.0,128,0.5650900393008913
task2/b2_8-4-2-2,b2,8,4,2,2,omni-3175,12,136,36832,0.051470588235294115,1.0,1.0,26,0.0,128,0.5421830547100164
task2/b2_8-4-2-2,b2,8,4,2,2,omni-3731,\frac{y \pm \sqrt{y^2 - 4}}{2} \text{ where } y \text{ is an integer with } |y| \geq 2,136,54464,0.029411764705882353,1.0,1.0,13,0.0,128,0.5781670640492795
task2/b2_8-4-2-2,b2,8,4,2,2,omni-1769,26,136,90471,0.0,0.0,0.0,62,0.0,128,0.544256388511237
task2/b2_8-4-2-2,b2,8,4,2,2,omni-1193,7/15,136,105303,0.0,0.0,0.0,75,0.0,128,0.448189598657323
task2/b2_8-4-2-2,b2,8,4,2,2,omni-251,\text{No solutions},136,67466,0.19117647058823528,1.0,1.0,20,0.0,128,0.6502218474744946
task2/b2_8-4-2-2,b2,8,4,2,2,omni-643,\frac{9}{10},136,73851,0.27941176470588236,1.0,1.0,37,0.0,128,0.4675829302860857
task2/b2_8-4-2-2,b2,8,4,2,2,omni-1457,"There are two families of answers: (a) $a_{n}=c(n+2) n!$ for all $n \geq 1$ and $a_{0}=c+1$ for some integer $c \geq 2014$, and (b) $a_{n}=c(n+2) n!$ for all $n \geq 1$ and $a_{0}=c-1$ for some integer $c \geq 2016$.",136,80286,0.08823529411764706,1.0,1.0,66,0.0,128,0.5045816496345542
task2/b2_8-4-2-2,b2,8,4,2,2,omni-1677,\frac{55}{81},136,82238,0.0,0.0,0.0,84,0.0,128,0.5459810002669666
temp_0.8,b0,6,2,1,2,test/precalculus/807.json,"\left( 3, \frac{\pi}{2} \right)",8,2785,1.0,1.0,0.0,1,0.0,0,
temp_0.8,b0,6,2,1,2,test/intermediate_algebra/1994.json,p - q,8,5062,0.875,1.0,1.0,2,0.0,0,
temp_0.8,b0,6,2,1,2,test/algebra/2584.json,\frac{14}{3},8,3923,1.0,1.0,0.0,1,0.0,0,
temp_0.8,b0,6,2,1,2,test/number_theory/572.json,9,8,3828,1.0,1.0,0.0,1,0.0,0,
temp_0.8,b0,6,2,1,2,test/algebra/1349.json,\text{Evelyn},8,4370,1.0,1.0,0.0,1,0.0,0,
temp_0.8,b0,6,2,1,2,test/prealgebra/1622.json,42,8,2156,1.0,1.0,0.0,1,0.0,0,
temp_0.8,b0,6,2,1,2,test/number_theory/515.json,27,8,3009,1.0,1.0,0.0,1,0.0,0,
temp_0.8,b0,6,2,1,2,test/precalculus/927.json,90^\circ,8,5259,1.0,1.0,0.0,1,0.0,0,
temp_0.8,b0,6,2,1,2,test/algebra/2036.json,3\sqrt{13},8,3348,1.0,1.0,0.0,1,0.0,0,
temp_0.8,b0,6,2,1,2,test/prealgebra/1139.json,4,8,8110,0.125,1.0,1.0,5,0.0,0,
temp_0.8,b0,6,2,1,2,test/number_theory/1032.json,2220,8,3048,1.0,1.0,0.0,1,0.0,0,
temp_0.8,b0,6,2,1,2,test/intermediate_algebra/1197.json,\frac{3}{56},8,7108,0.0,0.0,0.0,5,0.0,0,
temp_0.8,b0,6,2,1,2,test/number_theory/737.json,284,8,5426,1.0,1.0,0.0,1,0.0,0,
temp_0.8,b0,6,2,1,2,test/geometry/248.json,5,8,1947,1.0,1.0,0.0,1,0.0,0,
temp_0.8,b0,6,2,1,2,test/precalculus/1303.json,\sqrt{51},8,1791,0.0,0.0,0.0,1,0.0,0,
temp_0.8,b0,6,2,1,2,test/precalculus/990.json,6 - 5i,8,5770,0.75,1.0,1.0,3,0.0,0,
temp_0.8,b0,6,2,1,2,test/intermediate_algebra/134.json,-50,8,1902,1.0,1.0,0.0,1,0.0,0,
temp_0.8,b0,6,2,1,2,test/precalculus/1199.json,\pi,8,4725,0.25,1.0,1.0,5,0.0,0,
temp_0.8,b0,6,2,1,2,test/geometry/434.json,28,8,3719,0.125,1.0,1.0,3,0.0,0,
temp_0.8,b0,6,2,1,2,test/intermediate_algebra/1000.json,3,8,6128,1.0,1.0,0.0,1,0.0,0,
temp_1.0,b0,6,2,1,2,test/precalculus/807.json,"\left( 3, \frac{\pi}{2} \right)",8,2855,1.0,1.0,0.0,1,0.0,0,
temp_1.0,b0,6,2,1,2,test/intermediate_algebra/1994.json,p - q,8,4997,1.0,1.0,0.0,1,0.0,0,
temp_1.0,b0,6,2,1,2,test/algebra/2584.json,\frac{14}{3},8,3911,1.0,1.0,0.0,1,0.0,0,
temp_1.0,b0,6,2,1,2,test/number_theory/572.json,9,8,3655,1.0,1.0,0.0,1,0.0,0,
temp_1.0,b0,6,2,1,2,test/algebra/1349.json,\text{Evelyn},8,4353,0.375,1.0,1.0,6,0.0,0,
temp_1.0,b0,6,2,1,2,test/prealgebra/1622.json,42,8,2174,1.0,1.0,0.0,1,0.0,0,
temp_1.0,b0,6,2,1,2,test/number_theory/515.json,27,8,2870,1.0,1.0,0.0,1,0.0,0,
temp_1.0,b0,6,2,1,2,test/precalculus/927.json,90^\circ,8,5621,0.875,1.0,1.0,2,0.0,0,
temp_1.0,b0,6,2,1,2,test/algebra/2036.json,3\sqrt{13},8,3320,1.0,1.0,0.0,1,0.0,0,
temp_1.0,b0,6,2,1,2,test/prealgebra/1139.json,4,8,6411,0.125,1.0,1.0,4,0.0,0,
temp_1.0,b0,6,2,1,2,test/number_theory/1032.json,2220,8,2865,1.0,1.0,0.0,1,0.0,0,
temp_1.0,b0,6,2,1,2,test/intermediate_algebra/1197.json,\frac{3}{56},8,7931,0.0,0.0,0.0,5,0.0,0,
temp_1.0,b0,6,2,1,2,test/number_theory/737.json,284,8,4368,1.0,1.0,0.0,1,0.0,0,
temp_1.0,b0,6,2,1,2,test/geometry/248.json,5,8,1961,1.0,1.0,0.0,1,0.0,0,
temp_1.0,b0,6,2,1,2,test/precalculus/1303.json,\sqrt{51},8,2161,0.125,1.0,1.0,2,0.0,0,
temp_1.0,b0,6,2,1,2,test/precalculus/990.json,6 - 5i,8,5944,0.625,1.0,1.0,4,0.0,0,
temp_1.0,b0,6,2,1,2,test/intermediate_algebra/134.json,-50,8,2067,1.0,1.0,0.0,1,0.0,0,
temp_1.0,b0,6,2,1,2,test/precalculus/1199.json,\pi,8,4444,0.125,1.0,1.0,5,0.0,0,
temp_1.0,b0,6,2,1,2,test/geometry/434.json,28,8,3824,0.125,1.0,1.0,3,0.0,0,
temp_1.0,b0,6,2,1,2,test/intermediate_algebra/1000.json,3,8,5315,1.0,1.0,0.0,1,0.0,0,
temp_1.2,b0,6,2,1,2,test/precalculus/807.json,"\left( 3, \frac{\pi}{2} \right)",8,2503,1.0,1.0,0.0,1,0.0,0,
temp_1.2,b0,6,2,1,2,test/intermediate_algebra/1994.json,p - q,8,5910,0.75,1.0,1.0,2,0.0,0,
temp_1.2,b0,6,2,1,2,test/algebra/2584.json,\frac{14}{3},8,3872,1.0,1.0,0.0,1,0.0,0,
temp_1.2,b0,6,2,1,2,test/number_theory/572.json,9,8,3448,1.0,1.0,0.0,1,0.0,0,
temp_1.2,b0,6,2,1,2,test/algebra/1349.json,\text{Evelyn},8,9961,0.0,0.0,0.0,4,0.125,0,
temp_1.2,b0,6,2,1,2,test/prealgebra/1622.json,42,8,2034,1.0,1.0,0.0,1,0.0,0,
temp_1.2,b0,6,2,1,2,test/number_theory/515.json,27,8,3058,1.0,1.0,0.0,1,0.0,0,
temp_1.2,b0,6,2,1,2,test/precalculus/927.json,90^\circ,8,5515,1.0,1.0,0.0,1,0.0,0,
temp_1.2,b0,6,2,1,2,test/algebra/2036.json,3\sqrt{13},8,3499,1.0,1.0,0.0,1,0.0,0,
temp_1.2,b0,6,2,1,2,test/prealgebra/1139.json,4,8,8519,0.0,0.0,0.0,2,0.125,0,
temp_1.2,b0,6,2,1,2,test/number_theory/1032.json,2220,8,2930,1.0,1.0,0.0,1,0.0,0,
temp_1.2,b0,6,2,1,2,test/intermediate_algebra/1197.json,\frac{3}{56},8,7627,0.0,0.0,0.0,5,0.0,0,
temp_1.2,b0,6,2,1,2,test/number_theory/737.json,284,8,4477,1.0,1.0,0.0,1,0.0,0,
temp_1.2,b0,6,2,1,2,test/geometry/248.json,5,8,1876,1.0,1.0,0.0,1,0.0,0,
temp_1.2,b0,6,2,1,2,test/precalculus/1303.json,\sqrt{51},8,2295,0.25,1.0,1.0,2,0.0,0,
temp_1.2,b0,6,2,1,2,test/precalculus/990.json,6 - 5i,8,9269,0.5,1.0,1.0,3,0.0,0,
temp_1.2,b0,6,2,1,2,test/intermediate_algebra/134.json,-50,8,2662,1.0,1.0,0.0,1,0.0,0,
temp_1.2,b0,6,2,1,2,test/precalculus/1199.json,\pi,8,4535,0.25,1.0,1.0,4,0.0,0,
temp_1.2,b0,6,2,1,2,test/geometry/434.json,28,8,6489,0.375,1.0,1.0,3,0.125,0,
temp_1.2,b0,6,2,1,2,test/intermediate_algebra/1000.json,3,8,7588,0.5,1.0,1.0,2,0.0,0,
